utc,assert_s,assert_ns,offset_us,pulse_count,soc_temp_c
2026-09-12T00:00:23Z,1789171223,005088794,5088.8,3830,46.3
2026-09-12T00:00:33Z,1789171233,005104444,5104.4,3840,47.4
2026-09-12T00:00:43Z,1789171243,005117653,5117.7,3850,46.9
2026-09-12T00:00:53Z,1789171253,005133088,5133.1,3860,45.8
2026-09-12T00:01:03Z,1789171263,005149062,5149.1,3870,46.9
2026-09-12T00:01:13Z,1789171273,005165818,5165.8,3880,48.0
2026-09-12T00:01:23Z,1789171283,005179390,5179.4,3890,47.4
2026-09-12T00:01:33Z,1789171293,005193705,5193.7,3900,46.9
2026-09-12T00:01:43Z,1789171303,005209687,5209.7,3910,48.0
2026-09-12T00:01:53Z,1789171313,005224264,5224.3,3920,47.4
2026-09-12T00:02:03Z,1789171323,005238452,5238.5,3930,48.5
2026-09-12T00:02:13Z,1789171333,005255252,5255.3,3940,48.0
2026-09-12T00:02:23Z,1789171343,005269626,5269.6,3950,49.0
2026-09-12T00:02:33Z,1789171353,005283017,5283.0,3960,48.0
2026-09-12T00:02:43Z,1789171363,005300834,5300.8,3970,48.5
2026-09-12T00:02:53Z,1789171373,005314575,5314.6,3980,48.5
2026-09-12T00:03:03Z,1789171383,005329278,5329.3,3990,49.0
2026-09-12T00:03:13Z,1789171393,005343683,5343.7,4000,48.5
2026-09-12T00:03:23Z,1789171403,005359456,5359.5,4010,48.5
2026-09-12T00:03:33Z,1789171413,005374153,5374.2,4020,48.5
2026-09-12T00:03:43Z,1789171423,005388624,5388.6,4030,48.5
2026-09-12T00:03:53Z,1789171433,005402167,5402.2,4040,47.4
2026-09-12T00:04:03Z,1789171443,005416447,5416.4,4050,49.6
2026-09-12T00:04:13Z,1789171453,005430834,5430.8,4060,49.0
2026-09-12T00:04:23Z,1789171463,005444107,5444.1,4070,48.5
2026-09-12T00:04:33Z,1789171473,005458949,5458.9,4080,48.5
2026-09-12T00:04:43Z,1789171483,005473008,5473.0,4090,48.0
2026-09-12T00:04:53Z,1789171493,005489175,5489.2,4100,46.9
2026-09-12T00:05:03Z,1789171503,005470491,5470.5,4110,47.4
2026-09-12T00:05:13Z,1789171513,005414473,5414.5,4120,46.3
2026-09-12T00:05:23Z,1789171523,005362042,5362.0,4130,47.4
2026-09-12T00:05:33Z,1789171533,005310895,5310.9,4140,46.9
2026-09-12T00:05:43Z,1789171543,005260456,5260.5,4150,46.3
2026-09-12T00:05:53Z,1789171553,005211517,5211.5,4160,46.9
2026-09-12T00:06:03Z,1789171563,005164519,5164.5,4170,47.4
2026-09-12T00:06:13Z,1789171573,005117310,5117.3,4180,46.3
2026-09-12T00:06:23Z,1789171583,005071852,5071.9,4190,47.4
2026-09-12T00:06:33Z,1789171593,005027030,5027.0,4200,47.4
2026-09-12T00:06:43Z,1789171603,004984085,4984.1,4210,47.4
2026-09-12T00:06:53Z,1789171613,004940773,4940.8,4220,47.4
2026-09-12T00:07:03Z,1789171623,004902150,4902.1,4230,46.9
2026-09-12T00:07:13Z,1789171633,004859178,4859.2,4240,46.3
2026-09-12T00:07:23Z,1789171643,004818801,4818.8,4250,48.0
2026-09-12T00:07:33Z,1789171653,004779909,4779.9,4260,48.5
2026-09-12T00:07:43Z,1789171663,004740742,4740.7,4270,48.0
2026-09-12T00:07:53Z,1789171673,004704080,4704.1,4280,46.9
2026-09-12T00:08:03Z,1789171683,004667441,4667.4,4290,46.9
2026-09-12T00:08:13Z,1789171693,004632180,4632.2,4300,46.9
2026-09-12T00:08:23Z,1789171703,004597280,4597.3,4310,48.5
2026-09-12T00:08:33Z,1789171713,004563391,4563.4,4320,47.4
2026-09-12T00:08:43Z,1789171723,004530237,4530.2,4330,46.9
2026-09-12T00:08:53Z,1789171733,004497138,4497.1,4340,48.5
2026-09-12T00:09:03Z,1789171743,004465558,4465.6,4350,48.0
2026-09-12T00:09:13Z,1789171753,004434594,4434.6,4360,48.5
2026-09-12T00:09:23Z,1789171763,004404638,4404.6,4370,47.4
2026-09-12T00:09:33Z,1789171773,004374898,4374.9,4380,48.0
2026-09-12T00:09:43Z,1789171783,004346860,4346.9,4390,48.0
2026-09-12T00:09:53Z,1789171793,004318140,4318.1,4400,48.0
2026-09-12T00:10:03Z,1789171803,004291278,4291.3,4410,46.9
2026-09-12T00:10:13Z,1789171813,004266652,4266.7,4420,49.0
2026-09-12T00:10:23Z,1789171823,004239988,4240.0,4430,50.1
2026-09-12T00:10:33Z,1789171833,004214052,4214.1,4440,50.1
2026-09-12T00:10:43Z,1789171843,004189312,4189.3,4450,48.5
2026-09-12T00:10:53Z,1789171853,004163829,4163.8,4460,48.0
2026-09-12T00:11:03Z,1789171863,004140703,4140.7,4470,48.5
2026-09-12T00:11:13Z,1789171873,004117423,4117.4,4480,49.0
2026-09-12T00:11:23Z,1789171883,004093734,4093.7,4490,48.5
2026-09-12T00:11:33Z,1789171893,004072016,4072.0,4500,47.4
2026-09-12T00:11:43Z,1789171903,004050385,4050.4,4510,47.4
2026-09-12T00:11:53Z,1789171913,004028480,4028.5,4520,48.0
2026-09-12T00:12:03Z,1789171923,004008975,4009.0,4530,46.9
2026-09-12T00:12:13Z,1789171933,003987859,3987.9,4540,46.9
2026-09-12T00:12:23Z,1789171943,003968325,3968.3,4550,48.0
2026-09-12T00:12:33Z,1789171953,003948475,3948.5,4560,48.0
2026-09-12T00:12:43Z,1789171963,003931945,3931.9,4570,46.3
2026-09-12T00:12:53Z,1789171973,003914450,3914.4,4580,46.9
2026-09-12T00:13:03Z,1789171983,003898702,3898.7,4590,46.3
2026-09-12T00:13:13Z,1789171993,003882727,3882.7,4600,46.9
2026-09-12T00:13:23Z,1789172003,003867647,3867.6,4610,46.9
2026-09-12T00:13:33Z,1789172013,003853193,3853.2,4620,46.9
2026-09-12T00:13:43Z,1789172023,003838930,3838.9,4630,46.9
2026-09-12T00:13:53Z,1789172033,003825331,3825.3,4640,46.9
2026-09-12T00:14:03Z,1789172043,003811870,3811.9,4650,47.4
2026-09-12T00:14:13Z,1789172053,003797870,3797.9,4660,47.4
2026-09-12T00:14:23Z,1789172063,003785657,3785.7,4670,46.9
2026-09-12T00:14:33Z,1789172073,003774649,3774.6,4680,46.3
2026-09-12T00:14:43Z,1789172083,003765635,3765.6,4690,46.9
2026-09-12T00:14:53Z,1789172093,003750939,3750.9,4700,47.4
2026-09-12T00:15:03Z,1789172103,003741647,3741.6,4710,46.9
2026-09-12T00:15:13Z,1789172113,003729178,3729.2,4720,48.0
2026-09-12T00:15:23Z,1789172123,003719894,3719.9,4730,47.4
2026-09-12T00:15:34Z,1789172133,003708788,3708.8,4740,46.3
2026-09-12T00:15:44Z,1789172144,003697968,3698.0,4751,48.0
2026-09-12T00:15:54Z,1789172154,003687769,3687.8,4761,46.9
2026-09-12T00:16:04Z,1789172164,003679172,3679.2,4771,46.9
2026-09-12T00:16:14Z,1789172174,003670872,3670.9,4781,46.9
2026-09-12T00:16:24Z,1789172184,003661439,3661.4,4791,48.0
2026-09-12T00:16:34Z,1789172194,003653866,3653.9,4801,48.0
2026-09-12T00:16:44Z,1789172204,003644923,3644.9,4811,48.0
2026-09-12T00:16:54Z,1789172214,003638457,3638.5,4821,46.9
2026-09-12T00:17:04Z,1789172224,003631443,3631.4,4831,47.4
2026-09-12T00:17:14Z,1789172234,003623043,3623.0,4841,48.0
2026-09-12T00:17:24Z,1789172244,003615639,3615.6,4851,48.5
2026-09-12T00:17:34Z,1789172254,003610336,3610.3,4861,46.3
2026-09-12T00:17:44Z,1789172264,003603630,3603.6,4871,48.5
2026-09-12T00:17:54Z,1789172274,003598755,3598.8,4881,48.5
2026-09-12T00:18:04Z,1789172284,003592891,3592.9,4891,46.9
2026-09-12T00:18:14Z,1789172294,003587441,3587.4,4901,48.0
2026-09-12T00:18:24Z,1789172304,003581010,3581.0,4911,48.0
2026-09-12T00:18:34Z,1789172314,003577037,3577.0,4921,48.5
2026-09-12T00:18:44Z,1789172324,003572297,3572.3,4931,47.4
2026-09-12T00:18:54Z,1789172334,003568320,3568.3,4941,48.0
2026-09-12T00:19:04Z,1789172344,003563324,3563.3,4951,48.0
2026-09-12T00:19:14Z,1789172354,003560102,3560.1,4961,46.9
2026-09-12T00:19:24Z,1789172364,003555555,3555.6,4971,47.4
2026-09-12T00:19:34Z,1789172374,003553346,3553.3,4981,47.4
2026-09-12T00:19:44Z,1789172384,003548804,3548.8,4991,48.5
2026-09-12T00:19:54Z,1789172394,003546462,3546.5,5001,48.5
2026-09-12T00:20:04Z,1789172404,003545519,3545.5,5011,47.4
2026-09-12T00:20:14Z,1789172414,003544304,3544.3,5021,49.0
2026-09-12T00:20:24Z,1789172424,003541758,3541.8,5031,49.0
2026-09-12T00:20:34Z,1789172434,003537413,3537.4,5041,48.0
2026-09-12T00:20:44Z,1789172444,003536267,3536.3,5051,48.5
2026-09-12T00:20:54Z,1789172454,003532759,3532.8,5061,48.0
2026-09-12T00:21:04Z,1789172464,003530441,3530.4,5071,48.0
2026-09-12T00:21:14Z,1789172474,003528476,3528.5,5081,48.5
2026-09-12T00:21:24Z,1789172484,003525676,3525.7,5091,48.0
2026-09-12T00:21:34Z,1789172494,003524777,3524.8,5101,48.5
2026-09-12T00:21:44Z,1789172504,003523647,3523.6,5111,47.4
2026-09-12T00:21:54Z,1789172514,003521412,3521.4,5121,48.5
2026-09-12T00:22:04Z,1789172524,003520161,3520.2,5131,46.9
2026-09-12T00:22:14Z,1789172534,003520371,3520.4,5141,48.5
2026-09-12T00:22:24Z,1789172544,003516764,3516.8,5151,46.9
2026-09-12T00:22:34Z,1789172554,003517260,3517.3,5161,46.9
2026-09-12T00:22:44Z,1789172564,003517301,3517.3,5171,46.9
2026-09-12T00:22:54Z,1789172574,003516477,3516.5,5181,46.3
2026-09-12T00:23:04Z,1789172584,003517415,3517.4,5191,46.9
2026-09-12T00:23:14Z,1789172594,003519260,3519.3,5201,46.3
2026-09-12T00:23:24Z,1789172604,003519713,3519.7,5211,45.2
2026-09-12T00:23:34Z,1789172614,003522029,3522.0,5221,45.2
2026-09-12T00:23:44Z,1789172624,003524615,3524.6,5231,46.3
2026-09-12T00:23:54Z,1789172634,003527725,3527.7,5241,46.9
2026-09-12T00:24:04Z,1789172644,003529655,3529.7,5251,46.9
2026-09-12T00:24:14Z,1789172654,003533956,3534.0,5261,46.9
2026-09-12T00:24:24Z,1789172664,003536165,3536.2,5271,46.9
2026-09-12T00:24:34Z,1789172674,003539962,3540.0,5281,46.3
2026-09-12T00:24:44Z,1789172684,003543846,3543.8,5291,45.8
2026-09-12T00:24:54Z,1789172694,003546758,3546.8,5301,47.4
2026-09-12T00:25:04Z,1789172704,003552920,3552.9,5311,47.4
2026-09-12T00:25:14Z,1789172714,003553642,3553.6,5321,46.9
2026-09-12T00:25:24Z,1789172724,003556609,3556.6,5331,46.3
2026-09-12T00:25:34Z,1789172734,003559928,3559.9,5341,47.4
2026-09-12T00:25:44Z,1789172744,003563580,3563.6,5351,46.9
2026-09-12T00:25:54Z,1789172754,003567858,3567.9,5361,45.8
2026-09-12T00:26:04Z,1789172764,003572076,3572.1,5371,47.4
2026-09-12T00:26:14Z,1789172774,003576527,3576.5,5381,46.9
2026-09-12T00:26:24Z,1789172784,003580616,3580.6,5391,46.9
2026-09-12T00:26:34Z,1789172794,003584009,3584.0,5401,46.9
2026-09-12T00:26:44Z,1789172804,003589593,3589.6,5411,47.4
2026-09-12T00:26:54Z,1789172814,003593328,3593.3,5421,47.4
2026-09-12T00:27:04Z,1789172824,003597787,3597.8,5431,46.9
2026-09-12T00:27:14Z,1789172834,003601468,3601.5,5441,46.3
2026-09-12T00:27:24Z,1789172844,003605886,3605.9,5451,46.3
2026-09-12T00:27:34Z,1789172854,003610802,3610.8,5461,47.4
2026-09-12T00:27:44Z,1789172864,003614916,3614.9,5471,47.4
2026-09-12T00:27:54Z,1789172874,003619189,3619.2,5481,48.0
2026-09-12T00:28:04Z,1789172884,003624787,3624.8,5491,46.9
2026-09-12T00:28:14Z,1789172894,003629911,3629.9,5501,47.4
2026-09-12T00:28:24Z,1789172904,003633782,3633.8,5511,48.0
2026-09-12T00:28:34Z,1789172914,003639548,3639.5,5521,48.0
2026-09-12T00:28:44Z,1789172924,003644686,3644.7,5531,46.9
2026-09-12T00:28:54Z,1789172934,003650512,3650.5,5541,47.4
2026-09-12T00:29:04Z,1789172944,003655134,3655.1,5551,47.4
2026-09-12T00:29:14Z,1789172954,003659570,3659.6,5561,46.3
2026-09-12T00:29:24Z,1789172964,003666430,3666.4,5571,48.0
2026-09-12T00:29:34Z,1789172974,003671008,3671.0,5581,47.4
2026-09-12T00:29:44Z,1789172984,003676025,3676.0,5591,48.0
2026-09-12T00:29:54Z,1789172994,003681517,3681.5,5601,47.4
2026-09-12T00:30:04Z,1789173004,003689890,3689.9,5611,46.3
2026-09-12T00:30:14Z,1789173014,003696846,3696.8,5621,48.0
2026-09-12T00:30:24Z,1789173024,003701959,3702.0,5631,48.0
2026-09-12T00:30:34Z,1789173034,003707097,3707.1,5641,48.0
2026-09-12T00:30:44Z,1789173044,003712445,3712.4,5651,48.0
2026-09-12T00:30:54Z,1789173054,003717741,3717.7,5661,48.0
2026-09-12T00:31:04Z,1789173064,003722559,3722.6,5671,49.0
2026-09-12T00:31:14Z,1789173074,003727602,3727.6,5681,49.0
2026-09-12T00:31:24Z,1789173084,003731998,3732.0,5691,49.0
2026-09-12T00:31:34Z,1789173094,003737004,3737.0,5701,49.6
2026-09-12T00:31:44Z,1789173104,003743028,3743.0,5711,48.5
2026-09-12T00:31:54Z,1789173114,003747031,3747.0,5721,49.0
2026-09-12T00:32:04Z,1789173124,003751069,3751.1,5731,48.5
2026-09-12T00:32:15Z,1789173134,003757490,3757.5,5741,49.0
2026-09-12T00:32:25Z,1789173145,003758851,3758.9,5752,46.9
2026-09-12T00:32:35Z,1789173155,003764730,3764.7,5762,47.4
2026-09-12T00:32:45Z,1789173165,003769416,3769.4,5772,47.4
2026-09-12T00:32:55Z,1789173175,003774593,3774.6,5782,46.9
2026-09-12T00:33:05Z,1789173185,003781373,3781.4,5792,46.9
2026-09-12T00:33:15Z,1789173195,003787291,3787.3,5802,46.3
2026-09-12T00:33:25Z,1789173205,003793661,3793.7,5812,46.3
2026-09-12T00:33:35Z,1789173215,003800019,3800.0,5822,46.9
2026-09-12T00:33:45Z,1789173225,003807605,3807.6,5832,45.2
2026-09-12T00:33:55Z,1789173235,003814864,3814.9,5842,46.3
2026-09-12T00:34:05Z,1789173245,003821163,3821.2,5852,45.2
2026-09-12T00:34:15Z,1789173255,003828799,3828.8,5862,46.9
2026-09-12T00:34:25Z,1789173265,003836364,3836.4,5872,47.4
2026-09-12T00:34:35Z,1789173275,003844042,3844.0,5882,47.4
2026-09-12T00:34:45Z,1789173285,003850407,3850.4,5892,48.0
2026-09-12T00:34:55Z,1789173295,003857956,3858.0,5902,46.3
2026-09-12T00:35:05Z,1789173305,003865488,3865.5,5912,46.3
2026-09-12T00:35:15Z,1789173315,003872962,3873.0,5922,45.8
2026-09-12T00:35:25Z,1789173325,003880176,3880.2,5932,47.4
2026-09-12T00:35:35Z,1789173335,003886998,3887.0,5942,45.8
2026-09-12T00:35:45Z,1789173345,003894984,3895.0,5952,45.8
2026-09-12T00:35:55Z,1789173355,003901855,3901.9,5962,48.0
2026-09-12T00:36:05Z,1789173365,003910019,3910.0,5972,47.4
2026-09-12T00:36:15Z,1789173375,003917269,3917.3,5982,45.2
2026-09-12T00:36:25Z,1789173385,003925496,3925.5,5992,47.4
2026-09-12T00:36:35Z,1789173395,003932476,3932.5,6002,46.3
2026-09-12T00:36:45Z,1789173405,003940004,3940.0,6012,47.4
2026-09-12T00:36:55Z,1789173415,003948580,3948.6,6022,45.8
2026-09-12T00:37:05Z,1789173425,003955593,3955.6,6032,47.4
2026-09-12T00:37:15Z,1789173435,003963265,3963.3,6042,48.5
2026-09-12T00:37:25Z,1789173445,003971630,3971.6,6052,48.0
2026-09-12T00:37:35Z,1789173455,003979542,3979.5,6062,47.4
2026-09-12T00:37:45Z,1789173465,003987092,3987.1,6072,47.4
2026-09-12T00:37:55Z,1789173475,003995520,3995.5,6082,47.4
2026-09-12T00:38:05Z,1789173485,004002529,4002.5,6092,48.0
2026-09-12T00:38:15Z,1789173495,004009989,4010.0,6102,46.3
2026-09-12T00:38:25Z,1789173505,004017753,4017.8,6112,47.4
2026-09-12T00:38:35Z,1789173515,004026096,4026.1,6122,46.9
2026-09-12T00:38:45Z,1789173525,004034185,4034.2,6132,47.4
2026-09-12T00:38:55Z,1789173535,004041853,4041.9,6142,46.9
2026-09-12T00:39:05Z,1789173545,004049545,4049.5,6152,45.8
2026-09-12T00:39:15Z,1789173555,004024502,4024.5,6162,45.8
2026-09-12T00:39:25Z,1789173565,003992873,3992.9,6172,47.4
2026-09-12T00:39:35Z,1789173575,003961006,3961.0,6182,45.8
2026-09-12T00:39:45Z,1789173585,003929684,3929.7,6192,45.8
2026-09-12T00:39:55Z,1789173595,003899525,3899.5,6202,47.4
2026-09-12T00:40:05Z,1789173605,003871534,3871.5,6212,47.4
2026-09-12T00:40:15Z,1789173615,003845440,3845.4,6222,48.0
2026-09-12T00:40:25Z,1789173625,003816343,3816.3,6232,46.9
2026-09-12T00:40:35Z,1789173635,003786915,3786.9,6242,46.9
2026-09-12T00:40:45Z,1789173645,003759904,3759.9,6252,48.0
2026-09-12T00:40:55Z,1789173655,003731725,3731.7,6262,48.0
2026-09-12T00:41:05Z,1789173665,003705736,3705.7,6272,48.5
2026-09-12T00:41:15Z,1789173675,003680003,3680.0,6282,48.0
2026-09-12T00:41:25Z,1789173685,003653883,3653.9,6292,48.5
2026-09-12T00:41:35Z,1789173695,003629126,3629.1,6302,47.4
2026-09-12T00:41:45Z,1789173705,003603389,3603.4,6312,48.0
2026-09-12T00:41:55Z,1789173715,003579735,3579.7,6322,49.0
2026-09-12T00:42:05Z,1789173725,003555246,3555.2,6332,49.6
2026-09-12T00:42:15Z,1789173735,003529266,3529.3,6342,49.0
2026-09-12T00:42:25Z,1789173745,003504470,3504.5,6352,48.0
2026-09-12T00:42:35Z,1789173755,003481775,3481.8,6362,48.0
2026-09-12T00:42:45Z,1789173765,003462615,3462.6,6372,47.4
2026-09-12T00:42:55Z,1789173775,003437408,3437.4,6382,48.5
2026-09-12T00:43:05Z,1789173785,003416497,3416.5,6392,48.5
2026-09-12T00:43:15Z,1789173795,003395818,3395.8,6402,48.5
2026-09-12T00:43:25Z,1789173805,003375066,3375.1,6412,48.5
2026-09-12T00:43:35Z,1789173815,003354436,3354.4,6422,48.5
2026-09-12T00:43:45Z,1789173825,003335199,3335.2,6432,46.9
2026-09-12T00:43:55Z,1789173835,003315809,3315.8,6442,48.0
2026-09-12T00:44:05Z,1789173845,003296813,3296.8,6452,47.4
2026-09-12T00:44:15Z,1789173855,003279298,3279.3,6462,48.0
2026-09-12T00:44:25Z,1789173865,003259903,3259.9,6472,46.9
2026-09-12T00:44:35Z,1789173875,003242899,3242.9,6482,48.5
2026-09-12T00:44:45Z,1789173885,003225742,3225.7,6492,48.5
2026-09-12T00:44:55Z,1789173895,003209461,3209.5,6502,46.3
2026-09-12T00:45:05Z,1789173905,003192735,3192.7,6512,47.4
2026-09-12T00:45:15Z,1789173915,003176761,3176.8,6522,47.4
2026-09-12T00:45:25Z,1789173925,003160940,3160.9,6532,48.0
2026-09-12T00:45:35Z,1789173935,003145876,3145.9,6542,48.0
2026-09-12T00:45:45Z,1789173945,003130693,3130.7,6552,48.0
2026-09-12T00:45:55Z,1789173955,003115753,3115.8,6562,46.9
2026-09-12T00:46:05Z,1789173965,003101367,3101.4,6572,48.5
2026-09-12T00:46:15Z,1789173975,003088527,3088.5,6582,48.0
2026-09-12T00:46:25Z,1789173985,003074840,3074.8,6592,48.0
2026-09-12T00:46:35Z,1789173995,003061115,3061.1,6602,46.9
2026-09-12T00:46:45Z,1789174005,003047845,3047.8,6612,46.3
2026-09-12T00:46:55Z,1789174015,003035117,3035.1,6622,48.0
2026-09-12T00:47:05Z,1789174025,003023000,3023.0,6632,48.0
2026-09-12T00:47:15Z,1789174035,003010341,3010.3,6642,46.3
2026-09-12T00:47:25Z,1789174045,002998504,2998.5,6652,46.9
2026-09-12T00:47:35Z,1789174055,002986763,2986.8,6662,46.3
2026-09-12T00:47:45Z,1789174065,002975612,2975.6,6672,46.9
2026-09-12T00:47:55Z,1789174075,002964713,2964.7,6682,47.4
2026-09-12T00:48:05Z,1789174085,002951895,2951.9,6692,48.0
2026-09-12T00:48:15Z,1789174095,002942818,2942.8,6702,46.9
2026-09-12T00:48:25Z,1789174105,002932313,2932.3,6712,46.9
2026-09-12T00:48:36Z,1789174115,002922781,2922.8,6722,47.4
2026-09-12T00:48:46Z,1789174126,002911754,2911.8,6733,47.4
2026-09-12T00:48:56Z,1789174136,002901697,2901.7,6743,48.0
2026-09-12T00:49:06Z,1789174146,002893118,2893.1,6753,46.9
2026-09-12T00:49:16Z,1789174156,002884421,2884.4,6763,47.4
2026-09-12T00:49:26Z,1789174166,002875583,2875.6,6773,47.4
2026-09-12T00:49:36Z,1789174176,002866322,2866.3,6783,47.4
2026-09-12T00:49:46Z,1789174186,002858487,2858.5,6793,47.4
2026-09-12T00:49:56Z,1789174196,002849961,2850.0,6803,46.3
2026-09-12T00:50:06Z,1789174206,002843963,2844.0,6813,45.8
2026-09-12T00:50:16Z,1789174216,002837731,2837.7,6823,48.0
2026-09-12T00:50:26Z,1789174226,002828890,2828.9,6833,47.4
2026-09-12T00:50:36Z,1789174236,002821807,2821.8,6843,48.0
2026-09-12T00:50:46Z,1789174246,002814441,2814.4,6853,48.5
2026-09-12T00:50:56Z,1789174256,002806844,2806.8,6863,48.5
2026-09-12T00:51:06Z,1789174266,002798847,2798.8,6873,49.0
2026-09-12T00:51:16Z,1789174276,002791669,2791.7,6883,48.5
2026-09-12T00:51:26Z,1789174286,002785231,2785.2,6893,48.5
2026-09-12T00:51:36Z,1789174296,002777678,2777.7,6903,49.0
2026-09-12T00:51:46Z,1789174306,002769601,2769.6,6913,48.5
2026-09-12T00:51:56Z,1789174316,002763570,2763.6,6923,49.6
2026-09-12T00:52:06Z,1789174326,002757342,2757.3,6933,49.0
2026-09-12T00:52:16Z,1789174336,002745931,2745.9,6943,48.5
2026-09-12T00:52:26Z,1789174346,002740262,2740.3,6953,49.0
2026-09-12T00:52:36Z,1789174356,002736052,2736.1,6963,48.0
2026-09-12T00:52:46Z,1789174366,002728615,2728.6,6973,46.3
2026-09-12T00:52:56Z,1789174376,002722540,2722.5,6983,46.3
2026-09-12T00:53:06Z,1789174386,002716972,2717.0,6993,47.4
2026-09-12T00:53:16Z,1789174396,002711001,2711.0,7003,47.4
2026-09-12T00:53:26Z,1789174406,002707904,2707.9,7013,46.3
2026-09-12T00:53:36Z,1789174416,002703195,2703.2,7023,46.3
2026-09-12T00:53:46Z,1789174426,002700020,2700.0,7033,47.4
2026-09-12T00:53:56Z,1789174436,002695988,2696.0,7043,46.9
2026-09-12T00:54:06Z,1789174446,002692060,2692.1,7053,46.3
2026-09-12T00:54:16Z,1789174456,002689140,2689.1,7063,46.3
2026-09-12T00:54:26Z,1789174466,002686689,2686.7,7073,47.4
2026-09-12T00:54:36Z,1789174476,002683427,2683.4,7083,45.8
2026-09-12T00:54:46Z,1789174486,002680575,2680.6,7093,46.9
2026-09-12T00:54:56Z,1789174496,002678944,2678.9,7103,45.8
2026-09-12T00:55:06Z,1789174506,002675329,2675.3,7113,46.9
2026-09-12T00:55:16Z,1789174516,002672653,2672.7,7123,46.9
2026-09-12T00:55:26Z,1789174526,002670601,2670.6,7133,46.9
2026-09-12T00:55:36Z,1789174536,002667891,2667.9,7143,47.4
2026-09-12T00:55:46Z,1789174546,002665726,2665.7,7153,46.9
2026-09-12T00:55:56Z,1789174556,002662660,2662.7,7163,46.9
2026-09-12T00:56:06Z,1789174566,002661449,2661.4,7173,46.3
2026-09-12T00:56:16Z,1789174576,002659981,2660.0,7183,47.4
2026-09-12T00:56:26Z,1789174586,002657866,2657.9,7193,47.4
2026-09-12T00:56:36Z,1789174596,002655766,2655.8,7203,46.9
2026-09-12T00:56:46Z,1789174606,002654090,2654.1,7213,46.9
2026-09-12T00:56:56Z,1789174616,002651575,2651.6,7223,46.9
2026-09-12T00:57:06Z,1789174626,002650590,2650.6,7233,45.8
2026-09-12T00:57:16Z,1789174636,002648745,2648.7,7243,46.9
2026-09-12T00:57:26Z,1789174646,002647520,2647.5,7253,47.4
2026-09-12T00:57:36Z,1789174656,002646264,2646.3,7263,46.9
2026-09-12T00:57:46Z,1789174666,002644607,2644.6,7273,46.9
2026-09-12T00:57:56Z,1789174676,002643230,2643.2,7283,46.9
2026-09-12T00:58:06Z,1789174686,002642208,2642.2,7293,47.4
2026-09-12T00:58:16Z,1789174696,002642668,2642.7,7303,45.8
2026-09-12T00:58:26Z,1789174706,002639571,2639.6,7313,45.8
2026-09-12T00:58:36Z,1789174716,002639843,2639.8,7323,45.8
2026-09-12T00:58:46Z,1789174726,002638315,2638.3,7333,47.4
2026-09-12T00:58:56Z,1789174736,002638134,2638.1,7343,46.3
2026-09-12T00:59:06Z,1789174746,002637521,2637.5,7353,46.3
2026-09-12T00:59:16Z,1789174756,002638382,2638.4,7363,46.3
2026-09-12T00:59:26Z,1789174766,002636327,2636.3,7373,47.4
2026-09-12T00:59:36Z,1789174776,002635224,2635.2,7383,47.4
2026-09-12T00:59:46Z,1789174786,002635573,2635.6,7393,46.9
2026-09-12T00:59:56Z,1789174796,002633928,2633.9,7403,48.0
2026-09-12T01:00:06Z,1789174806,002636177,2636.2,7413,47.4
2026-09-12T01:00:16Z,1789174816,002637059,2637.1,7423,48.0
2026-09-12T01:00:26Z,1789174826,002635480,2635.5,7433,48.0
2026-09-12T01:00:36Z,1789174836,002636385,2636.4,7443,48.0
2026-09-12T01:00:46Z,1789174846,002634122,2634.1,7453,48.5
2026-09-12T01:00:56Z,1789174856,002633989,2634.0,7463,48.0
2026-09-12T01:01:06Z,1789174866,002633817,2633.8,7473,48.5
2026-09-12T01:01:16Z,1789174876,002631234,2631.2,7483,48.5
2026-09-12T01:01:26Z,1789174886,002631333,2631.3,7493,48.5
2026-09-12T01:01:36Z,1789174896,002630241,2630.2,7503,48.0
2026-09-12T01:01:46Z,1789174906,002628107,2628.1,7513,49.0
2026-09-12T01:01:56Z,1789174916,002627521,2627.5,7523,48.0
2026-09-12T01:02:06Z,1789174926,002626909,2626.9,7533,48.5
2026-09-12T01:02:16Z,1789174936,002625325,2625.3,7543,47.4
2026-09-12T01:02:26Z,1789174946,002621472,2621.5,7553,47.4
2026-09-12T01:02:36Z,1789174956,002624053,2624.1,7563,46.3
2026-09-12T01:02:46Z,1789174966,002620141,2620.1,7573,46.3
2026-09-12T01:02:56Z,1789174976,002619513,2619.5,7583,46.9
2026-09-12T01:03:06Z,1789174986,002619891,2619.9,7593,46.3
2026-09-12T01:03:16Z,1789174996,002619866,2619.9,7603,46.9
2026-09-12T01:03:26Z,1789175006,002620918,2620.9,7613,46.9
2026-09-12T01:03:36Z,1789175016,002623159,2623.2,7623,45.8
2026-09-12T01:03:46Z,1789175026,002623217,2623.2,7633,46.3
2026-09-12T01:03:56Z,1789175036,002623795,2623.8,7643,45.8
2026-09-12T01:04:06Z,1789175046,002627188,2627.2,7653,44.6
2026-09-12T01:04:16Z,1789175056,002629785,2629.8,7663,45.8
2026-09-12T01:04:26Z,1789175066,002634473,2634.5,7673,46.3
2026-09-12T01:04:36Z,1789175076,002633568,2633.6,7683,45.2
2026-09-12T01:04:46Z,1789175086,002637346,2637.3,7693,45.8
2026-09-12T01:04:56Z,1789175096,002639954,2640.0,7703,45.8
2026-09-12T01:05:06Z,1789175106,002643300,2643.3,7713,46.3
2026-09-12T01:05:17Z,1789175116,002645197,2645.2,7723,45.8
2026-09-12T01:05:27Z,1789175127,002648089,2648.1,7734,46.3
2026-09-12T01:05:37Z,1789175137,002650090,2650.1,7744,46.3
2026-09-12T01:05:47Z,1789175147,002652881,2652.9,7754,45.2
2026-09-12T01:05:57Z,1789175157,002654851,2654.9,7764,45.2
2026-09-12T01:06:07Z,1789175167,002658203,2658.2,7774,46.3
2026-09-12T01:06:17Z,1789175177,002660547,2660.5,7784,46.3
2026-09-12T01:06:27Z,1789175187,002662956,2663.0,7794,46.9
2026-09-12T01:06:37Z,1789175197,002667190,2667.2,7804,46.3
2026-09-12T01:06:47Z,1789175207,002667488,2667.5,7814,46.3
2026-09-12T01:06:57Z,1789175217,002669591,2669.6,7824,45.8
2026-09-12T01:07:07Z,1789175227,002673406,2673.4,7834,46.9
2026-09-12T01:07:17Z,1789175237,002676099,2676.1,7844,46.3
2026-09-12T01:07:27Z,1789175247,002678632,2678.6,7854,45.2
2026-09-12T01:07:37Z,1789175257,002681911,2681.9,7864,47.4
2026-09-12T01:07:47Z,1789175267,002684216,2684.2,7874,46.3
2026-09-12T01:07:57Z,1789175277,002686564,2686.6,7884,46.9
2026-09-12T01:08:07Z,1789175287,002689434,2689.4,7894,46.9
2026-09-12T01:08:17Z,1789175297,002692198,2692.2,7904,46.3
2026-09-12T01:08:27Z,1789175307,002695337,2695.3,7914,45.8
2026-09-12T01:08:37Z,1789175317,002697831,2697.8,7924,47.4
2026-09-12T01:08:47Z,1789175327,002700384,2700.4,7934,46.3
2026-09-12T01:08:57Z,1789175337,002702940,2702.9,7944,46.3
2026-09-12T01:09:07Z,1789175347,002706573,2706.6,7954,45.8
2026-09-12T01:09:17Z,1789175357,002709577,2709.6,7964,46.3
2026-09-12T01:09:27Z,1789175367,002711491,2711.5,7974,47.4
2026-09-12T01:09:37Z,1789175377,002714369,2714.4,7984,46.3
2026-09-12T01:09:47Z,1789175387,002717008,2717.0,7994,46.9
2026-09-12T01:09:57Z,1789175397,002720035,2720.0,8004,46.9
2026-09-12T01:10:07Z,1789175407,002733155,2733.2,8014,47.4
2026-09-12T01:10:17Z,1789175417,002730257,2730.3,8024,46.9
2026-09-12T01:10:27Z,1789175427,002732617,2732.6,8034,46.3
2026-09-12T01:10:37Z,1789175437,002733884,2733.9,8044,46.3
2026-09-12T01:10:47Z,1789175447,002735205,2735.2,8054,46.3
2026-09-12T01:10:57Z,1789175457,002738320,2738.3,8064,47.4
2026-09-12T01:11:07Z,1789175467,002739582,2739.6,8074,47.4
2026-09-12T01:11:17Z,1789175477,002742008,2742.0,8084,48.0
2026-09-12T01:11:27Z,1789175487,002744247,2744.2,8094,47.4
2026-09-12T01:11:37Z,1789175497,002746260,2746.3,8104,47.4
2026-09-12T01:11:47Z,1789175507,002747640,2747.6,8114,48.0
2026-09-12T01:11:57Z,1789175517,002749480,2749.5,8124,48.0
2026-09-12T01:12:07Z,1789175527,002750168,2750.2,8134,46.9
2026-09-12T01:12:17Z,1789175537,002748778,2748.8,8144,48.5
2026-09-12T01:12:27Z,1789175547,002750143,2750.1,8154,45.8
2026-09-12T01:12:37Z,1789175557,002751596,2751.6,8164,47.4
2026-09-12T01:12:47Z,1789175567,002752525,2752.5,8174,46.9
2026-09-12T01:12:57Z,1789175577,002754301,2754.3,8184,47.4
2026-09-12T01:13:07Z,1789175587,002756942,2756.9,8194,46.3
2026-09-12T01:13:17Z,1789175597,002756746,2756.7,8204,47.4
2026-09-12T01:13:27Z,1789175607,002749017,2749.0,8214,47.4
2026-09-12T01:13:37Z,1789175617,002742109,2742.1,8224,47.4
2026-09-12T01:13:47Z,1789175627,002736003,2736.0,8234,47.4
2026-09-12T01:13:57Z,1789175637,002730490,2730.5,8244,46.3
2026-09-12T01:14:07Z,1789175647,002724808,2724.8,8254,48.0
2026-09-12T01:14:17Z,1789175657,002718882,2718.9,8264,46.9
2026-09-12T01:14:27Z,1789175667,002713855,2713.9,8274,47.4
2026-09-12T01:14:37Z,1789175677,002707355,2707.4,8284,47.4
2026-09-12T01:14:47Z,1789175687,002703750,2703.8,8294,45.8
2026-09-12T01:14:57Z,1789175697,002697944,2697.9,8304,46.9
2026-09-12T01:15:07Z,1789175707,002692713,2692.7,8314,46.9
2026-09-12T01:15:17Z,1789175717,002687258,2687.3,8324,46.9
2026-09-12T01:15:27Z,1789175727,002683428,2683.4,8334,46.9
2026-09-12T01:15:37Z,1789175737,002679905,2679.9,8344,46.9
2026-09-12T01:15:47Z,1789175747,002674986,2675.0,8354,45.2
2026-09-12T01:15:57Z,1789175757,002672869,2672.9,8364,47.4
2026-09-12T01:16:07Z,1789175767,002668201,2668.2,8374,46.9
2026-09-12T01:16:17Z,1789175777,002665961,2666.0,8384,45.8
2026-09-12T01:16:27Z,1789175787,002661037,2661.0,8394,46.9
2026-09-12T01:16:37Z,1789175797,002656815,2656.8,8404,48.0
2026-09-12T01:16:47Z,1789175807,002653348,2653.3,8414,45.8
2026-09-12T01:16:57Z,1789175817,002649707,2649.7,8424,47.4
2026-09-12T01:17:07Z,1789175827,002646837,2646.8,8434,45.8
2026-09-12T01:17:17Z,1789175837,002644512,2644.5,8444,47.4
2026-09-12T01:17:27Z,1789175847,002640600,2640.6,8454,46.9
2026-09-12T01:17:37Z,1789175857,002638249,2638.2,8464,46.9
2026-09-12T01:17:47Z,1789175867,002635678,2635.7,8474,46.9
2026-09-12T01:17:57Z,1789175877,002632423,2632.4,8484,46.3
2026-09-12T01:18:07Z,1789175887,002630056,2630.1,8494,47.4
2026-09-12T01:18:17Z,1789175897,002627853,2627.9,8504,47.4
2026-09-12T01:18:27Z,1789175907,002626163,2626.2,8514,46.3
2026-09-12T01:18:37Z,1789175917,002623894,2623.9,8524,46.9
2026-09-12T01:18:47Z,1789175927,002621820,2621.8,8534,47.4
2026-09-12T01:18:57Z,1789175937,002618069,2618.1,8544,46.9
2026-09-12T01:19:07Z,1789175947,002616864,2616.9,8554,45.2
2026-09-12T01:19:17Z,1789175957,002614553,2614.6,8564,45.8
2026-09-12T01:19:27Z,1789175967,002612746,2612.7,8574,46.9
2026-09-12T01:19:37Z,1789175977,002612090,2612.1,8584,47.4
2026-09-12T01:19:47Z,1789175987,002609676,2609.7,8594,45.8
2026-09-12T01:19:57Z,1789175997,002610910,2610.9,8604,46.9
2026-09-12T01:20:07Z,1789176007,002628568,2628.6,8614,47.4
2026-09-12T01:20:17Z,1789176017,002609205,2609.2,8624,47.4
2026-09-12T01:20:27Z,1789176027,002608207,2608.2,8634,47.4
2026-09-12T01:20:37Z,1789176037,002607315,2607.3,8644,47.4
2026-09-12T01:20:47Z,1789176047,002603916,2603.9,8654,47.4
2026-09-12T01:20:57Z,1789176057,002603805,2603.8,8664,47.4
2026-09-12T01:21:07Z,1789176067,002601425,2601.4,8674,46.9
2026-09-12T01:21:17Z,1789176077,002599238,2599.2,8684,48.5
2026-09-12T01:21:27Z,1789176087,002597983,2598.0,8694,48.5
2026-09-12T01:21:37Z,1789176097,002597473,2597.5,8704,48.0
2026-09-12T01:21:48Z,1789176107,002595394,2595.4,8714,46.9
2026-09-12T01:21:58Z,1789176118,002594123,2594.1,8725,46.9
2026-09-12T01:22:08Z,1789176128,002592350,2592.3,8735,48.5
2026-09-12T01:22:18Z,1789176138,002587893,2587.9,8745,46.9
2026-09-12T01:22:28Z,1789176148,002585324,2585.3,8755,48.0
2026-09-12T01:22:38Z,1789176158,002584420,2584.4,8765,47.4
2026-09-12T01:22:48Z,1789176168,002583754,2583.8,8775,48.0
2026-09-12T01:22:58Z,1789176178,002581640,2581.6,8785,46.3
2026-09-12T01:23:08Z,1789176188,002580206,2580.2,8795,48.0
2026-09-12T01:23:18Z,1789176198,002579748,2579.7,8805,48.0
2026-09-12T01:23:28Z,1789176208,002577784,2577.8,8815,46.9
2026-09-12T01:23:38Z,1789176218,002576978,2577.0,8825,46.3
2026-09-12T01:23:48Z,1789176228,002576164,2576.2,8835,48.0
2026-09-12T01:23:58Z,1789176238,002575915,2575.9,8845,46.9
2026-09-12T01:24:08Z,1789176248,002574414,2574.4,8855,46.9
2026-09-12T01:24:18Z,1789176258,002573755,2573.8,8865,46.9
2026-09-12T01:24:28Z,1789176268,002572675,2572.7,8875,47.4
2026-09-12T01:24:38Z,1789176278,002572750,2572.8,8885,46.9
2026-09-12T01:24:48Z,1789176288,002572218,2572.2,8895,48.0
2026-09-12T01:24:58Z,1789176298,002572986,2573.0,8905,48.0
2026-09-12T01:25:08Z,1789176308,002572054,2572.1,8915,46.3
2026-09-12T01:25:18Z,1789176318,002572124,2572.1,8925,47.4
2026-09-12T01:25:28Z,1789176328,002571733,2571.7,8935,46.9
2026-09-12T01:25:38Z,1789176338,002570954,2571.0,8945,46.9
2026-09-12T01:25:48Z,1789176348,002571638,2571.6,8955,46.9
2026-09-12T01:25:58Z,1789176358,002572488,2572.5,8965,47.4
2026-09-12T01:26:08Z,1789176368,002571337,2571.3,8975,48.0
2026-09-12T01:26:18Z,1789176378,002572425,2572.4,8985,46.3
2026-09-12T01:26:28Z,1789176388,002571398,2571.4,8995,45.8
2026-09-12T01:26:38Z,1789176398,002575591,2575.6,9005,46.9
2026-09-12T01:26:48Z,1789176408,002572336,2572.3,9015,45.8
2026-09-12T01:26:58Z,1789176418,002573797,2573.8,9025,47.4
2026-09-12T01:27:08Z,1789176428,002572643,2572.6,9035,46.9
2026-09-12T01:27:18Z,1789176438,002574131,2574.1,9045,47.4
2026-09-12T01:27:28Z,1789176448,002574520,2574.5,9055,46.9
2026-09-12T01:27:38Z,1789176458,002575198,2575.2,9065,46.3
2026-09-12T01:27:48Z,1789176468,002577090,2577.1,9075,47.4
2026-09-12T01:27:58Z,1789176478,002576512,2576.5,9085,45.8
2026-09-12T01:28:08Z,1789176488,002577369,2577.4,9095,46.3
2026-09-12T01:28:18Z,1789176498,002578254,2578.3,9105,46.9
2026-09-12T01:28:28Z,1789176508,002578185,2578.2,9115,46.3
2026-09-12T01:28:38Z,1789176518,002579346,2579.3,9125,45.2
2026-09-12T01:28:48Z,1789176528,002579755,2579.8,9135,46.9
2026-09-12T01:28:58Z,1789176538,002580190,2580.2,9145,45.2
2026-09-12T01:29:08Z,1789176548,002581595,2581.6,9155,46.9
2026-09-12T01:29:18Z,1789176558,002583598,2583.6,9165,48.0
2026-09-12T01:29:28Z,1789176568,002584033,2584.0,9175,47.4
2026-09-12T01:29:38Z,1789176578,002585418,2585.4,9185,45.8
2026-09-12T01:29:48Z,1789176588,002585974,2586.0,9195,46.9
2026-09-12T01:29:58Z,1789176598,002587349,2587.3,9205,46.3
2026-09-12T01:30:08Z,1789176608,002590006,2590.0,9215,46.9
2026-09-12T01:30:18Z,1789176618,002593073,2593.1,9225,46.9
2026-09-12T01:30:28Z,1789176628,002593644,2593.6,9235,46.3
2026-09-12T01:30:38Z,1789176638,002594532,2594.5,9245,47.4
2026-09-12T01:30:48Z,1789176648,002595089,2595.1,9255,47.4
2026-09-12T01:30:58Z,1789176658,002595888,2595.9,9265,48.5
2026-09-12T01:31:08Z,1789176668,002595929,2595.9,9275,46.9
2026-09-12T01:31:18Z,1789176678,002597083,2597.1,9285,48.5
2026-09-12T01:31:28Z,1789176688,002597163,2597.2,9295,48.5
2026-09-12T01:31:38Z,1789176698,002597947,2597.9,9305,48.0
2026-09-12T01:31:48Z,1789176708,002598712,2598.7,9315,48.0
2026-09-12T01:31:58Z,1789176718,002599273,2599.3,9325,48.0
2026-09-12T01:32:08Z,1789176728,002599686,2599.7,9335,48.5
2026-09-12T01:32:18Z,1789176738,002598578,2598.6,9345,48.0
2026-09-12T01:32:28Z,1789176748,002597487,2597.5,9355,46.9
2026-09-12T01:32:38Z,1789176758,002598081,2598.1,9365,48.0
2026-09-12T01:32:48Z,1789176768,002598171,2598.2,9375,48.0
2026-09-12T01:32:58Z,1789176778,002599463,2599.5,9385,47.4
2026-09-12T01:33:08Z,1789176788,002599067,2599.1,9395,47.4
2026-09-12T01:33:18Z,1789176798,002600464,2600.5,9405,47.4
2026-09-12T01:33:28Z,1789176808,002600191,2600.2,9415,47.4
2026-09-12T01:33:38Z,1789176818,002601600,2601.6,9425,47.4
2026-09-12T01:33:48Z,1789176828,002602616,2602.6,9435,47.4
2026-09-12T01:33:58Z,1789176838,002603331,2603.3,9445,46.3
2026-09-12T01:34:08Z,1789176848,002604338,2604.3,9455,46.9
2026-09-12T01:34:18Z,1789176858,002605229,2605.2,9465,47.4
2026-09-12T01:34:28Z,1789176868,002605708,2605.7,9475,47.4
2026-09-12T01:34:38Z,1789176878,002606755,2606.8,9485,47.4
2026-09-12T01:34:48Z,1789176888,002608130,2608.1,9495,46.9
2026-09-12T01:34:58Z,1789176898,002609518,2609.5,9505,46.9
2026-09-12T01:35:08Z,1789176908,002610881,2610.9,9515,47.4
2026-09-12T01:35:18Z,1789176918,002611849,2611.8,9525,46.9
2026-09-12T01:35:28Z,1789176928,002613995,2614.0,9535,47.4
2026-09-12T01:35:38Z,1789176938,002615802,2615.8,9545,47.4
2026-09-12T01:35:48Z,1789176948,002616398,2616.4,9555,45.8
2026-09-12T01:35:58Z,1789176958,002618005,2618.0,9565,45.8
2026-09-12T01:36:08Z,1789176968,002619493,2619.5,9575,46.9
2026-09-12T01:36:18Z,1789176978,002620622,2620.6,9585,45.8
2026-09-12T01:36:28Z,1789176988,002622206,2622.2,9595,48.0
2026-09-12T01:36:38Z,1789176998,002626504,2626.5,9605,48.5
2026-09-12T01:36:48Z,1789177008,002624961,2625.0,9615,47.4
2026-09-12T01:36:58Z,1789177018,002626983,2627.0,9625,46.3
2026-09-12T01:37:08Z,1789177028,002628811,2628.8,9635,46.9
2026-09-12T01:37:18Z,1789177038,002629853,2629.9,9645,46.3
2026-09-12T01:37:28Z,1789177048,002631663,2631.7,9655,46.9
2026-09-12T01:37:38Z,1789177058,002633668,2633.7,9665,45.2
2026-09-12T01:37:48Z,1789177068,002636127,2636.1,9675,46.3
2026-09-12T01:37:59Z,1789177078,002637372,2637.4,9685,46.3
2026-09-12T01:38:09Z,1789177089,002638105,2638.1,9696,46.3
2026-09-12T01:38:19Z,1789177099,002640979,2641.0,9706,47.4
2026-09-12T01:38:29Z,1789177109,002641714,2641.7,9716,46.9
2026-09-12T01:38:39Z,1789177119,002643790,2643.8,9726,46.9
2026-09-12T01:38:49Z,1789177129,002647615,2647.6,9736,46.3
2026-09-12T01:38:59Z,1789177139,002648041,2648.0,9746,46.3
2026-09-12T01:39:09Z,1789177149,002649863,2649.9,9756,45.8
2026-09-12T01:39:19Z,1789177159,002651637,2651.6,9766,45.8
2026-09-12T01:39:29Z,1789177169,002652919,2652.9,9776,46.3
2026-09-12T01:39:39Z,1789177179,002655263,2655.3,9786,45.2
2026-09-12T01:39:49Z,1789177189,002657467,2657.5,9796,46.9
2026-09-12T01:39:59Z,1789177199,002659530,2659.5,9806,45.8
2026-09-12T01:40:09Z,1789177209,002661303,2661.3,9816,45.8
2026-09-12T01:40:19Z,1789177219,002666916,2666.9,9826,48.0
2026-09-12T01:40:29Z,1789177229,002669554,2669.6,9836,46.9
2026-09-12T01:40:39Z,1789177239,002671958,2672.0,9846,46.9
2026-09-12T01:40:49Z,1789177249,002672702,2672.7,9856,47.4
2026-09-12T01:40:59Z,1789177259,002674638,2674.6,9866,48.0
2026-09-12T01:41:09Z,1789177269,002675876,2675.9,9876,48.0
2026-09-12T01:41:19Z,1789177279,002676916,2676.9,9886,46.9
2026-09-12T01:41:29Z,1789177289,002678814,2678.8,9896,48.5
2026-09-12T01:41:39Z,1789177299,002679680,2679.7,9906,47.4
2026-09-12T01:41:49Z,1789177309,002681645,2681.6,9916,48.0
2026-09-12T01:41:59Z,1789177319,002682801,2682.8,9926,47.4
2026-09-12T01:42:09Z,1789177329,002682240,2682.2,9936,48.0
2026-09-12T01:42:19Z,1789177339,002681888,2681.9,9946,48.5
2026-09-12T01:42:29Z,1789177349,002683559,2683.6,9956,46.3
2026-09-12T01:42:39Z,1789177359,002684421,2684.4,9966,47.4
2026-09-12T01:42:49Z,1789177369,002684844,2684.8,9976,48.0
2026-09-12T01:42:59Z,1789177379,002686253,2686.3,9986,48.0
2026-09-12T01:43:09Z,1789177389,002687463,2687.5,9996,47.4
2026-09-12T01:43:19Z,1789177399,002689641,2689.6,10006,47.4
2026-09-12T01:43:29Z,1789177409,002690639,2690.6,10016,46.9
2026-09-12T01:43:39Z,1789177419,002692937,2692.9,10026,47.4
2026-09-12T01:43:49Z,1789177429,002693092,2693.1,10036,45.8
2026-09-12T01:43:59Z,1789177439,002695195,2695.2,10046,46.9
2026-09-12T01:44:09Z,1789177449,002696433,2696.4,10056,46.3
2026-09-12T01:44:19Z,1789177459,002699101,2699.1,10066,47.4
2026-09-12T01:44:29Z,1789177469,002700087,2700.1,10076,47.4
2026-09-12T01:44:39Z,1789177479,002702171,2702.2,10086,46.9
2026-09-12T01:44:49Z,1789177489,002703777,2703.8,10096,45.8
2026-09-12T01:44:59Z,1789177499,002705164,2705.2,10106,46.9
2026-09-12T01:45:09Z,1789177509,002706796,2706.8,10116,45.8
2026-09-12T01:45:19Z,1789177519,002708061,2708.1,10126,45.8
2026-09-12T01:45:29Z,1789177529,002709960,2710.0,10136,44.6
2026-09-12T01:45:39Z,1789177539,002713159,2713.2,10146,44.6
2026-09-12T01:45:49Z,1789177549,002715287,2715.3,10156,46.3
2026-09-12T01:45:59Z,1789177559,002717567,2717.6,10166,46.3
2026-09-12T01:46:09Z,1789177569,002719276,2719.3,10176,47.4
2026-09-12T01:46:19Z,1789177579,002721692,2721.7,10186,45.8
2026-09-12T01:46:29Z,1789177589,002723668,2723.7,10196,46.9
2026-09-12T01:46:39Z,1789177599,002727313,2727.3,10206,47.4
2026-09-12T01:46:49Z,1789177609,002727924,2727.9,10216,47.4
2026-09-12T01:46:59Z,1789177619,002730130,2730.1,10226,46.9
2026-09-12T01:47:09Z,1789177629,002732711,2732.7,10236,45.8
2026-09-12T01:47:19Z,1789177639,002734460,2734.5,10246,46.9
2026-09-12T01:47:29Z,1789177649,002730683,2730.7,10256,46.9
2026-09-12T01:47:39Z,1789177659,002724975,2725.0,10266,46.9
2026-09-12T01:47:49Z,1789177669,002718403,2718.4,10276,46.3
2026-09-12T01:47:59Z,1789177679,002711688,2711.7,10286,48.5
2026-09-12T01:48:09Z,1789177689,002705214,2705.2,10296,46.9
2026-09-12T01:48:19Z,1789177699,002699443,2699.4,10306,45.8
2026-09-12T01:48:29Z,1789177709,002694131,2694.1,10316,46.3
2026-09-12T01:48:39Z,1789177719,002688033,2688.0,10326,46.3
2026-09-12T01:48:49Z,1789177729,002682036,2682.0,10336,46.3
2026-09-12T01:48:59Z,1789177739,002676676,2676.7,10346,46.9
2026-09-12T01:49:09Z,1789177749,002671744,2671.7,10356,46.9
2026-09-12T01:49:19Z,1789177759,002667073,2667.1,10366,46.3
2026-09-12T01:49:29Z,1789177769,002661807,2661.8,10376,46.3
2026-09-12T01:49:39Z,1789177779,002657647,2657.6,10386,45.2
2026-09-12T01:49:49Z,1789177789,002652908,2652.9,10396,46.9
2026-09-12T01:49:59Z,1789177799,002648770,2648.8,10406,46.3
2026-09-12T01:50:09Z,1789177809,002647658,2647.7,10416,46.3
2026-09-12T01:50:19Z,1789177819,002643587,2643.6,10426,45.2
2026-09-12T01:50:29Z,1789177829,002638390,2638.4,10436,45.8
2026-09-12T01:50:39Z,1789177839,002635378,2635.4,10446,47.4
2026-09-12T01:50:49Z,1789177849,002630272,2630.3,10456,46.3
2026-09-12T01:50:59Z,1789177859,002625310,2625.3,10466,48.0
2026-09-12T01:51:09Z,1789177869,002621750,2621.8,10476,46.3
2026-09-12T01:51:19Z,1789177879,002616978,2617.0,10486,48.0
2026-09-12T01:51:29Z,1789177889,002612973,2613.0,10496,48.5
2026-09-12T01:51:39Z,1789177899,002608827,2608.8,10506,46.3
2026-09-12T01:51:49Z,1789177909,002604112,2604.1,10516,48.5
2026-09-12T01:51:59Z,1789177919,002601103,2601.1,10526,46.9
2026-09-12T01:52:09Z,1789177929,002595058,2595.1,10536,48.0
2026-09-12T01:52:19Z,1789177939,002590067,2590.1,10546,47.4
2026-09-12T01:52:29Z,1789177949,002585445,2585.4,10556,48.0
2026-09-12T01:52:39Z,1789177959,002581169,2581.2,10566,46.9
2026-09-12T01:52:49Z,1789177969,002577314,2577.3,10576,46.3
2026-09-12T01:52:59Z,1789177979,002573618,2573.6,10586,45.8
2026-09-12T01:53:09Z,1789177989,002568893,2568.9,10596,46.3
2026-09-12T01:53:19Z,1789177999,002566565,2566.6,10606,46.3
2026-09-12T01:53:29Z,1789178009,002562854,2562.9,10616,47.4
2026-09-12T01:53:39Z,1789178019,002560128,2560.1,10626,46.9
2026-09-12T01:53:49Z,1789178029,002556535,2556.5,10636,47.4
2026-09-12T01:53:59Z,1789178039,002553703,2553.7,10646,46.3
2026-09-12T01:54:09Z,1789178049,002550834,2550.8,10656,47.4
2026-09-12T01:54:19Z,1789178059,002548777,2548.8,10666,46.9
2026-09-12T01:54:29Z,1789178069,002545977,2546.0,10676,45.8
2026-09-12T01:54:39Z,1789178079,002543877,2543.9,10686,47.4
2026-09-12T01:54:50Z,1789178089,002541567,2541.6,10696,46.9
2026-09-12T01:55:00Z,1789178100,002538502,2538.5,10707,45.2
2026-09-12T01:55:10Z,1789178110,002537461,2537.5,10717,45.2
2026-09-12T01:55:20Z,1789178120,002534743,2534.7,10727,46.3
2026-09-12T01:55:30Z,1789178130,002533460,2533.5,10737,46.9
2026-09-12T01:55:40Z,1789178140,002531497,2531.5,10747,47.4
2026-09-12T01:55:50Z,1789178150,002529706,2529.7,10757,46.9
2026-09-12T01:56:00Z,1789178160,002527400,2527.4,10767,46.3
2026-09-12T01:56:10Z,1789178170,002530339,2530.3,10777,45.2
2026-09-12T01:56:20Z,1789178180,002524279,2524.3,10787,46.9
2026-09-12T01:56:30Z,1789178190,002522978,2523.0,10797,45.8
2026-09-12T01:56:40Z,1789178200,002525140,2525.1,10807,46.9
2026-09-12T01:56:50Z,1789178210,002521005,2521.0,10817,46.9
2026-09-12T01:57:00Z,1789178220,002519644,2519.6,10827,46.9
2026-09-12T01:57:10Z,1789178230,002519650,2519.7,10837,46.9
2026-09-12T01:57:20Z,1789178240,002518170,2518.2,10847,46.3
2026-09-12T01:57:30Z,1789178250,002517147,2517.1,10857,45.2
2026-09-12T01:57:40Z,1789178260,002516563,2516.6,10867,45.2
2026-09-12T01:57:50Z,1789178270,002515730,2515.7,10877,46.9
2026-09-12T01:58:00Z,1789178280,002515184,2515.2,10887,46.9
2026-09-12T01:58:10Z,1789178290,002513815,2513.8,10897,45.2
2026-09-12T01:58:20Z,1789178300,002513676,2513.7,10907,45.8
2026-09-12T01:58:30Z,1789178310,002512878,2512.9,10917,45.8
2026-09-12T01:58:40Z,1789178320,002512826,2512.8,10927,46.3
2026-09-12T01:58:50Z,1789178330,002512522,2512.5,10937,45.8
2026-09-12T01:59:00Z,1789178340,002512185,2512.2,10947,45.2
2026-09-12T01:59:10Z,1789178350,002513185,2513.2,10957,46.9
2026-09-12T01:59:20Z,1789178360,002512078,2512.1,10967,45.2
2026-09-12T01:59:30Z,1789178370,002511769,2511.8,10977,46.3
2026-09-12T01:59:40Z,1789178380,002511444,2511.4,10987,46.3
2026-09-12T01:59:50Z,1789178390,002511860,2511.9,10997,45.8
2026-09-12T02:00:00Z,1789178400,002511794,2511.8,11007,45.2
2026-09-12T02:00:10Z,1789178410,002514803,2514.8,11017,46.9
2026-09-12T02:00:20Z,1789178420,002515236,2515.2,11027,46.3
2026-09-12T02:00:30Z,1789178430,002515482,2515.5,11037,46.9
2026-09-12T02:00:40Z,1789178440,002515892,2515.9,11047,48.5
2026-09-12T02:00:50Z,1789178450,002515465,2515.5,11057,46.9
2026-09-12T02:01:00Z,1789178460,002514776,2514.8,11067,47.4
2026-09-12T02:01:10Z,1789178470,002514803,2514.8,11077,45.8
2026-09-12T02:01:20Z,1789178480,002512900,2512.9,11087,47.4
2026-09-12T02:01:30Z,1789178490,002512195,2512.2,11097,46.3
2026-09-12T02:01:40Z,1789178500,002512002,2512.0,11107,48.0
2026-09-12T02:01:50Z,1789178510,002511801,2511.8,11117,47.4
2026-09-12T02:02:00Z,1789178520,002510983,2511.0,11127,47.4
2026-09-12T02:02:10Z,1789178530,002508841,2508.8,11137,46.9
2026-09-12T02:02:20Z,1789178540,002507412,2507.4,11147,47.4
2026-09-12T02:02:30Z,1789178550,002504345,2504.3,11157,46.3
2026-09-12T02:02:40Z,1789178560,002507638,2507.6,11167,47.4
2026-09-12T02:02:50Z,1789178570,002504680,2504.7,11177,47.4
2026-09-12T02:03:00Z,1789178580,002503841,2503.8,11187,46.9
2026-09-12T02:03:10Z,1789178590,002504028,2504.0,11197,46.9
2026-09-12T02:03:20Z,1789178600,002503999,2504.0,11207,47.4
2026-09-12T02:03:30Z,1789178610,002503680,2503.7,11217,48.0
2026-09-12T02:03:40Z,1789178620,002502330,2502.3,11227,48.0
2026-09-12T02:03:50Z,1789178630,002502744,2502.7,11237,46.3
2026-09-12T02:04:00Z,1789178640,002502033,2502.0,11247,46.9
2026-09-12T02:04:10Z,1789178650,002504530,2504.5,11257,46.9
2026-09-12T02:04:20Z,1789178660,002502735,2502.7,11267,47.4
2026-09-12T02:04:30Z,1789178670,002503462,2503.5,11277,45.8
2026-09-12T02:04:40Z,1789178680,002504063,2504.1,11287,45.8
2026-09-12T02:04:50Z,1789178690,002504795,2504.8,11297,45.8
2026-09-12T02:05:00Z,1789178700,002503882,2503.9,11307,46.3
2026-09-12T02:05:10Z,1789178710,002505192,2505.2,11317,47.4
2026-09-12T02:05:20Z,1789178720,002505411,2505.4,11327,46.9
2026-09-12T02:05:30Z,1789178730,002507483,2507.5,11337,48.0
2026-09-12T02:05:40Z,1789178740,002508279,2508.3,11347,46.9
2026-09-12T02:05:50Z,1789178750,002509222,2509.2,11357,45.2
2026-09-12T02:06:00Z,1789178760,002509610,2509.6,11367,47.4
2026-09-12T02:06:10Z,1789178770,002514256,2514.3,11377,45.2
2026-09-12T02:06:20Z,1789178780,002511865,2511.9,11387,45.2
2026-09-12T02:06:30Z,1789178790,002512399,2512.4,11397,45.2
2026-09-12T02:06:40Z,1789178800,002515320,2515.3,11407,45.8
2026-09-12T02:06:50Z,1789178810,002513591,2513.6,11417,44.6
2026-09-12T02:07:00Z,1789178820,002515322,2515.3,11427,46.3
2026-09-12T02:07:10Z,1789178830,002515885,2515.9,11437,45.2
2026-09-12T02:07:20Z,1789178840,002517001,2517.0,11447,45.2
2026-09-12T02:07:30Z,1789178850,002520187,2520.2,11457,46.3
2026-09-12T02:07:40Z,1789178860,002519981,2520.0,11467,45.2
2026-09-12T02:07:50Z,1789178870,002521272,2521.3,11477,46.3
2026-09-12T02:08:00Z,1789178880,002522503,2522.5,11487,45.2
2026-09-12T02:08:10Z,1789178890,002523989,2524.0,11497,45.2
2026-09-12T02:08:20Z,1789178900,002525526,2525.5,11507,45.8
2026-09-12T02:08:30Z,1789178910,002526780,2526.8,11517,46.3
2026-09-12T02:08:40Z,1789178920,002526919,2526.9,11527,45.8
2026-09-12T02:08:50Z,1789178930,002529089,2529.1,11537,45.2
2026-09-12T02:09:00Z,1789178940,002529643,2529.6,11547,44.6
2026-09-12T02:09:10Z,1789178950,002532727,2532.7,11557,45.2
2026-09-12T02:09:20Z,1789178960,002533398,2533.4,11567,46.3
2026-09-12T02:09:30Z,1789178970,002534452,2534.5,11577,46.9
2026-09-12T02:09:40Z,1789178980,002536444,2536.4,11587,45.8
2026-09-12T02:09:50Z,1789178990,002537892,2537.9,11597,46.9
2026-09-12T02:10:00Z,1789179000,002539314,2539.3,11607,45.8
2026-09-12T02:10:10Z,1789179010,002545174,2545.2,11617,45.2
2026-09-12T02:10:20Z,1789179020,002546637,2546.6,11627,45.8
2026-09-12T02:10:30Z,1789179030,002547500,2547.5,11637,46.3
2026-09-12T02:10:40Z,1789179040,002549207,2549.2,11647,46.3
2026-09-12T02:10:50Z,1789179050,002550647,2550.6,11657,47.4
2026-09-12T02:11:00Z,1789179060,002551208,2551.2,11667,47.4
2026-09-12T02:11:10Z,1789179070,002552187,2552.2,11677,47.4
2026-09-12T02:11:20Z,1789179080,002553842,2553.8,11687,47.4
2026-09-12T02:11:31Z,1789179090,002553469,2553.5,11697,46.9
2026-09-12T02:11:41Z,1789179101,002556147,2556.1,11708,46.3
2026-09-12T02:11:51Z,1789179111,002556257,2556.3,11718,46.9
2026-09-12T02:12:01Z,1789179121,002557006,2557.0,11728,48.0
2026-09-12T02:12:11Z,1789179131,002557449,2557.4,11738,48.0
2026-09-12T02:12:21Z,1789179141,002555938,2555.9,11748,47.4
2026-09-12T02:12:31Z,1789179151,002556639,2556.6,11758,47.4
2026-09-12T02:12:41Z,1789179161,002559904,2559.9,11768,46.3
2026-09-12T02:12:51Z,1789179171,002557678,2557.7,11778,45.8
2026-09-12T02:13:01Z,1789179181,002558348,2558.3,11788,46.9
2026-09-12T02:13:11Z,1789179191,002558342,2558.3,11798,45.8
2026-09-12T02:13:21Z,1789179201,002559194,2559.2,11808,46.9
2026-09-12T02:13:31Z,1789179211,002561295,2561.3,11818,46.9
2026-09-12T02:13:41Z,1789179221,002563681,2563.7,11828,47.4
2026-09-12T02:13:51Z,1789179231,002562909,2562.9,11838,45.2
2026-09-12T02:14:01Z,1789179241,002563328,2563.3,11848,46.3
2026-09-12T02:14:11Z,1789179251,002565588,2565.6,11858,46.3
2026-09-12T02:14:21Z,1789179261,002565854,2565.9,11868,46.9
2026-09-12T02:14:31Z,1789179271,002568702,2568.7,11878,46.3
2026-09-12T02:14:41Z,1789179281,002569742,2569.7,11888,46.3
2026-09-12T02:14:51Z,1789179291,002570343,2570.3,11898,44.6
2026-09-12T02:15:01Z,1789179301,002570932,2570.9,11908,45.2
2026-09-12T02:15:11Z,1789179311,002573232,2573.2,11918,46.3
2026-09-12T02:15:21Z,1789179321,002574963,2575.0,11928,45.8
2026-09-12T02:15:31Z,1789179331,002576478,2576.5,11938,46.9
2026-09-12T02:15:41Z,1789179341,002577111,2577.1,11948,45.2
2026-09-12T02:15:51Z,1789179351,002579952,2580.0,11958,45.8
2026-09-12T02:16:01Z,1789179361,002582152,2582.2,11968,46.3
2026-09-12T02:16:11Z,1789179371,002584431,2584.4,11978,46.3
2026-09-12T02:16:21Z,1789179381,002583956,2584.0,11988,46.3
2026-09-12T02:16:31Z,1789179391,002586301,2586.3,11998,45.8
2026-09-12T02:16:41Z,1789179401,002589541,2589.5,12008,46.3
2026-09-12T02:16:51Z,1789179411,002589859,2589.9,12018,46.3
2026-09-12T02:17:01Z,1789179421,002591461,2591.5,12028,46.3
2026-09-12T02:17:11Z,1789179431,002592679,2592.7,12038,45.8
2026-09-12T02:17:21Z,1789179441,002594346,2594.3,12048,46.3
2026-09-12T02:17:31Z,1789179451,002597739,2597.7,12058,46.3
2026-09-12T02:17:41Z,1789179461,002599305,2599.3,12068,45.2
2026-09-12T02:17:51Z,1789179471,002600597,2600.6,12078,46.3
2026-09-12T02:18:01Z,1789179481,002602097,2602.1,12088,45.8
2026-09-12T02:18:11Z,1789179491,002604843,2604.8,12098,46.3
2026-09-12T02:18:21Z,1789179501,002606203,2606.2,12108,44.6
2026-09-12T02:18:31Z,1789179511,002609013,2609.0,12118,46.3
2026-09-12T02:18:41Z,1789179521,002612641,2612.6,12128,46.3
2026-09-12T02:18:51Z,1789179531,002612793,2612.8,12138,46.3
2026-09-12T02:19:01Z,1789179541,002614263,2614.3,12148,45.8
2026-09-12T02:19:11Z,1789179551,002616385,2616.4,12158,46.3
2026-09-12T02:19:21Z,1789179561,002618788,2618.8,12168,46.3
2026-09-12T02:19:31Z,1789179571,002622585,2622.6,12178,46.3
2026-09-12T02:19:41Z,1789179581,002622811,2622.8,12188,44.6
2026-09-12T02:19:51Z,1789179591,002624762,2624.8,12198,45.8
2026-09-12T02:20:01Z,1789179601,002631032,2631.0,12208,45.8
2026-09-12T02:20:11Z,1789179611,002633177,2633.2,12218,45.8
2026-09-12T02:20:21Z,1789179621,002634102,2634.1,12228,46.9
2026-09-12T02:20:31Z,1789179631,002636864,2636.9,12238,45.8
2026-09-12T02:20:41Z,1789179641,002638073,2638.1,12248,46.9
2026-09-12T02:20:51Z,1789179651,002638657,2638.7,12258,46.3
2026-09-12T02:21:01Z,1789179661,002640317,2640.3,12268,47.4
2026-09-12T02:21:11Z,1789179671,002642944,2642.9,12278,47.4
2026-09-12T02:21:21Z,1789179681,002644444,2644.4,12288,47.4
2026-09-12T02:21:31Z,1789179691,002644997,2645.0,12298,46.9
2026-09-12T02:21:41Z,1789179701,002625112,2625.1,12308,48.5
2026-09-12T02:21:51Z,1789179711,002606731,2606.7,12318,47.4
2026-09-12T02:22:01Z,1789179721,002588197,2588.2,12328,47.4
2026-09-12T02:22:11Z,1789179731,002568190,2568.2,12338,47.4
2026-09-12T02:22:21Z,1789179741,002547684,2547.7,12348,47.4
2026-09-12T02:22:31Z,1789179751,002529895,2529.9,12358,47.4
2026-09-12T02:22:41Z,1789179761,002515538,2515.5,12368,47.4
2026-09-12T02:22:51Z,1789179771,002495201,2495.2,12378,46.3
2026-09-12T02:23:01Z,1789179781,002478470,2478.5,12388,47.4
2026-09-12T02:23:11Z,1789179791,002462078,2462.1,12398,47.4
2026-09-12T02:23:21Z,1789179801,002445836,2445.8,12408,46.9
2026-09-12T02:23:31Z,1789179811,002429868,2429.9,12418,46.9
2026-09-12T02:23:41Z,1789179821,002414333,2414.3,12428,47.4
2026-09-12T02:23:51Z,1789179831,002399987,2400.0,12438,46.3
2026-09-12T02:24:01Z,1789179841,002385026,2385.0,12448,46.3
2026-09-12T02:24:11Z,1789179851,002371298,2371.3,12458,45.2
2026-09-12T02:24:21Z,1789179861,002355743,2355.7,12468,46.9
2026-09-12T02:24:31Z,1789179871,002343983,2344.0,12478,46.9
2026-09-12T02:24:41Z,1789179881,002329386,2329.4,12488,45.2
2026-09-12T02:24:51Z,1789179891,002316668,2316.7,12498,45.8
2026-09-12T02:25:01Z,1789179901,002303046,2303.0,12508,45.8
2026-09-12T02:25:11Z,1789179911,002290886,2290.9,12518,45.8
2026-09-12T02:25:21Z,1789179921,002277980,2278.0,12528,45.2
2026-09-12T02:25:31Z,1789179931,002266953,2267.0,12538,46.3
2026-09-12T02:25:41Z,1789179941,002254134,2254.1,12548,46.9
2026-09-12T02:25:51Z,1789179951,002242703,2242.7,12558,46.3
2026-09-12T02:26:01Z,1789179961,002231416,2231.4,12568,45.2
2026-09-12T02:26:11Z,1789179971,002221545,2221.5,12578,46.9
2026-09-12T02:26:21Z,1789179981,002209625,2209.6,12588,45.8
2026-09-12T02:26:31Z,1789179991,002199780,2199.8,12598,46.3
2026-09-12T02:26:41Z,1789180001,002188692,2188.7,12608,46.3
2026-09-12T02:26:51Z,1789180011,002177486,2177.5,12618,46.3
2026-09-12T02:27:01Z,1789180021,002167678,2167.7,12628,45.2
2026-09-12T02:27:11Z,1789180031,002158059,2158.1,12638,45.2
2026-09-12T02:27:21Z,1789180041,002149053,2149.1,12648,45.8
2026-09-12T02:27:31Z,1789180051,002139284,2139.3,12658,46.9
2026-09-12T02:27:42Z,1789180061,002128398,2128.4,12668,45.2
2026-09-12T02:27:52Z,1789180072,002119554,2119.6,12679,46.3
2026-09-12T02:28:02Z,1789180082,002111366,2111.4,12689,46.3
2026-09-12T02:28:12Z,1789180092,002102161,2102.2,12699,45.8
2026-09-12T02:28:22Z,1789180102,002094214,2094.2,12709,46.3
2026-09-12T02:28:32Z,1789180112,002085799,2085.8,12719,46.9
2026-09-12T02:28:42Z,1789180122,002077450,2077.4,12729,45.8
2026-09-12T02:28:52Z,1789180132,002069331,2069.3,12739,45.8
2026-09-12T02:29:02Z,1789180142,002061736,2061.7,12749,45.2
2026-09-12T02:29:12Z,1789180152,002053716,2053.7,12759,45.2
2026-09-12T02:29:22Z,1789180162,002046269,2046.3,12769,45.2
2026-09-12T02:29:32Z,1789180172,002039558,2039.6,12779,45.2
2026-09-12T02:29:42Z,1789180182,002031804,2031.8,12789,46.3
2026-09-12T02:29:52Z,1789180192,002024817,2024.8,12799,44.6
2026-09-12T02:30:02Z,1789180202,002021356,2021.4,12809,46.9
2026-09-12T02:30:12Z,1789180212,002014398,2014.4,12819,46.9
2026-09-12T02:30:22Z,1789180222,002007644,2007.6,12829,46.3
2026-09-12T02:30:32Z,1789180232,002000945,2000.9,12839,47.4
2026-09-12T02:30:42Z,1789180242,001994149,1994.1,12849,46.3
2026-09-12T02:30:52Z,1789180252,001986994,1987.0,12859,45.8
2026-09-12T02:31:02Z,1789180262,001981128,1981.1,12869,47.4
2026-09-12T02:31:12Z,1789180272,001974620,1974.6,12879,47.4
2026-09-12T02:31:22Z,1789180282,001967617,1967.6,12889,47.4
2026-09-12T02:31:32Z,1789180292,001961728,1961.7,12899,46.3
2026-09-12T02:31:42Z,1789180302,001955544,1955.5,12909,48.0
2026-09-12T02:31:52Z,1789180312,001948969,1949.0,12919,45.8
2026-09-12T02:32:02Z,1789180322,001942594,1942.6,12929,47.4
2026-09-12T02:32:12Z,1789180332,001934639,1934.6,12939,46.3
2026-09-12T02:32:22Z,1789180342,001925788,1925.8,12949,46.3
2026-09-12T02:32:32Z,1789180352,001920038,1920.0,12959,47.4
2026-09-12T02:32:42Z,1789180362,001915202,1915.2,12969,47.4
2026-09-12T02:32:52Z,1789180372,001909056,1909.1,12979,45.8
2026-09-12T02:33:02Z,1789180382,001902302,1902.3,12989,45.8
2026-09-12T02:33:12Z,1789180392,001897734,1897.7,12999,45.8
2026-09-12T02:33:22Z,1789180402,001892239,1892.2,13009,46.9
2026-09-12T02:33:32Z,1789180412,001886816,1886.8,13019,46.3
2026-09-12T02:33:42Z,1789180422,001882297,1882.3,13029,45.8
2026-09-12T02:33:52Z,1789180432,001875604,1875.6,13039,46.3
2026-09-12T02:34:02Z,1789180442,001870867,1870.9,13049,46.3
2026-09-12T02:34:12Z,1789180452,001865806,1865.8,13059,46.3
2026-09-12T02:34:22Z,1789180462,001861197,1861.2,13069,46.9
2026-09-12T02:34:32Z,1789180472,001856593,1856.6,13079,46.9
2026-09-12T02:34:42Z,1789180482,001852365,1852.4,13089,45.8
2026-09-12T02:34:52Z,1789180492,001847955,1848.0,13099,45.2
2026-09-12T02:35:02Z,1789180502,001847879,1847.9,13109,46.9
2026-09-12T02:35:12Z,1789180512,001840489,1840.5,13119,45.8
2026-09-12T02:35:22Z,1789180522,001837356,1837.4,13129,46.3
2026-09-12T02:35:32Z,1789180532,001832906,1832.9,13139,46.3
2026-09-12T02:35:42Z,1789180542,001829359,1829.4,13149,46.9
2026-09-12T02:35:52Z,1789180552,001825121,1825.1,13159,46.3
2026-09-12T02:36:02Z,1789180562,001821821,1821.8,13169,45.8
2026-09-12T02:36:12Z,1789180572,001818864,1818.9,13179,45.2
2026-09-12T02:36:22Z,1789180582,001814769,1814.8,13189,46.3
2026-09-12T02:36:32Z,1789180592,001811700,1811.7,13199,44.6
2026-09-12T02:36:42Z,1789180602,001808896,1808.9,13209,46.3
2026-09-12T02:36:52Z,1789180612,001805413,1805.4,13219,45.2
2026-09-12T02:37:02Z,1789180622,001802693,1802.7,13229,44.6
2026-09-12T02:37:12Z,1789180632,001799032,1799.0,13239,44.6
2026-09-12T02:37:22Z,1789180642,001795650,1795.7,13249,45.8
2026-09-12T02:37:32Z,1789180652,001793732,1793.7,13259,45.2
2026-09-12T02:37:42Z,1789180662,001790740,1790.7,13269,45.8
2026-09-12T02:37:52Z,1789180672,001787895,1787.9,13279,46.3
2026-09-12T02:38:02Z,1789180682,001785343,1785.3,13289,46.3
2026-09-12T02:38:12Z,1789180692,001781789,1781.8,13299,44.6
2026-09-12T02:38:22Z,1789180702,001780395,1780.4,13309,44.6
2026-09-12T02:38:32Z,1789180712,001778035,1778.0,13319,46.3
2026-09-12T02:38:42Z,1789180722,001776037,1776.0,13329,46.3
2026-09-12T02:38:52Z,1789180732,001773033,1773.0,13339,44.6
2026-09-12T02:39:02Z,1789180742,001770631,1770.6,13349,45.8
2026-09-12T02:39:12Z,1789180752,001769220,1769.2,13359,45.2
2026-09-12T02:39:22Z,1789180762,001766318,1766.3,13369,46.3
2026-09-12T02:39:32Z,1789180772,001764664,1764.7,13379,45.2
2026-09-12T02:39:42Z,1789180782,001762516,1762.5,13389,45.8
2026-09-12T02:39:52Z,1789180792,001759355,1759.4,13399,46.3
2026-09-12T02:40:02Z,1789180802,001761312,1761.3,13409,45.2
2026-09-12T02:40:12Z,1789180812,001758475,1758.5,13419,46.9
2026-09-12T02:40:22Z,1789180822,001756642,1756.6,13429,46.9
2026-09-12T02:40:32Z,1789180832,001756015,1756.0,13439,46.9
2026-09-12T02:40:42Z,1789180842,001753409,1753.4,13449,46.9
2026-09-12T02:40:52Z,1789180852,001749971,1750.0,13459,47.4
2026-09-12T02:41:02Z,1789180862,001748329,1748.3,13469,46.9
2026-09-12T02:41:12Z,1789180872,001746797,1746.8,13479,45.8
2026-09-12T02:41:22Z,1789180882,001743210,1743.2,13489,46.9
2026-09-12T02:41:32Z,1789180892,001741138,1741.1,13499,47.4
2026-09-12T02:41:42Z,1789180902,001738769,1738.8,13509,47.4
2026-09-12T02:41:52Z,1789180912,001736192,1736.2,13519,47.4
2026-09-12T02:42:02Z,1789180922,001732741,1732.7,13529,46.9
2026-09-12T02:42:12Z,1789180932,001728304,1728.3,13539,46.3
2026-09-12T02:42:22Z,1789180942,001723918,1723.9,13549,45.8
2026-09-12T02:42:32Z,1789180952,001720100,1720.1,13559,46.3
2026-09-12T02:42:42Z,1789180962,001719738,1719.7,13569,45.8
2026-09-12T02:42:52Z,1789180972,001715833,1715.8,13579,46.9
2026-09-12T02:43:02Z,1789180982,001714606,1714.6,13589,45.8
2026-09-12T02:43:12Z,1789180992,001711074,1711.1,13599,45.2
2026-09-12T02:43:22Z,1789181002,001709089,1709.1,13609,46.3
2026-09-12T02:43:32Z,1789181012,001707151,1707.2,13619,46.9
2026-09-12T02:43:42Z,1789181022,001705869,1705.9,13629,45.2
2026-09-12T02:43:52Z,1789181032,001701799,1701.8,13639,47.4
2026-09-12T02:44:02Z,1789181042,001700608,1700.6,13649,47.4
2026-09-12T02:44:12Z,1789181052,001698480,1698.5,13659,46.9
2026-09-12T02:44:22Z,1789181062,001696025,1696.0,13669,46.9
2026-09-12T02:44:33Z,1789181073,001696308,1696.3,13680,46.3
2026-09-12T02:44:43Z,1789181083,001691923,1691.9,13690,47.4
2026-09-12T02:44:53Z,1789181093,001690673,1690.7,13700,46.9
2026-09-12T02:45:03Z,1789181103,001692168,1692.2,13710,46.3
2026-09-12T02:45:13Z,1789181113,001688945,1688.9,13720,45.2
2026-09-12T02:45:23Z,1789181123,001686078,1686.1,13730,46.9
2026-09-12T02:45:33Z,1789181133,001685141,1685.1,13740,44.6
2026-09-12T02:45:43Z,1789181143,001684355,1684.4,13750,46.9
2026-09-12T02:45:53Z,1789181153,001682979,1683.0,13760,46.3
2026-09-12T02:46:03Z,1789181163,001680327,1680.3,13770,45.2
2026-09-12T02:46:13Z,1789181173,001679400,1679.4,13780,46.3
2026-09-12T02:46:23Z,1789181183,001678066,1678.1,13790,47.4
2026-09-12T02:46:33Z,1789181193,001677623,1677.6,13800,46.3
2026-09-12T02:46:43Z,1789181203,001675494,1675.5,13810,46.3
2026-09-12T02:46:53Z,1789181213,001675848,1675.8,13820,46.3
2026-09-12T02:47:03Z,1789181223,001674794,1674.8,13830,46.3
2026-09-12T02:47:13Z,1789181233,001673999,1674.0,13840,46.9
2026-09-12T02:47:23Z,1789181243,001673333,1673.3,13850,45.2
2026-09-12T02:47:33Z,1789181253,001671499,1671.5,13860,46.9
2026-09-12T02:47:43Z,1789181263,001669756,1669.8,13870,46.3
2026-09-12T02:47:53Z,1789181273,001669030,1669.0,13880,45.2
2026-09-12T02:48:03Z,1789181283,001669376,1669.4,13890,45.2
2026-09-12T02:48:13Z,1789181293,001667645,1667.6,13900,45.8
2026-09-12T02:48:23Z,1789181303,001667449,1667.4,13910,45.8
2026-09-12T02:48:33Z,1789181313,001666472,1666.5,13920,44.6
2026-09-12T02:48:43Z,1789181323,001665769,1665.8,13930,45.8
2026-09-12T02:48:53Z,1789181333,001665360,1665.4,13940,46.3
2026-09-12T02:49:03Z,1789181343,001663871,1663.9,13950,45.8
2026-09-12T02:49:13Z,1789181353,001663046,1663.0,13960,46.3
2026-09-12T02:49:23Z,1789181363,001662605,1662.6,13970,44.6
2026-09-12T02:49:33Z,1789181373,001662529,1662.5,13980,45.8
2026-09-12T02:49:43Z,1789181383,001660597,1660.6,13990,45.8
2026-09-12T02:49:53Z,1789181393,001659289,1659.3,14000,45.2
2026-09-12T02:50:03Z,1789181403,001661031,1661.0,14010,45.8
2026-09-12T02:50:13Z,1789181413,001662619,1662.6,14020,46.9
2026-09-12T02:50:23Z,1789181423,001662349,1662.3,14030,46.9
2026-09-12T02:50:33Z,1789181433,001661665,1661.7,14040,46.3
2026-09-12T02:50:43Z,1789181443,001660123,1660.1,14050,46.9
2026-09-12T02:50:53Z,1789181453,001659408,1659.4,14060,45.8
2026-09-12T02:51:03Z,1789181463,001657908,1657.9,14070,45.8
2026-09-12T02:51:13Z,1789181473,001658549,1658.5,14080,45.8
2026-09-12T02:51:23Z,1789181483,001656775,1656.8,14090,46.9
2026-09-12T02:51:33Z,1789181493,001654734,1654.7,14100,47.4
2026-09-12T02:51:43Z,1789181503,001657981,1658.0,14110,47.4
2026-09-12T02:51:53Z,1789181513,001652221,1652.2,14120,47.4
2026-09-12T02:52:03Z,1789181523,001651952,1652.0,14130,46.3
2026-09-12T02:52:13Z,1789181533,001650212,1650.2,14140,46.3
2026-09-12T02:52:23Z,1789181543,001645389,1645.4,14150,47.4
2026-09-12T02:52:33Z,1789181553,001646020,1646.0,14160,46.3
2026-09-12T02:52:43Z,1789181563,001645754,1645.8,14170,46.9
2026-09-12T02:52:53Z,1789181573,001641848,1641.8,14180,45.8
2026-09-12T02:53:03Z,1789181583,001640360,1640.4,14190,46.9
2026-09-12T02:53:13Z,1789181593,001640509,1640.5,14200,46.9
2026-09-12T02:53:23Z,1789181603,001639390,1639.4,14210,46.9
2026-09-12T02:53:33Z,1789181613,001638501,1638.5,14220,46.9
2026-09-12T02:53:43Z,1789181623,001636714,1636.7,14230,46.9
2026-09-12T02:53:53Z,1789181633,001636805,1636.8,14240,45.2
2026-09-12T02:54:03Z,1789181643,001634830,1634.8,14250,45.2
2026-09-12T02:54:13Z,1789181653,001633863,1633.9,14260,46.3
2026-09-12T02:54:23Z,1789181663,001632682,1632.7,14270,45.8
2026-09-12T02:54:33Z,1789181673,001632064,1632.1,14280,46.9
2026-09-12T02:54:43Z,1789181683,001631435,1631.4,14290,46.9
2026-09-12T02:54:53Z,1789181693,001631832,1631.8,14300,46.9
2026-09-12T02:55:03Z,1789181703,001632717,1632.7,14310,46.3
2026-09-12T02:55:13Z,1789181713,001633073,1633.1,14320,44.1
2026-09-12T02:55:23Z,1789181723,001628843,1628.8,14330,45.8
2026-09-12T02:55:33Z,1789181733,001629286,1629.3,14340,46.3
2026-09-12T02:55:43Z,1789181743,001638997,1639.0,14350,46.3
2026-09-12T02:55:53Z,1789181753,001672581,1672.6,14360,45.2
2026-09-12T02:56:03Z,1789181763,001705030,1705.0,14370,45.2
2026-09-12T02:56:13Z,1789181773,001737857,1737.9,14380,46.3
2026-09-12T02:56:23Z,1789181783,001768718,1768.7,14390,45.2
2026-09-12T02:56:33Z,1789181793,001800068,1800.1,14400,45.8
2026-09-12T02:56:43Z,1789181803,001833084,1833.1,14410,45.2
2026-09-12T02:56:53Z,1789181813,001861405,1861.4,14420,44.1
2026-09-12T02:57:03Z,1789181823,001890948,1890.9,14430,44.6
2026-09-12T02:57:13Z,1789181833,001920760,1920.8,14440,45.8
2026-09-12T02:57:23Z,1789181843,001949071,1949.1,14450,45.8
2026-09-12T02:57:33Z,1789181853,001978780,1978.8,14460,46.3
2026-09-12T02:57:43Z,1789181863,002004414,2004.4,14470,44.6
2026-09-12T02:57:53Z,1789181873,002034111,2034.1,14480,45.2
2026-09-12T02:58:03Z,1789181883,002058955,2059.0,14490,45.8
2026-09-12T02:58:13Z,1789181893,002085563,2085.6,14500,45.8
2026-09-12T02:58:23Z,1789181903,002111870,2111.9,14510,44.6
2026-09-12T02:58:33Z,1789181913,002139847,2139.8,14520,46.3
2026-09-12T02:58:43Z,1789181923,002164372,2164.4,14530,45.8
2026-09-12T02:58:53Z,1789181933,002189177,2189.2,14540,45.2
2026-09-12T02:59:03Z,1789181943,002212248,2212.2,14550,45.8
2026-09-12T02:59:13Z,1789181953,002237483,2237.5,14560,45.8
2026-09-12T02:59:23Z,1789181963,002260814,2260.8,14570,44.6
2026-09-12T02:59:33Z,1789181973,002285304,2285.3,14580,44.6
2026-09-12T02:59:43Z,1789181983,002307850,2307.8,14590,44.6
2026-09-12T02:59:53Z,1789181993,002331310,2331.3,14600,44.6
2026-09-12T03:00:03Z,1789182003,002356042,2356.0,14610,45.8
2026-09-12T03:00:13Z,1789182013,002379515,2379.5,14620,46.3
2026-09-12T03:00:23Z,1789182023,002401923,2401.9,14630,46.3
2026-09-12T03:00:33Z,1789182033,002422936,2422.9,14640,45.2
2026-09-12T03:00:43Z,1789182043,002443488,2443.5,14650,45.2
2026-09-12T03:00:53Z,1789182053,002464974,2465.0,14660,46.9
2026-09-12T03:01:03Z,1789182063,002484659,2484.7,14670,46.3
2026-09-12T03:01:14Z,1789182073,002504289,2504.3,14680,46.3
2026-09-12T03:01:24Z,1789182084,002525062,2525.1,14691,46.3
2026-09-12T03:01:34Z,1789182094,002545516,2545.5,14701,46.3
2026-09-12T03:01:44Z,1789182104,002563858,2563.9,14711,46.3
2026-09-12T03:01:54Z,1789182114,002582298,2582.3,14721,46.9
2026-09-12T03:02:04Z,1789182124,002600656,2600.7,14731,47.4
2026-09-12T03:02:14Z,1789182134,002614252,2614.3,14741,45.8
2026-09-12T03:02:24Z,1789182144,002632016,2632.0,14751,45.8
2026-09-12T03:02:34Z,1789182154,002650954,2651.0,14761,47.4
2026-09-12T03:02:44Z,1789182164,002666330,2666.3,14771,46.9
2026-09-12T03:02:54Z,1789182174,002686075,2686.1,14781,47.4
2026-09-12T03:03:04Z,1789182184,002700545,2700.5,14791,46.9
2026-09-12T03:03:14Z,1789182194,002717189,2717.2,14801,46.9
2026-09-12T03:03:24Z,1789182204,002732049,2732.0,14811,45.2
2026-09-12T03:03:34Z,1789182214,002748648,2748.6,14821,47.4
2026-09-12T03:03:44Z,1789182224,002764767,2764.8,14831,45.2
2026-09-12T03:03:54Z,1789182234,002779560,2779.6,14841,46.9
2026-09-12T03:04:04Z,1789182244,002794307,2794.3,14851,45.8
2026-09-12T03:04:14Z,1789182254,002811366,2811.4,14861,46.3
2026-09-12T03:04:24Z,1789182264,002825907,2825.9,14871,46.3
2026-09-12T03:04:34Z,1789182274,002840952,2841.0,14881,46.9
2026-09-12T03:04:44Z,1789182284,002855413,2855.4,14891,45.8
2026-09-12T03:04:54Z,1789182294,002870107,2870.1,14901,46.3
2026-09-12T03:05:04Z,1789182304,002887836,2887.8,14911,44.6
2026-09-12T03:05:14Z,1789182314,002898825,2898.8,14921,45.8
2026-09-12T03:05:24Z,1789182324,002912207,2912.2,14931,46.3
2026-09-12T03:05:34Z,1789182334,002927541,2927.5,14941,46.3
2026-09-12T03:05:44Z,1789182344,002940405,2940.4,14951,45.8
2026-09-12T03:05:54Z,1789182354,002954580,2954.6,14961,46.3
2026-09-12T03:06:04Z,1789182364,002967662,2967.7,14971,46.3
2026-09-12T03:06:14Z,1789182374,002982376,2982.4,14981,46.9
2026-09-12T03:06:24Z,1789182384,002995633,2995.6,14991,46.3
2026-09-12T03:06:34Z,1789182394,003009974,3010.0,15001,45.2
2026-09-12T03:06:44Z,1789182404,003021973,3022.0,15011,46.3
2026-09-12T03:06:54Z,1789182414,003034729,3034.7,15021,46.9
2026-09-12T03:07:04Z,1789182424,003047336,3047.3,15031,46.3
2026-09-12T03:07:14Z,1789182434,003060168,3060.2,15041,46.3
2026-09-12T03:07:24Z,1789182444,003072764,3072.8,15051,46.3
2026-09-12T03:07:34Z,1789182454,003085682,3085.7,15061,46.3
2026-09-12T03:07:44Z,1789182464,003097408,3097.4,15071,46.3
2026-09-12T03:07:54Z,1789182474,003109980,3110.0,15081,46.9
2026-09-12T03:08:04Z,1789182484,003120920,3120.9,15091,47.4
2026-09-12T03:08:14Z,1789182494,003133323,3133.3,15101,44.6
2026-09-12T03:08:24Z,1789182504,003144358,3144.4,15111,45.2
2026-09-12T03:08:34Z,1789182514,003156897,3156.9,15121,45.8
2026-09-12T03:08:44Z,1789182524,003168111,3168.1,15131,45.8
2026-09-12T03:08:54Z,1789182534,003179872,3179.9,15141,44.6
2026-09-12T03:09:04Z,1789182544,003190569,3190.6,15151,45.2
2026-09-12T03:09:14Z,1789182554,003202596,3202.6,15161,46.9
2026-09-12T03:09:24Z,1789182564,003213141,3213.1,15171,45.8
2026-09-12T03:09:34Z,1789182574,003224073,3224.1,15181,44.6
2026-09-12T03:09:44Z,1789182584,003234712,3234.7,15191,45.8
2026-09-12T03:09:54Z,1789182594,003245393,3245.4,15201,46.9
2026-09-12T03:10:04Z,1789182604,003258968,3259.0,15211,45.8
2026-09-12T03:10:14Z,1789182614,003270793,3270.8,15221,46.3
2026-09-12T03:10:24Z,1789182624,003280295,3280.3,15231,46.3
2026-09-12T03:10:34Z,1789182634,003290217,3290.2,15241,47.4
2026-09-12T03:10:44Z,1789182644,003300024,3300.0,15251,46.3
2026-09-12T03:10:54Z,1789182654,003309736,3309.7,15261,48.0
2026-09-12T03:11:04Z,1789182664,003319836,3319.8,15271,47.4
2026-09-12T03:11:14Z,1789182674,003330216,3330.2,15281,47.4
2026-09-12T03:11:24Z,1789182684,003338358,3338.4,15291,47.4
2026-09-12T03:11:34Z,1789182694,003347986,3348.0,15301,46.9
2026-09-12T03:11:44Z,1789182704,003355991,3356.0,15311,47.4
2026-09-12T03:11:54Z,1789182714,003364745,3364.7,15321,46.3
2026-09-12T03:12:04Z,1789182724,003373083,3373.1,15331,48.0
2026-09-12T03:12:14Z,1789182734,003380284,3380.3,15341,46.9
2026-09-12T03:12:24Z,1789182744,003385388,3385.4,15351,47.4
2026-09-12T03:12:34Z,1789182754,003395265,3395.3,15361,46.9
2026-09-12T03:12:44Z,1789182764,003402343,3402.3,15371,47.4
2026-09-12T03:12:54Z,1789182774,003411383,3411.4,15381,46.3
2026-09-12T03:13:04Z,1789182784,003418609,3418.6,15391,46.9
2026-09-12T03:13:14Z,1789182794,003426744,3426.7,15401,45.8
2026-09-12T03:13:24Z,1789182804,003433716,3433.7,15411,45.8
2026-09-12T03:13:34Z,1789182814,003443416,3443.4,15421,45.2
2026-09-12T03:13:44Z,1789182824,003449898,3449.9,15431,46.3
2026-09-12T03:13:54Z,1789182834,003458981,3459.0,15441,45.8
2026-09-12T03:14:04Z,1789182844,003466924,3466.9,15451,46.3
2026-09-12T03:14:14Z,1789182854,003475173,3475.2,15461,46.3
2026-09-12T03:14:24Z,1789182864,003482859,3482.9,15471,46.3
2026-09-12T03:14:34Z,1789182874,003491150,3491.2,15481,46.9
2026-09-12T03:14:44Z,1789182884,003498344,3498.3,15491,45.2
2026-09-12T03:14:54Z,1789182894,003506219,3506.2,15501,47.4
2026-09-12T03:15:04Z,1789182904,003516610,3516.6,15511,45.2
2026-09-12T03:15:14Z,1789182914,003522555,3522.6,15521,46.3
2026-09-12T03:15:24Z,1789182924,003531444,3531.4,15531,46.3
2026-09-12T03:15:34Z,1789182934,003537964,3538.0,15541,46.9
2026-09-12T03:15:44Z,1789182944,003545615,3545.6,15551,46.3
2026-09-12T03:15:54Z,1789182954,003553231,3553.2,15561,46.3
2026-09-12T03:16:04Z,1789182964,003560388,3560.4,15571,45.2
2026-09-12T03:16:14Z,1789182974,003570254,3570.3,15581,46.3
2026-09-12T03:16:24Z,1789182984,003577941,3577.9,15591,47.4
2026-09-12T03:16:34Z,1789182994,003585782,3585.8,15601,45.8
2026-09-12T03:16:44Z,1789183004,003592075,3592.1,15611,44.6
2026-09-12T03:16:54Z,1789183014,003602118,3602.1,15621,46.3
2026-09-12T03:17:04Z,1789183024,003608263,3608.3,15631,44.6
2026-09-12T03:17:14Z,1789183034,003616048,3616.0,15641,46.3
2026-09-12T03:17:24Z,1789183044,003624530,3624.5,15651,46.3
2026-09-12T03:17:35Z,1789183054,003630893,3630.9,15661,45.2
2026-09-12T03:17:45Z,1789183065,003639428,3639.4,15672,45.8
2026-09-12T03:17:55Z,1789183075,003648204,3648.2,15682,46.3
2026-09-12T03:18:05Z,1789183085,003654198,3654.2,15692,45.2
2026-09-12T03:18:15Z,1789183095,003662133,3662.1,15702,45.8
2026-09-12T03:18:25Z,1789183105,003669789,3669.8,15712,45.8
2026-09-12T03:18:35Z,1789183115,003677720,3677.7,15722,46.3
2026-09-12T03:18:45Z,1789183125,003683854,3683.9,15732,45.2
2026-09-12T03:18:55Z,1789183135,003692508,3692.5,15742,46.9
2026-09-12T03:19:05Z,1789183145,003699884,3699.9,15752,45.8
2026-09-12T03:19:15Z,1789183155,003707669,3707.7,15762,44.6
2026-09-12T03:19:25Z,1789183165,003715104,3715.1,15772,45.8
2026-09-12T03:19:35Z,1789183175,003722579,3722.6,15782,46.3
2026-09-12T03:19:45Z,1789183185,003730095,3730.1,15792,45.8
2026-09-12T03:19:55Z,1789183195,003737762,3737.8,15802,46.9
2026-09-12T03:20:05Z,1789183205,003747860,3747.9,15812,44.6
2026-09-12T03:20:15Z,1789183215,003757649,3757.6,15822,46.9
2026-09-12T03:20:25Z,1789183225,003763999,3764.0,15832,45.2
2026-09-12T03:20:35Z,1789183235,003770708,3770.7,15842,46.9
2026-09-12T03:20:45Z,1789183245,003777461,3777.5,15852,46.3
2026-09-12T03:20:55Z,1789183255,003785889,3785.9,15862,47.4
2026-09-12T03:21:05Z,1789183265,003790806,3790.8,15872,45.8
2026-09-12T03:21:15Z,1789183275,003797954,3798.0,15882,47.4
2026-09-12T03:21:25Z,1789183285,003803908,3803.9,15892,47.4
2026-09-12T03:21:35Z,1789183295,003808576,3808.6,15902,45.8
2026-09-12T03:21:45Z,1789183305,003815791,3815.8,15912,45.8
2026-09-12T03:21:55Z,1789183315,003821295,3821.3,15922,47.4
2026-09-12T03:22:05Z,1789183325,003828754,3828.8,15932,47.4
2026-09-12T03:22:15Z,1789183335,003830485,3830.5,15942,46.3
2026-09-12T03:22:25Z,1789183345,003834544,3834.5,15952,45.2
2026-09-12T03:22:35Z,1789183355,003845041,3845.0,15962,46.9
2026-09-12T03:22:45Z,1789183365,003845051,3845.1,15972,46.3
2026-09-12T03:22:55Z,1789183375,003851539,3851.5,15982,46.9
2026-09-12T03:23:05Z,1789183385,003857781,3857.8,15992,46.9
2026-09-12T03:23:15Z,1789183395,003863409,3863.4,16002,45.2
2026-09-12T03:23:25Z,1789183405,003868996,3869.0,16012,47.4
2026-09-12T03:23:35Z,1789183415,003874988,3875.0,16022,45.8
2026-09-12T03:23:45Z,1789183425,003880940,3880.9,16032,46.9
2026-09-12T03:23:55Z,1789183435,003885223,3885.2,16042,48.0
2026-09-12T03:24:05Z,1789183445,003891598,3891.6,16052,45.8
2026-09-12T03:24:15Z,1789183455,003897063,3897.1,16062,46.3
2026-09-12T03:24:25Z,1789183465,003903343,3903.3,16072,45.2
2026-09-12T03:24:35Z,1789183475,003909085,3909.1,16082,45.8
2026-09-12T03:24:45Z,1789183485,003915086,3915.1,16092,46.3
2026-09-12T03:24:55Z,1789183495,003921124,3921.1,16102,46.3
2026-09-12T03:25:05Z,1789183505,003926811,3926.8,16112,45.2
2026-09-12T03:25:15Z,1789183515,003933184,3933.2,16122,46.3
2026-09-12T03:25:25Z,1789183525,003938761,3938.8,16132,46.9
2026-09-12T03:25:35Z,1789183535,003945231,3945.2,16142,46.9
2026-09-12T03:25:45Z,1789183545,003950867,3950.9,16152,46.3
2026-09-12T03:25:55Z,1789183555,003957302,3957.3,16162,44.6
2026-09-12T03:26:05Z,1789183565,003963333,3963.3,16172,46.9
2026-09-12T03:26:15Z,1789183575,003969200,3969.2,16182,46.3
2026-09-12T03:26:25Z,1789183585,003975292,3975.3,16192,46.3
2026-09-12T03:26:35Z,1789183595,003981369,3981.4,16202,45.2
2026-09-12T03:26:45Z,1789183605,003987173,3987.2,16212,45.8
2026-09-12T03:26:55Z,1789183615,003993480,3993.5,16222,45.2
2026-09-12T03:27:05Z,1789183625,003999125,3999.1,16232,46.3
2026-09-12T03:27:15Z,1789183635,004005625,4005.6,16242,46.9
2026-09-12T03:27:25Z,1789183645,004011187,4011.2,16252,44.6
2026-09-12T03:27:35Z,1789183655,004017309,4017.3,16262,44.6
2026-09-12T03:27:45Z,1789183665,004023455,4023.5,16272,46.3
2026-09-12T03:27:55Z,1789183675,004029904,4029.9,16282,45.8
2026-09-12T03:28:05Z,1789183685,004035617,4035.6,16292,45.2
2026-09-12T03:28:15Z,1789183695,004041595,4041.6,16302,45.8
2026-09-12T03:28:25Z,1789183705,004048136,4048.1,16312,46.3
2026-09-12T03:28:35Z,1789183715,004053905,4053.9,16322,46.3
2026-09-12T03:28:45Z,1789183725,004059848,4059.8,16332,45.8
2026-09-12T03:28:55Z,1789183735,004066298,4066.3,16342,45.8
2026-09-12T03:29:05Z,1789183745,004072347,4072.3,16352,45.8
2026-09-12T03:29:15Z,1789183755,004078145,4078.1,16362,44.6
2026-09-12T03:29:25Z,1789183765,004084636,4084.6,16372,46.3
2026-09-12T03:29:35Z,1789183775,004090394,4090.4,16382,44.6
2026-09-12T03:29:45Z,1789183785,004096586,4096.6,16392,44.6
2026-09-12T03:29:55Z,1789183795,004073739,4073.7,16402,44.6
2026-09-12T03:30:05Z,1789183805,004042032,4042.0,16412,46.9
2026-09-12T03:30:15Z,1789183815,004009834,4009.8,16422,47.4
2026-09-12T03:30:25Z,1789183825,003975390,3975.4,16432,46.3
2026-09-12T03:30:35Z,1789183835,003943761,3943.8,16442,46.9
2026-09-12T03:30:45Z,1789183845,003911601,3911.6,16452,48.0
2026-09-12T03:30:55Z,1789183855,003878972,3879.0,16462,45.8
2026-09-12T03:31:05Z,1789183865,003847045,3847.0,16472,45.8
2026-09-12T03:31:15Z,1789183875,003816736,3816.7,16482,46.9
2026-09-12T03:31:25Z,1789183885,003785809,3785.8,16492,46.9
2026-09-12T03:31:35Z,1789183895,003756031,3756.0,16502,47.4
2026-09-12T03:31:45Z,1789183905,003726928,3726.9,16512,47.4
2026-09-12T03:31:55Z,1789183915,003697913,3697.9,16522,45.2
2026-09-12T03:32:05Z,1789183925,003669180,3669.2,16532,47.4
2026-09-12T03:32:15Z,1789183935,003637385,3637.4,16542,46.3
2026-09-12T03:32:25Z,1789183945,003609998,3610.0,16552,47.4
2026-09-12T03:32:35Z,1789183955,003582749,3582.7,16562,46.9
2026-09-12T03:32:45Z,1789183965,003557444,3557.4,16572,46.9
2026-09-12T03:32:55Z,1789183975,003531498,3531.5,16582,46.9
2026-09-12T03:33:05Z,1789183985,003505846,3505.8,16592,47.4
2026-09-12T03:33:15Z,1789183995,003481737,3481.7,16602,46.9
2026-09-12T03:33:25Z,1789184005,003457459,3457.5,16612,47.4
2026-09-12T03:33:35Z,1789184015,003433927,3433.9,16622,46.3
2026-09-12T03:33:45Z,1789184025,003410448,3410.4,16632,47.4
2026-09-12T03:33:55Z,1789184035,003388162,3388.2,16642,46.9
2026-09-12T03:34:05Z,1789184045,003366003,3366.0,16652,45.8
2026-09-12T03:34:15Z,1789184055,003343999,3344.0,16662,45.8
2026-09-12T03:34:25Z,1789184065,003322848,3322.8,16672,45.2
2026-09-12T03:34:36Z,1789184075,003302243,3302.2,16682,46.3
2026-09-12T03:34:46Z,1789184086,003280835,3280.8,16693,46.3
2026-09-12T03:34:56Z,1789184096,003260729,3260.7,16703,45.8
2026-09-12T03:35:06Z,1789184106,003241552,3241.6,16713,45.2
2026-09-12T03:35:16Z,1789184116,003222741,3222.7,16723,45.2
2026-09-12T03:35:26Z,1789184126,003204346,3204.3,16733,44.6
2026-09-12T03:35:36Z,1789184136,003186005,3186.0,16743,46.9
2026-09-12T03:35:46Z,1789184146,003168863,3168.9,16753,46.9
2026-09-12T03:35:56Z,1789184156,003151372,3151.4,16763,44.6
2026-09-12T03:36:06Z,1789184166,003134730,3134.7,16773,46.3
2026-09-12T03:36:16Z,1789184176,003117801,3117.8,16783,46.9
2026-09-12T03:36:26Z,1789184186,003101633,3101.6,16793,45.8
2026-09-12T03:36:36Z,1789184196,003085315,3085.3,16803,46.3
2026-09-12T03:36:46Z,1789184206,003070152,3070.2,16813,44.6
2026-09-12T03:36:56Z,1789184216,003054454,3054.5,16823,46.3
2026-09-12T03:37:06Z,1789184226,003040011,3040.0,16833,46.3
2026-09-12T03:37:16Z,1789184236,003025002,3025.0,16843,45.2
2026-09-12T03:37:26Z,1789184246,003011291,3011.3,16853,45.8
2026-09-12T03:37:36Z,1789184256,002996967,2997.0,16863,46.3
2026-09-12T03:37:46Z,1789184266,002983541,2983.5,16873,45.2
2026-09-12T03:37:56Z,1789184276,002969840,2969.8,16883,44.6
2026-09-12T03:38:06Z,1789184286,002956583,2956.6,16893,45.8
2026-09-12T03:38:16Z,1789184296,002943708,2943.7,16903,45.8
2026-09-12T03:38:26Z,1789184306,002931394,2931.4,16913,45.8
2026-09-12T03:38:36Z,1789184316,002918360,2918.4,16923,47.4
2026-09-12T03:38:46Z,1789184326,002906599,2906.6,16933,45.2
2026-09-12T03:38:56Z,1789184336,002894903,2894.9,16943,46.3
2026-09-12T03:39:06Z,1789184346,002883714,2883.7,16953,45.8
2026-09-12T03:39:16Z,1789184356,002872097,2872.1,16963,45.2
2026-09-12T03:39:26Z,1789184366,002861385,2861.4,16973,46.3
2026-09-12T03:39:36Z,1789184376,002849940,2849.9,16983,45.2
2026-09-12T03:39:46Z,1789184386,002839981,2840.0,16993,46.9
2026-09-12T03:39:56Z,1789184396,002829488,2829.5,17003,44.6
2026-09-12T03:40:06Z,1789184406,002823192,2823.2,17013,45.2
2026-09-12T03:40:16Z,1789184416,002814001,2814.0,17023,46.9
2026-09-12T03:40:26Z,1789184426,002804167,2804.2,17033,45.2
2026-09-12T03:40:36Z,1789184436,002795021,2795.0,17043,47.4
2026-09-12T03:40:46Z,1789184446,002784744,2784.7,17053,46.9
2026-09-12T03:40:56Z,1789184456,002776388,2776.4,17063,46.9
2026-09-12T03:41:06Z,1789184466,002765466,2765.5,17073,47.4
2026-09-12T03:41:16Z,1789184476,002755642,2755.6,17083,47.4
2026-09-12T03:41:26Z,1789184486,002747097,2747.1,17093,47.4
2026-09-12T03:41:36Z,1789184496,002737532,2737.5,17103,46.9
2026-09-12T03:41:46Z,1789184506,002727832,2727.8,17113,46.3
2026-09-12T03:41:56Z,1789184516,002719642,2719.6,17123,47.4
2026-09-12T03:42:06Z,1789184526,002710828,2710.8,17133,46.3
2026-09-12T03:42:16Z,1789184536,002696831,2696.8,17143,47.4
2026-09-12T03:42:26Z,1789184546,002688334,2688.3,17153,47.4
2026-09-12T03:42:36Z,1789184556,002680296,2680.3,17163,46.9
2026-09-12T03:42:46Z,1789184566,002672307,2672.3,17173,45.8
2026-09-12T03:42:56Z,1789184576,002664142,2664.1,17183,45.2
2026-09-12T03:43:06Z,1789184586,002656240,2656.2,17193,45.8
2026-09-12T03:43:16Z,1789184596,002649156,2649.2,17203,46.3
2026-09-12T03:43:26Z,1789184606,002641591,2641.6,17213,46.3
2026-09-12T03:43:36Z,1789184616,002634466,2634.5,17223,45.8
2026-09-12T03:43:46Z,1789184626,002626632,2626.6,17233,46.3
2026-09-12T03:43:56Z,1789184636,002620475,2620.5,17243,46.9
2026-09-12T03:44:06Z,1789184646,002613731,2613.7,17253,46.3
2026-09-12T03:44:16Z,1789184656,002606788,2606.8,17263,46.3
2026-09-12T03:44:26Z,1789184666,002600958,2601.0,17273,47.4
2026-09-12T03:44:36Z,1789184676,002595683,2595.7,17283,45.2
2026-09-12T03:44:46Z,1789184686,002588645,2588.6,17293,46.9
2026-09-12T03:44:56Z,1789184696,002582843,2582.8,17303,46.3
2026-09-12T03:45:06Z,1789184706,002577384,2577.4,17313,46.3
2026-09-12T03:45:16Z,1789184716,002571767,2571.8,17323,45.8
2026-09-12T03:45:26Z,1789184726,002566266,2566.3,17333,46.9
2026-09-12T03:45:36Z,1789184736,002560787,2560.8,17343,46.3
2026-09-12T03:45:46Z,1789184746,002556199,2556.2,17353,45.8
2026-09-12T03:45:56Z,1789184756,002551221,2551.2,17363,46.9
2026-09-12T03:46:06Z,1789184766,002546240,2546.2,17373,46.3
2026-09-12T03:46:16Z,1789184776,002542031,2542.0,17383,45.8
2026-09-12T03:46:26Z,1789184786,002537704,2537.7,17393,46.3
2026-09-12T03:46:36Z,1789184796,002538868,2538.9,17403,46.3
2026-09-12T03:46:46Z,1789184806,002529187,2529.2,17413,45.2
2026-09-12T03:46:56Z,1789184816,002525122,2525.1,17423,45.2
2026-09-12T03:47:06Z,1789184826,002521229,2521.2,17433,47.4
2026-09-12T03:47:16Z,1789184836,002517318,2517.3,17443,46.3
2026-09-12T03:47:26Z,1789184846,002513574,2513.6,17453,44.6
2026-09-12T03:47:36Z,1789184856,002510106,2510.1,17463,46.9
2026-09-12T03:47:46Z,1789184866,002506559,2506.6,17473,44.6
2026-09-12T03:47:56Z,1789184876,002503155,2503.2,17483,47.4
2026-09-12T03:48:06Z,1789184886,002499467,2499.5,17493,46.3
2026-09-12T03:48:16Z,1789184896,002496511,2496.5,17503,45.2
2026-09-12T03:48:26Z,1789184906,002493488,2493.5,17513,46.3
2026-09-12T03:48:36Z,1789184916,002490176,2490.2,17523,44.6
2026-09-12T03:48:46Z,1789184926,002487721,2487.7,17533,45.8
2026-09-12T03:48:56Z,1789184936,002484787,2484.8,17543,44.6
2026-09-12T03:49:06Z,1789184946,002481837,2481.8,17553,45.8
2026-09-12T03:49:16Z,1789184956,002479240,2479.2,17563,45.8
2026-09-12T03:49:26Z,1789184966,002476881,2476.9,17573,46.3
2026-09-12T03:49:36Z,1789184976,002474762,2474.8,17583,45.8
2026-09-12T03:49:46Z,1789184986,002472453,2472.5,17593,44.6
2026-09-12T03:49:56Z,1789184996,002470195,2470.2,17603,46.3
2026-09-12T03:50:06Z,1789185006,002472523,2472.5,17613,47.4
2026-09-12T03:50:16Z,1789185016,002471380,2471.4,17623,46.3
2026-09-12T03:50:26Z,1789185026,002468784,2468.8,17633,46.3
2026-09-12T03:50:36Z,1789185036,002464936,2464.9,17643,46.3
2026-09-12T03:50:46Z,1789185046,002463966,2464.0,17653,46.3
2026-09-12T03:50:56Z,1789185056,002460502,2460.5,17663,46.3
2026-09-12T03:51:06Z,1789185066,002459061,2459.1,17673,45.8
2026-09-12T03:51:16Z,1789185076,002456623,2456.6,17683,45.8
2026-09-12T03:51:26Z,1789185086,002453520,2453.5,17693,47.4
2026-09-12T03:51:37Z,1789185096,002450216,2450.2,17703,47.4
2026-09-12T03:51:47Z,1789185107,002447970,2448.0,17714,46.9
2026-09-12T03:51:57Z,1789185117,002445985,2446.0,17724,46.9
2026-09-12T03:52:07Z,1789185127,002442515,2442.5,17734,47.4
2026-09-12T03:52:17Z,1789185137,002435488,2435.5,17744,46.9
2026-09-12T03:52:27Z,1789185147,002433103,2433.1,17754,47.4
2026-09-12T03:52:37Z,1789185157,002430362,2430.4,17764,45.8
2026-09-12T03:52:47Z,1789185167,002427948,2427.9,17774,45.8
2026-09-12T03:52:57Z,1789185177,002425563,2425.6,17784,46.3
2026-09-12T03:53:07Z,1789185187,002423356,2423.4,17794,46.3
2026-09-12T03:53:17Z,1789185197,002421085,2421.1,17804,46.9
2026-09-12T03:53:27Z,1789185207,002418951,2419.0,17814,46.3
2026-09-12T03:53:37Z,1789185217,002416695,2416.7,17824,46.3
2026-09-12T03:53:47Z,1789185227,002414984,2415.0,17834,47.4
2026-09-12T03:53:57Z,1789185237,002413389,2413.4,17844,45.8
2026-09-12T03:54:07Z,1789185247,002411633,2411.6,17854,45.8
2026-09-12T03:54:17Z,1789185257,002410197,2410.2,17864,46.3
2026-09-12T03:54:27Z,1789185267,002408708,2408.7,17874,45.8
2026-09-12T03:54:37Z,1789185277,002407222,2407.2,17884,45.8
2026-09-12T03:54:47Z,1789185287,002405885,2405.9,17894,46.3
2026-09-12T03:54:57Z,1789185297,002404717,2404.7,17904,46.3
2026-09-12T03:55:07Z,1789185307,002403587,2403.6,17914,46.3
2026-09-12T03:55:17Z,1789185317,002402437,2402.4,17924,46.3
2026-09-12T03:55:27Z,1789185327,002400973,2401.0,17934,45.8
2026-09-12T03:55:37Z,1789185337,002400024,2400.0,17944,46.3
2026-09-12T03:55:47Z,1789185347,002399388,2399.4,17954,46.9
2026-09-12T03:55:57Z,1789185357,002398453,2398.5,17964,46.3
2026-09-12T03:56:07Z,1789185367,002397126,2397.1,17974,44.6
2026-09-12T03:56:17Z,1789185377,002396997,2397.0,17984,46.9
2026-09-12T03:56:27Z,1789185387,002396069,2396.1,17994,45.2
2026-09-12T03:56:37Z,1789185397,002395282,2395.3,18004,45.2
2026-09-12T03:56:47Z,1789185407,002394859,2394.9,18014,45.8
2026-09-12T03:56:57Z,1789185417,002394004,2394.0,18024,45.8
2026-09-12T03:57:07Z,1789185427,002393455,2393.5,18034,46.3
2026-09-12T03:57:17Z,1789185437,002392641,2392.6,18044,45.8
2026-09-12T03:57:27Z,1789185447,002392503,2392.5,18054,45.8
2026-09-12T03:57:37Z,1789185457,002392188,2392.2,18064,46.3
2026-09-12T03:57:47Z,1789185467,002391734,2391.7,18074,46.3
2026-09-12T03:57:57Z,1789185477,002391012,2391.0,18084,46.9
2026-09-12T03:58:07Z,1789185487,002391093,2391.1,18094,45.2
2026-09-12T03:58:17Z,1789185497,002390961,2391.0,18104,45.2
2026-09-12T03:58:27Z,1789185507,002390501,2390.5,18114,44.6
2026-09-12T03:58:37Z,1789185517,002390325,2390.3,18124,45.8
2026-09-12T03:58:47Z,1789185527,002390636,2390.6,18134,45.8
2026-09-12T03:58:57Z,1789185537,002390491,2390.5,18144,46.3
2026-09-12T03:59:07Z,1789185547,002390536,2390.5,18154,46.3
2026-09-12T03:59:17Z,1789185557,002390379,2390.4,18164,45.2
2026-09-12T03:59:27Z,1789185567,002390544,2390.5,18174,45.2
2026-09-12T03:59:37Z,1789185577,002390582,2390.6,18184,44.6
2026-09-12T03:59:47Z,1789185587,002390678,2390.7,18194,45.8
2026-09-12T03:59:57Z,1789185597,002390889,2390.9,18204,46.3
2026-09-12T04:00:07Z,1789185607,002402250,2402.2,18214,47.4
2026-09-12T04:00:17Z,1789185617,002394965,2395.0,18224,45.2
2026-09-12T04:00:27Z,1789185627,002395292,2395.3,18234,47.4
2026-09-12T04:00:37Z,1789185637,002395139,2395.1,18244,45.8
2026-09-12T04:00:47Z,1789185647,002394580,2394.6,18254,46.3
2026-09-12T04:00:57Z,1789185657,002394743,2394.7,18264,46.3
2026-09-12T04:01:07Z,1789185667,002394610,2394.6,18274,47.4
2026-09-12T04:01:17Z,1789185677,002392866,2392.9,18284,46.3
2026-09-12T04:01:27Z,1789185687,002394195,2394.2,18294,48.0
2026-09-12T04:01:37Z,1789185697,002393300,2393.3,18304,46.9
2026-09-12T04:01:47Z,1789185707,002392294,2392.3,18314,46.9
2026-09-12T04:01:57Z,1789185717,002390563,2390.6,18324,48.5
2026-09-12T04:02:07Z,1789185727,002391479,2391.5,18334,48.0
2026-09-12T04:02:17Z,1789185737,002384836,2384.8,18344,46.9
2026-09-12T04:02:27Z,1789185747,002384728,2384.7,18354,46.9
2026-09-12T04:02:37Z,1789185757,002383451,2383.5,18364,46.3
2026-09-12T04:02:47Z,1789185767,002382707,2382.7,18374,46.9
2026-09-12T04:02:57Z,1789185777,002382478,2382.5,18384,47.4
2026-09-12T04:03:07Z,1789185787,002381745,2381.7,18394,46.9
2026-09-12T04:03:17Z,1789185797,002381083,2381.1,18404,46.9
2026-09-12T04:03:27Z,1789185807,002380360,2380.4,18414,47.4
2026-09-12T04:03:37Z,1789185817,002379966,2380.0,18424,46.9
2026-09-12T04:03:47Z,1789185827,002379678,2379.7,18434,45.2
2026-09-12T04:03:57Z,1789185837,002379911,2379.9,18444,46.3
2026-09-12T04:04:07Z,1789185847,002382430,2382.4,18454,46.3
2026-09-12T04:04:17Z,1789185857,002385833,2385.8,18464,45.2
2026-09-12T04:04:27Z,1789185867,002388732,2388.7,18474,46.3
2026-09-12T04:04:37Z,1789185877,002391627,2391.6,18484,46.9
2026-09-12T04:04:47Z,1789185887,002394780,2394.8,18494,46.3
2026-09-12T04:04:57Z,1789185897,002397837,2397.8,18504,46.3
2026-09-12T04:05:07Z,1789185907,002400933,2400.9,18514,46.3
2026-09-12T04:05:17Z,1789185917,002403379,2403.4,18524,46.3
2026-09-12T04:05:27Z,1789185927,002406751,2406.8,18534,45.2
2026-09-12T04:05:37Z,1789185937,002409773,2409.8,18544,45.8
2026-09-12T04:05:47Z,1789185947,002412686,2412.7,18554,46.3
2026-09-12T04:05:57Z,1789185957,002415749,2415.7,18564,45.8
2026-09-12T04:06:07Z,1789185967,002418556,2418.6,18574,46.3
2026-09-12T04:06:17Z,1789185977,002421739,2421.7,18584,45.8
2026-09-12T04:06:27Z,1789185987,002424129,2424.1,18594,46.9
2026-09-12T04:06:37Z,1789185997,002426932,2426.9,18604,45.2
2026-09-12T04:06:47Z,1789186007,002430352,2430.4,18614,45.8
2026-09-12T04:06:57Z,1789186017,002433204,2433.2,18624,46.3
2026-09-12T04:07:07Z,1789186027,002435767,2435.8,18634,47.4
2026-09-12T04:07:17Z,1789186037,002438634,2438.6,18644,45.8
2026-09-12T04:07:27Z,1789186047,002441732,2441.7,18654,45.2
2026-09-12T04:07:37Z,1789186057,002444726,2444.7,18664,45.8
2026-09-12T04:07:47Z,1789186067,002447545,2447.5,18674,44.6
2026-09-12T04:07:57Z,1789186077,002450059,2450.1,18684,44.1
2026-09-12T04:08:07Z,1789186087,002453287,2453.3,18694,46.3
2026-09-12T04:08:17Z,1789186097,002456008,2456.0,18704,47.4
2026-09-12T04:08:28Z,1789186107,002458443,2458.4,18714,46.3
2026-09-12T04:08:38Z,1789186118,002461864,2461.9,18725,45.8
2026-09-12T04:08:48Z,1789186128,002464247,2464.2,18735,45.2
2026-09-12T04:08:58Z,1789186138,002466976,2467.0,18745,44.1
2026-09-12T04:09:08Z,1789186148,002469682,2469.7,18755,46.3
2026-09-12T04:09:18Z,1789186158,002472994,2473.0,18765,45.8
2026-09-12T04:09:28Z,1789186168,002475487,2475.5,18775,45.8
2026-09-12T04:09:38Z,1789186178,002478180,2478.2,18785,45.8
2026-09-12T04:09:48Z,1789186188,002480870,2480.9,18795,45.2
2026-09-12T04:09:58Z,1789186198,002484094,2484.1,18805,45.8
2026-09-12T04:10:08Z,1789186208,002489778,2489.8,18815,47.4
2026-09-12T04:10:18Z,1789186218,002494441,2494.4,18825,46.9
2026-09-12T04:10:28Z,1789186228,002496103,2496.1,18835,46.9
2026-09-12T04:10:38Z,1789186238,002499486,2499.5,18845,47.4
2026-09-12T04:10:48Z,1789186248,002499756,2499.8,18855,46.3
2026-09-12T04:10:58Z,1789186258,002503082,2503.1,18865,46.3
2026-09-12T04:11:08Z,1789186268,002505981,2506.0,18875,46.9
2026-09-12T04:11:18Z,1789186278,002506603,2506.6,18885,47.4
2026-09-12T04:11:28Z,1789186288,002509059,2509.1,18895,47.4
2026-09-12T04:11:38Z,1789186298,002509867,2509.9,18905,46.9
2026-09-12T04:11:48Z,1789186308,002511787,2511.8,18915,48.5
2026-09-12T04:11:58Z,1789186318,002513506,2513.5,18925,47.4
2026-09-12T04:12:08Z,1789186328,002513226,2513.2,18935,47.4
2026-09-12T04:12:18Z,1789186338,002511838,2511.8,18945,46.3
2026-09-12T04:12:28Z,1789186348,002511581,2511.6,18955,47.4
2026-09-12T04:12:38Z,1789186358,002517716,2517.7,18965,47.4
2026-09-12T04:12:48Z,1789186368,002514170,2514.2,18975,46.9
2026-09-12T04:12:58Z,1789186378,002516052,2516.1,18985,46.9
2026-09-12T04:13:08Z,1789186388,002516697,2516.7,18995,45.8
2026-09-12T04:13:18Z,1789186398,002518662,2518.7,19005,46.9
2026-09-12T04:13:28Z,1789186408,002519760,2519.8,19015,46.3
2026-09-12T04:13:38Z,1789186418,002521177,2521.2,19025,46.9
2026-09-12T04:13:48Z,1789186428,002522470,2522.5,19035,46.3
2026-09-12T04:13:58Z,1789186438,002523842,2523.8,19045,45.2
2026-09-12T04:14:08Z,1789186448,002525126,2525.1,19055,46.9
2026-09-12T04:14:18Z,1789186458,002527547,2527.5,19065,45.8
2026-09-12T04:14:28Z,1789186468,002528268,2528.3,19075,46.3
2026-09-12T04:14:38Z,1789186478,002530681,2530.7,19085,45.8
2026-09-12T04:14:48Z,1789186488,002531972,2532.0,19095,45.8
2026-09-12T04:14:58Z,1789186498,002533971,2534.0,19105,46.3
2026-09-12T04:15:08Z,1789186508,002535368,2535.4,19115,46.3
2026-09-12T04:15:18Z,1789186518,002537437,2537.4,19125,46.3
2026-09-12T04:15:28Z,1789186528,002538792,2538.8,19135,46.3
2026-09-12T04:15:38Z,1789186538,002540969,2541.0,19145,46.3
2026-09-12T04:15:48Z,1789186548,002542469,2542.5,19155,46.3
2026-09-12T04:15:58Z,1789186558,002544328,2544.3,19165,45.8
2026-09-12T04:16:08Z,1789186568,002546084,2546.1,19175,45.8
2026-09-12T04:16:18Z,1789186578,002547867,2547.9,19185,45.2
2026-09-12T04:16:28Z,1789186588,002549195,2549.2,19195,45.8
2026-09-12T04:16:38Z,1789186598,002554292,2554.3,19205,45.8
2026-09-12T04:16:48Z,1789186608,002553157,2553.2,19215,43.5
2026-09-12T04:16:58Z,1789186618,002555289,2555.3,19225,45.2
2026-09-12T04:17:08Z,1789186628,002556728,2556.7,19235,46.3
2026-09-12T04:17:18Z,1789186638,002558806,2558.8,19245,46.3
2026-09-12T04:17:28Z,1789186648,002560301,2560.3,19255,44.6
2026-09-12T04:17:38Z,1789186658,002562434,2562.4,19265,45.8
2026-09-12T04:17:48Z,1789186668,002563986,2564.0,19275,45.8
2026-09-12T04:17:58Z,1789186678,002565955,2566.0,19285,46.3
2026-09-12T04:18:08Z,1789186688,002567378,2567.4,19295,44.6
2026-09-12T04:18:18Z,1789186698,002569146,2569.1,19305,46.3
2026-09-12T04:18:28Z,1789186708,002571090,2571.1,19315,45.8
2026-09-12T04:18:38Z,1789186718,002573175,2573.2,19325,45.8
2026-09-12T04:18:48Z,1789186728,002574716,2574.7,19335,46.3
2026-09-12T04:18:58Z,1789186738,002576544,2576.5,19345,46.3
2026-09-12T04:19:08Z,1789186748,002578515,2578.5,19355,46.3
2026-09-12T04:19:18Z,1789186758,002580737,2580.7,19365,45.8
2026-09-12T04:19:28Z,1789186768,002582230,2582.2,19375,45.8
2026-09-12T04:19:38Z,1789186778,002583919,2583.9,19385,46.3
2026-09-12T04:19:48Z,1789186788,002585936,2585.9,19395,44.6
2026-09-12T04:19:58Z,1789186798,002588001,2588.0,19405,44.1
2026-09-12T04:20:08Z,1789186808,002591966,2592.0,19415,45.8
2026-09-12T04:20:18Z,1789186818,002596945,2596.9,19425,46.9
2026-09-12T04:20:28Z,1789186828,002596898,2596.9,19435,45.2
2026-09-12T04:20:38Z,1789186838,002599049,2599.0,19445,45.8
2026-09-12T04:20:48Z,1789186848,002599805,2599.8,19455,46.9
2026-09-12T04:20:58Z,1789186858,002600925,2600.9,19465,46.9
2026-09-12T04:21:08Z,1789186868,002603299,2603.3,19475,46.9
2026-09-12T04:21:18Z,1789186878,002603575,2603.6,19485,48.0
2026-09-12T04:21:28Z,1789186888,002604456,2604.5,19495,47.4
2026-09-12T04:21:38Z,1789186898,002605850,2605.8,19505,47.4
2026-09-12T04:21:48Z,1789186908,002605665,2605.7,19515,48.0
2026-09-12T04:21:58Z,1789186918,002606085,2606.1,19525,46.3
2026-09-12T04:22:08Z,1789186928,002605908,2605.9,19535,47.4
2026-09-12T04:22:18Z,1789186938,002603727,2603.7,19545,48.0
2026-09-12T04:22:28Z,1789186948,002603539,2603.5,19555,47.4
2026-09-12T04:22:38Z,1789186958,002604532,2604.5,19565,45.8
2026-09-12T04:22:48Z,1789186968,002604669,2604.7,19575,47.4
2026-09-12T04:22:58Z,1789186978,002605875,2605.9,19585,46.3
2026-09-12T04:23:08Z,1789186988,002606651,2606.7,19595,47.4
2026-09-12T04:23:18Z,1789186998,002607088,2607.1,19605,47.4
2026-09-12T04:23:28Z,1789187008,002608207,2608.2,19615,45.8
2026-09-12T04:23:38Z,1789187018,002608857,2608.9,19625,46.9
2026-09-12T04:23:48Z,1789187028,002609486,2609.5,19635,46.9
2026-09-12T04:23:58Z,1789187038,002610739,2610.7,19645,46.9
2026-09-12T04:24:08Z,1789187048,002611656,2611.7,19655,46.9
2026-09-12T04:24:18Z,1789187058,002612531,2612.5,19665,46.9
2026-09-12T04:24:28Z,1789187068,002613847,2613.8,19675,46.3
2026-09-12T04:24:38Z,1789187078,002614530,2614.5,19685,46.3
2026-09-12T04:24:48Z,1789187088,002616005,2616.0,19695,45.8
2026-09-12T04:24:58Z,1789187098,002617679,2617.7,19705,46.9
2026-09-12T04:25:08Z,1789187108,002618277,2618.3,19715,45.2
2026-09-12T04:25:18Z,1789187118,002619334,2619.3,19725,45.2
2026-09-12T04:25:28Z,1789187128,002620312,2620.3,19735,45.2
2026-09-12T04:25:39Z,1789187138,002622233,2622.2,19745,46.3
2026-09-12T04:25:49Z,1789187149,002622921,2622.9,19756,45.8
2026-09-12T04:25:59Z,1789187159,002624556,2624.6,19766,46.3
2026-09-12T04:26:09Z,1789187169,002626077,2626.1,19776,46.3
2026-09-12T04:26:19Z,1789187179,002626854,2626.9,19786,46.3
2026-09-12T04:26:29Z,1789187189,002628240,2628.2,19796,46.3
2026-09-12T04:26:39Z,1789187199,002630102,2630.1,19806,46.3
2026-09-12T04:26:49Z,1789187209,002631445,2631.4,19816,44.6
2026-09-12T04:26:59Z,1789187219,002632858,2632.9,19826,45.8
2026-09-12T04:27:09Z,1789187229,002633621,2633.6,19836,45.8
2026-09-12T04:27:19Z,1789187239,002635825,2635.8,19846,45.8
2026-09-12T04:27:29Z,1789187249,002637359,2637.4,19856,46.3
2026-09-12T04:27:39Z,1789187259,002638909,2638.9,19866,46.3
2026-09-12T04:27:49Z,1789187269,002640569,2640.6,19876,46.3
2026-09-12T04:27:59Z,1789187279,002642021,2642.0,19886,45.8
2026-09-12T04:28:09Z,1789187289,002643656,2643.7,19896,47.4
2026-09-12T04:28:19Z,1789187299,002644919,2644.9,19906,45.8
2026-09-12T04:28:29Z,1789187309,002647048,2647.0,19916,44.6
2026-09-12T04:28:39Z,1789187319,002648750,2648.8,19926,46.3
2026-09-12T04:28:49Z,1789187329,002650209,2650.2,19936,46.3
2026-09-12T04:28:59Z,1789187339,002651554,2651.6,19946,46.3
2026-09-12T04:29:09Z,1789187349,002653693,2653.7,19956,45.8
2026-09-12T04:29:19Z,1789187359,002655386,2655.4,19966,45.2
2026-09-12T04:29:29Z,1789187369,002656651,2656.7,19976,45.8
2026-09-12T04:29:39Z,1789187379,002658470,2658.5,19986,45.8
2026-09-12T04:29:49Z,1789187389,002660545,2660.5,19996,46.9
2026-09-12T04:29:59Z,1789187399,002662248,2662.2,20006,45.8
2026-09-12T04:30:09Z,1789187409,002668078,2668.1,20016,45.2
2026-09-12T04:30:19Z,1789187419,002669888,2669.9,20026,46.9
2026-09-12T04:30:29Z,1789187429,002671918,2671.9,20036,46.3
2026-09-12T04:30:39Z,1789187439,002673668,2673.7,20046,46.9
2026-09-12T04:30:49Z,1789187449,002674713,2674.7,20056,46.3
2026-09-12T04:30:59Z,1789187459,002675275,2675.3,20066,46.9
2026-09-12T04:31:09Z,1789187469,002674965,2675.0,20076,46.3
2026-09-12T04:31:19Z,1789187479,002677023,2677.0,20086,45.2
2026-09-12T04:31:29Z,1789187489,002678301,2678.3,20096,46.9
2026-09-12T04:31:39Z,1789187499,002679097,2679.1,20106,46.9
2026-09-12T04:31:49Z,1789187509,002678409,2678.4,20116,48.0
2026-09-12T04:31:59Z,1789187519,002679886,2679.9,20126,47.4
2026-09-12T04:32:09Z,1789187529,002678770,2678.8,20136,48.5
2026-09-12T04:32:19Z,1789187539,002676373,2676.4,20146,47.4
2026-09-12T04:32:29Z,1789187549,002676809,2676.8,20156,46.9
2026-09-12T04:32:39Z,1789187559,002677243,2677.2,20166,47.4
2026-09-12T04:32:49Z,1789187569,002677713,2677.7,20176,47.4
2026-09-12T04:32:59Z,1789187579,002678144,2678.1,20186,45.8
2026-09-12T04:33:09Z,1789187589,002678667,2678.7,20196,47.4
2026-09-12T04:33:19Z,1789187599,002678910,2678.9,20206,46.9
2026-09-12T04:33:29Z,1789187609,002680170,2680.2,20216,45.8
2026-09-12T04:33:39Z,1789187619,002680670,2680.7,20226,46.9
2026-09-12T04:33:49Z,1789187629,002681428,2681.4,20236,47.4
2026-09-12T04:33:59Z,1789187639,002682221,2682.2,20246,45.2
2026-09-12T04:34:09Z,1789187649,002682791,2682.8,20256,45.2
2026-09-12T04:34:19Z,1789187659,002683786,2683.8,20266,46.9
2026-09-12T04:34:29Z,1789187669,002684668,2684.7,20276,46.3
2026-09-12T04:34:39Z,1789187679,002686160,2686.2,20286,46.3
2026-09-12T04:34:49Z,1789187689,002687189,2687.2,20296,46.3
2026-09-12T04:34:59Z,1789187699,002688253,2688.3,20306,45.8
2026-09-12T04:35:09Z,1789187709,002689019,2689.0,20316,46.3
2026-09-12T04:35:19Z,1789187719,002690711,2690.7,20326,45.2
2026-09-12T04:35:29Z,1789187729,002691883,2691.9,20336,45.2
2026-09-12T04:35:39Z,1789187739,002693128,2693.1,20346,45.2
2026-09-12T04:35:49Z,1789187749,002693779,2693.8,20356,46.3
2026-09-12T04:35:59Z,1789187759,002695762,2695.8,20366,46.9
2026-09-12T04:36:09Z,1789187769,002697116,2697.1,20376,44.6
2026-09-12T04:36:19Z,1789187779,002698301,2698.3,20386,45.2
2026-09-12T04:36:29Z,1789187789,002699911,2699.9,20396,47.4
2026-09-12T04:36:39Z,1789187799,002701502,2701.5,20406,45.8
2026-09-12T04:36:49Z,1789187809,002702796,2702.8,20416,45.2
2026-09-12T04:36:59Z,1789187819,002704181,2704.2,20426,45.2
2026-09-12T04:37:09Z,1789187829,002705547,2705.5,20436,46.3
2026-09-12T04:37:19Z,1789187839,002707079,2707.1,20446,46.3
2026-09-12T04:37:29Z,1789187849,002708498,2708.5,20456,44.6
2026-09-12T04:37:39Z,1789187859,002709491,2709.5,20466,46.9
2026-09-12T04:37:49Z,1789187869,002711391,2711.4,20476,45.2
2026-09-12T04:37:59Z,1789187879,002712938,2712.9,20486,44.6
2026-09-12T04:38:09Z,1789187889,002709372,2709.4,20496,46.3
2026-09-12T04:38:19Z,1789187899,002701050,2701.1,20506,46.3
2026-09-12T04:38:29Z,1789187909,002692805,2692.8,20516,45.8
2026-09-12T04:38:39Z,1789187919,002684764,2684.8,20526,45.2
2026-09-12T04:38:49Z,1789187929,002676756,2676.8,20536,45.8
2026-09-12T04:38:59Z,1789187939,002669316,2669.3,20546,45.8
2026-09-12T04:39:09Z,1789187949,002661756,2661.8,20556,45.8
2026-09-12T04:39:19Z,1789187959,002654293,2654.3,20566,44.6
2026-09-12T04:39:29Z,1789187969,002646740,2646.7,20576,45.8
2026-09-12T04:39:39Z,1789187979,002640243,2640.2,20586,45.8
2026-09-12T04:39:49Z,1789187989,002633281,2633.3,20596,45.8
2026-09-12T04:39:59Z,1789187999,002626608,2626.6,20606,45.8
2026-09-12T04:40:09Z,1789188009,002622483,2622.5,20616,45.8
2026-09-12T04:40:19Z,1789188019,002618587,2618.6,20626,46.3
2026-09-12T04:40:29Z,1789188029,002611603,2611.6,20636,45.2
2026-09-12T04:40:39Z,1789188039,002605436,2605.4,20646,45.2
2026-09-12T04:40:49Z,1789188049,002599083,2599.1,20656,48.0
2026-09-12T04:40:59Z,1789188059,002592209,2592.2,20666,46.9
2026-09-12T04:41:09Z,1789188069,002586070,2586.1,20676,46.3
2026-09-12T04:41:19Z,1789188079,002579016,2579.0,20686,46.3
2026-09-12T04:41:29Z,1789188089,002574266,2574.3,20696,46.3
2026-09-12T04:41:39Z,1789188099,002565744,2565.7,20706,46.9
2026-09-12T04:41:49Z,1789188109,002560263,2560.3,20716,47.4
2026-09-12T04:41:59Z,1789188119,002553914,2553.9,20726,46.3
2026-09-12T04:42:09Z,1789188129,002547452,2547.5,20736,47.4
2026-09-12T04:42:19Z,1789188139,002537654,2537.7,20746,46.9
2026-09-12T04:42:29Z,1789188149,002530648,2530.6,20756,46.9
2026-09-12T04:42:39Z,1789188159,002525061,2525.1,20766,46.9
2026-09-12T04:42:50Z,1789188169,002519427,2519.4,20776,45.8
2026-09-12T04:43:00Z,1789188180,002513164,2513.2,20787,46.3
2026-09-12T04:43:10Z,1789188190,002507942,2507.9,20797,45.8
2026-09-12T04:43:20Z,1789188200,002502205,2502.2,20807,46.3
2026-09-12T04:43:30Z,1789188210,002496952,2497.0,20817,46.9
2026-09-12T04:43:40Z,1789188220,002491735,2491.7,20827,46.9
2026-09-12T04:43:50Z,1789188230,002486628,2486.6,20837,46.3
2026-09-12T04:44:00Z,1789188240,002481905,2481.9,20847,46.9
2026-09-12T04:44:10Z,1789188250,002478732,2478.7,20857,46.3
2026-09-12T04:44:20Z,1789188260,002472312,2472.3,20867,46.3
2026-09-12T04:44:30Z,1789188270,002468216,2468.2,20877,46.3
2026-09-12T04:44:40Z,1789188280,002464054,2464.1,20887,45.2
2026-09-12T04:44:50Z,1789188290,002460047,2460.0,20897,45.2
2026-09-12T04:45:00Z,1789188300,002455583,2455.6,20907,46.3
2026-09-12T04:45:10Z,1789188310,002451973,2452.0,20917,46.3
2026-09-12T04:45:20Z,1789188320,002447920,2447.9,20927,46.3
2026-09-12T04:45:30Z,1789188330,002444499,2444.5,20937,46.3
2026-09-12T04:45:40Z,1789188340,002439946,2439.9,20947,44.6
2026-09-12T04:45:50Z,1789188350,002436761,2436.8,20957,46.3
2026-09-12T04:46:00Z,1789188360,002433404,2433.4,20967,45.8
2026-09-12T04:46:10Z,1789188370,002430748,2430.7,20977,46.3
2026-09-12T04:46:20Z,1789188380,002427030,2427.0,20987,44.6
2026-09-12T04:46:30Z,1789188390,002424303,2424.3,20997,46.3
2026-09-12T04:46:40Z,1789188400,002421123,2421.1,21007,45.8
2026-09-12T04:46:50Z,1789188410,002417914,2417.9,21017,46.3
2026-09-12T04:47:00Z,1789188420,002415230,2415.2,21027,46.3
2026-09-12T04:47:10Z,1789188430,002412979,2413.0,21037,46.3
2026-09-12T04:47:20Z,1789188440,002409935,2409.9,21047,45.8
2026-09-12T04:47:30Z,1789188450,002407228,2407.2,21057,45.2
2026-09-12T04:47:40Z,1789188460,002404468,2404.5,21067,45.8
2026-09-12T04:47:50Z,1789188470,002402469,2402.5,21077,44.6
2026-09-12T04:48:00Z,1789188480,002400042,2400.0,21087,45.8
2026-09-12T04:48:10Z,1789188490,002397894,2397.9,21097,46.9
2026-09-12T04:48:20Z,1789188500,002395372,2395.4,21107,45.8
2026-09-12T04:48:30Z,1789188510,002393940,2393.9,21117,46.3
2026-09-12T04:48:40Z,1789188520,002391689,2391.7,21127,46.3
2026-09-12T04:48:50Z,1789188530,002389933,2389.9,21137,45.2
2026-09-12T04:49:00Z,1789188540,002387820,2387.8,21147,44.6
2026-09-12T04:49:10Z,1789188550,002386920,2386.9,21157,44.1
2026-09-12T04:49:20Z,1789188560,002383791,2383.8,21167,45.2
2026-09-12T04:49:30Z,1789188570,002382690,2382.7,21177,46.3
2026-09-12T04:49:40Z,1789188580,002380801,2380.8,21187,47.4
2026-09-12T04:49:50Z,1789188590,002379624,2379.6,21197,44.6
2026-09-12T04:50:00Z,1789188600,002377694,2377.7,21207,46.3
2026-09-12T04:50:10Z,1789188610,002380530,2380.5,21217,46.3
2026-09-12T04:50:20Z,1789188620,002379204,2379.2,21227,46.3
2026-09-12T04:50:30Z,1789188630,002377217,2377.2,21237,46.3
2026-09-12T04:50:40Z,1789188640,002375417,2375.4,21247,45.8
2026-09-12T04:50:50Z,1789188650,002373195,2373.2,21257,46.9
2026-09-12T04:51:00Z,1789188660,002370790,2370.8,21267,47.4
2026-09-12T04:51:10Z,1789188670,002368775,2368.8,21277,46.9
2026-09-12T04:51:20Z,1789188680,002367723,2367.7,21287,46.9
2026-09-12T04:51:30Z,1789188690,002364579,2364.6,21297,46.9
2026-09-12T04:51:40Z,1789188700,002361952,2362.0,21307,46.9
2026-09-12T04:51:50Z,1789188710,002359380,2359.4,21317,45.8
2026-09-12T04:52:00Z,1789188720,002356805,2356.8,21327,47.4
2026-09-12T04:52:10Z,1789188730,002354542,2354.5,21337,46.3
2026-09-12T04:52:20Z,1789188740,002347905,2347.9,21347,46.3
2026-09-12T04:52:30Z,1789188750,002344597,2344.6,21357,46.9
2026-09-12T04:52:40Z,1789188760,002347635,2347.6,21367,46.9
2026-09-12T04:52:50Z,1789188770,002340113,2340.1,21377,46.9
2026-09-12T04:53:00Z,1789188780,002338067,2338.1,21387,46.3
2026-09-12T04:53:10Z,1789188790,002336181,2336.2,21397,46.9
2026-09-12T04:53:20Z,1789188800,002333860,2333.9,21407,46.3
2026-09-12T04:53:30Z,1789188810,002331920,2331.9,21417,47.4
2026-09-12T04:53:40Z,1789188820,002331510,2331.5,21427,46.3
2026-09-12T04:53:50Z,1789188830,002327943,2327.9,21437,46.9
2026-09-12T04:54:00Z,1789188840,002325718,2325.7,21447,46.9
2026-09-12T04:54:10Z,1789188850,002325149,2325.1,21457,46.9
2026-09-12T04:54:20Z,1789188860,002321811,2321.8,21467,46.3
2026-09-12T04:54:30Z,1789188870,002321091,2321.1,21477,46.3
2026-09-12T04:54:40Z,1789188880,002318933,2318.9,21487,46.3
2026-09-12T04:54:50Z,1789188890,002317727,2317.7,21497,46.3
2026-09-12T04:55:00Z,1789188900,002315952,2316.0,21507,46.3
2026-09-12T04:55:10Z,1789188910,002314794,2314.8,21517,45.2
2026-09-12T04:55:20Z,1789188920,002313177,2313.2,21527,46.3
2026-09-12T04:55:30Z,1789188930,002311714,2311.7,21537,45.2
2026-09-12T04:55:40Z,1789188940,002310644,2310.6,21547,45.2
2026-09-12T04:55:50Z,1789188950,002309743,2309.7,21557,46.3
2026-09-12T04:56:00Z,1789188960,002308032,2308.0,21567,46.3
2026-09-12T04:56:10Z,1789188970,002311860,2311.9,21577,46.3
2026-09-12T04:56:20Z,1789188980,002305560,2305.6,21587,46.3
2026-09-12T04:56:30Z,1789188990,002304893,2304.9,21597,46.3
2026-09-12T04:56:40Z,1789189000,002305597,2305.6,21607,45.2
2026-09-12T04:56:50Z,1789189010,002302414,2302.4,21617,45.8
2026-09-12T04:57:00Z,1789189020,002301732,2301.7,21627,46.3
2026-09-12T04:57:10Z,1789189030,002301030,2301.0,21637,45.8
2026-09-12T04:57:20Z,1789189040,002299479,2299.5,21647,46.3
2026-09-12T04:57:30Z,1789189050,002299593,2299.6,21657,45.8
2026-09-12T04:57:40Z,1789189060,002298151,2298.2,21667,46.3
2026-09-12T04:57:50Z,1789189070,002297560,2297.6,21677,45.2
2026-09-12T04:58:00Z,1789189080,002296560,2296.6,21687,46.3
2026-09-12T04:58:10Z,1789189090,002296578,2296.6,21697,46.3
2026-09-12T04:58:20Z,1789189100,002295000,2295.0,21707,45.8
2026-09-12T04:58:30Z,1789189110,002294957,2295.0,21717,45.2
2026-09-12T04:58:40Z,1789189120,002297429,2297.4,21727,45.8
2026-09-12T04:58:50Z,1789189130,002293992,2294.0,21737,45.2
2026-09-12T04:59:00Z,1789189140,002292922,2292.9,21747,46.3
2026-09-12T04:59:10Z,1789189150,002293219,2293.2,21757,46.3
2026-09-12T04:59:20Z,1789189160,002291401,2291.4,21767,45.8
2026-09-12T04:59:30Z,1789189170,002291782,2291.8,21777,45.8
2026-09-12T04:59:40Z,1789189180,002290715,2290.7,21787,45.2
2026-09-12T04:59:50Z,1789189190,002290606,2290.6,21797,46.3
2026-09-12T05:00:00Z,1789189200,002289881,2289.9,21807,45.2
2026-09-12T05:00:11Z,1789189211,002294318,2294.3,21818,45.8
2026-09-12T05:00:21Z,1789189221,002292825,2292.8,21828,46.3
2026-09-12T05:00:31Z,1789189231,002292622,2292.6,21838,46.3
2026-09-12T05:00:41Z,1789189241,002291375,2291.4,21848,46.9
2026-09-12T05:00:51Z,1789189251,002291105,2291.1,21858,47.4
2026-09-12T05:01:01Z,1789189261,002289438,2289.4,21868,47.4
2026-09-12T05:01:11Z,1789189271,002289136,2289.1,21878,48.0
2026-09-12T05:01:21Z,1789189281,002288215,2288.2,21888,48.0
2026-09-12T05:01:31Z,1789189291,002285825,2285.8,21898,47.4
2026-09-12T05:01:41Z,1789189301,002285519,2285.5,21908,48.0
2026-09-12T05:01:51Z,1789189311,002283725,2283.7,21918,47.4
2026-09-12T05:02:01Z,1789189321,002283034,2283.0,21928,45.8
2026-09-12T05:02:11Z,1789189331,002279687,2279.7,21938,46.9
2026-09-12T05:02:21Z,1789189341,002277257,2277.3,21948,46.3
2026-09-12T05:02:31Z,1789189351,002275653,2275.7,21958,47.4
2026-09-12T05:02:41Z,1789189361,002273076,2273.1,21968,46.9
2026-09-12T05:02:51Z,1789189371,002271547,2271.5,21978,45.2
2026-09-12T05:03:01Z,1789189381,002269824,2269.8,21988,45.2
2026-09-12T05:03:11Z,1789189391,002270905,2270.9,21998,47.4
2026-09-12T05:03:21Z,1789189401,002268145,2268.1,22008,46.3
2026-09-12T05:03:31Z,1789189411,002268246,2268.2,22018,46.9
2026-09-12T05:03:41Z,1789189421,002266059,2266.1,22028,45.8
2026-09-12T05:03:51Z,1789189431,002265176,2265.2,22038,47.4
2026-09-12T05:04:01Z,1789189441,002264266,2264.3,22048,45.2
2026-09-12T05:04:11Z,1789189451,002263049,2263.0,22058,46.3
2026-09-12T05:04:21Z,1789189461,002262543,2262.5,22068,46.3
2026-09-12T05:04:31Z,1789189471,002263565,2263.6,22078,44.6
2026-09-12T05:04:41Z,1789189481,002262279,2262.3,22088,48.0
2026-09-12T05:04:51Z,1789189491,002260205,2260.2,22098,46.9
2026-09-12T05:05:01Z,1789189501,002260156,2260.2,22108,46.3
2026-09-12T05:05:11Z,1789189511,002259393,2259.4,22118,45.8
2026-09-12T05:05:21Z,1789189521,002258638,2258.6,22128,45.8
2026-09-12T05:05:31Z,1789189531,002258574,2258.6,22138,46.3
2026-09-12T05:05:41Z,1789189541,002257906,2257.9,22148,46.3
2026-09-12T05:05:51Z,1789189551,002258875,2258.9,22158,46.3
2026-09-12T05:06:01Z,1789189561,002257239,2257.2,22168,45.2
2026-09-12T05:06:11Z,1789189571,002256703,2256.7,22178,46.3
2026-09-12T05:06:21Z,1789189581,002256006,2256.0,22188,46.3
2026-09-12T05:06:31Z,1789189591,002256594,2256.6,22198,47.4
2026-09-12T05:06:41Z,1789189601,002255761,2255.8,22208,46.3
2026-09-12T05:06:51Z,1789189611,002255621,2255.6,22218,46.3
2026-09-12T05:07:01Z,1789189621,002256875,2256.9,22228,45.2
2026-09-12T05:07:11Z,1789189631,002255283,2255.3,22238,46.3
2026-09-12T05:07:21Z,1789189641,002254882,2254.9,22248,45.2
2026-09-12T05:07:31Z,1789189651,002257022,2257.0,22258,45.8
2026-09-12T05:07:41Z,1789189661,002255207,2255.2,22268,46.3
2026-09-12T05:07:51Z,1789189671,002254731,2254.7,22278,45.8
2026-09-12T05:08:01Z,1789189681,002255092,2255.1,22288,45.8
2026-09-12T05:08:11Z,1789189691,002256570,2256.6,22298,46.3
2026-09-12T05:08:21Z,1789189701,002255015,2255.0,22308,46.3
2026-09-12T05:08:31Z,1789189711,002255521,2255.5,22318,46.9
2026-09-12T05:08:41Z,1789189721,002254978,2255.0,22328,45.8
2026-09-12T05:08:51Z,1789189731,002255049,2255.0,22338,44.6
2026-09-12T05:09:01Z,1789189741,002254589,2254.6,22348,46.3
2026-09-12T05:09:11Z,1789189751,002254855,2254.9,22358,46.9
2026-09-12T05:09:21Z,1789189761,002256404,2256.4,22368,45.8
2026-09-12T05:09:31Z,1789189771,002254994,2255.0,22378,46.3
2026-09-12T05:09:41Z,1789189781,002254477,2254.5,22388,46.3
2026-09-12T05:09:51Z,1789189791,002255057,2255.1,22398,45.8
2026-09-12T05:10:01Z,1789189801,002260401,2260.4,22408,45.8
2026-09-12T05:10:11Z,1789189811,002259860,2259.9,22418,46.3
2026-09-12T05:10:21Z,1789189821,002258916,2258.9,22428,45.8
2026-09-12T05:10:31Z,1789189831,002260012,2260.0,22438,46.3
2026-09-12T05:10:41Z,1789189841,002260594,2260.6,22448,45.8
2026-09-12T05:10:51Z,1789189851,002259383,2259.4,22458,46.9
2026-09-12T05:11:01Z,1789189861,002258158,2258.2,22468,47.4
2026-09-12T05:11:11Z,1789189871,002258825,2258.8,22478,47.4
2026-09-12T05:11:21Z,1789189881,002257700,2257.7,22488,47.4
2026-09-12T05:11:31Z,1789189891,002257226,2257.2,22498,47.4
2026-09-12T05:11:41Z,1789189901,002256515,2256.5,22508,46.3
2026-09-12T05:11:51Z,1789189911,002254900,2254.9,22518,46.9
2026-09-12T05:12:01Z,1789189921,002253251,2253.3,22528,46.3
2026-09-12T05:12:11Z,1789189931,002251217,2251.2,22538,46.9
2026-09-12T05:12:21Z,1789189941,002236392,2236.4,22548,46.9
2026-09-12T05:12:31Z,1789189951,002222979,2223.0,22558,46.9
2026-09-12T05:12:41Z,1789189961,002208204,2208.2,22568,45.2
2026-09-12T05:12:51Z,1789189971,002194658,2194.7,22578,46.9
2026-09-12T05:13:01Z,1789189981,002181798,2181.8,22588,46.9
2026-09-12T05:13:11Z,1789189991,002168416,2168.4,22598,45.8
2026-09-12T05:13:21Z,1789190001,002156714,2156.7,22608,47.4
2026-09-12T05:13:31Z,1789190011,002143890,2143.9,22618,46.9
2026-09-12T05:13:41Z,1789190021,002131053,2131.1,22628,46.9
2026-09-12T05:13:51Z,1789190031,002118882,2118.9,22638,46.9
2026-09-12T05:14:01Z,1789190041,002106432,2106.4,22648,46.3
2026-09-12T05:14:11Z,1789190051,002095235,2095.2,22658,46.9
2026-09-12T05:14:21Z,1789190061,002083712,2083.7,22668,47.4
2026-09-12T05:14:31Z,1789190071,002073455,2073.5,22678,46.9
2026-09-12T05:14:41Z,1789190081,002061292,2061.3,22688,46.3
2026-09-12T05:14:51Z,1789190091,002050906,2050.9,22698,45.8
2026-09-12T05:15:01Z,1789190101,002041738,2041.7,22708,45.8
2026-09-12T05:15:11Z,1789190111,002029914,2029.9,22718,45.8
2026-09-12T05:15:21Z,1789190121,002019468,2019.5,22728,45.8
2026-09-12T05:15:31Z,1789190131,002011286,2011.3,22738,46.3
2026-09-12T05:15:41Z,1789190141,002001254,2001.3,22748,46.3
2026-09-12T05:15:51Z,1789190151,001990518,1990.5,22758,46.9
2026-09-12T05:16:01Z,1789190161,001981149,1981.1,22768,45.8
2026-09-12T05:16:11Z,1789190171,001971957,1972.0,22778,45.8
2026-09-12T05:16:21Z,1789190181,001962275,1962.3,22788,46.3
2026-09-12T05:16:31Z,1789190191,001954692,1954.7,22798,46.3
2026-09-12T05:16:41Z,1789190201,001945891,1945.9,22808,45.8
2026-09-12T05:16:52Z,1789190211,001937664,1937.7,22818,45.2
2026-09-12T05:17:02Z,1789190222,001932077,1932.1,22829,46.3
2026-09-12T05:17:12Z,1789190232,001918784,1918.8,22839,45.2
2026-09-12T05:17:22Z,1789190242,001911300,1911.3,22849,45.8
2026-09-12T05:17:32Z,1789190252,001902880,1902.9,22859,46.3
2026-09-12T05:17:42Z,1789190262,001895524,1895.5,22869,45.8
2026-09-12T05:17:52Z,1789190272,001887228,1887.2,22879,45.8
2026-09-12T05:18:02Z,1789190282,001880398,1880.4,22889,44.6
2026-09-12T05:18:12Z,1789190292,001872198,1872.2,22899,45.8
2026-09-12T05:18:22Z,1789190302,001865163,1865.2,22909,44.6
2026-09-12T05:18:32Z,1789190312,001857866,1857.9,22919,44.6
2026-09-12T05:18:42Z,1789190322,001850711,1850.7,22929,45.8
2026-09-12T05:18:52Z,1789190332,001843659,1843.7,22939,45.8
2026-09-12T05:19:02Z,1789190342,001836393,1836.4,22949,44.6
2026-09-12T05:19:12Z,1789190352,001829968,1830.0,22959,46.3
2026-09-12T05:19:22Z,1789190362,001823121,1823.1,22969,45.8
2026-09-12T05:19:32Z,1789190372,001816555,1816.6,22979,45.8
2026-09-12T05:19:42Z,1789190382,001809528,1809.5,22989,45.2
2026-09-12T05:19:52Z,1789190392,001803536,1803.5,22999,45.8
2026-09-12T05:20:02Z,1789190402,001802024,1802.0,23009,46.3
2026-09-12T05:20:12Z,1789190412,001793915,1793.9,23019,46.3
2026-09-12T05:20:22Z,1789190422,001788781,1788.8,23029,46.9
2026-09-12T05:20:32Z,1789190432,001783436,1783.4,23039,45.2
2026-09-12T05:20:42Z,1789190442,001775711,1775.7,23049,46.3
2026-09-12T05:20:52Z,1789190452,001769068,1769.1,23059,48.0
2026-09-12T05:21:02Z,1789190462,001762450,1762.5,23069,46.9
2026-09-12T05:21:12Z,1789190472,001756873,1756.9,23079,47.4
2026-09-12T05:21:22Z,1789190482,001749965,1750.0,23089,47.4
2026-09-12T05:21:32Z,1789190492,001743504,1743.5,23099,47.4
2026-09-12T05:21:42Z,1789190502,001736783,1736.8,23109,45.8
2026-09-12T05:21:52Z,1789190512,001729061,1729.1,23119,47.4
2026-09-12T05:22:02Z,1789190522,001723188,1723.2,23129,47.4
2026-09-12T05:22:12Z,1789190532,001713663,1713.7,23139,48.0
2026-09-12T05:22:22Z,1789190542,001705206,1705.2,23149,46.9
2026-09-12T05:22:32Z,1789190552,001698724,1698.7,23159,47.4
2026-09-12T05:22:42Z,1789190562,001692326,1692.3,23169,45.8
2026-09-12T05:22:52Z,1789190572,001686011,1686.0,23179,46.3
2026-09-12T05:23:02Z,1789190582,001679482,1679.5,23189,45.8
2026-09-12T05:23:12Z,1789190592,001673459,1673.5,23199,46.3
2026-09-12T05:23:22Z,1789190602,001667943,1667.9,23209,47.4
2026-09-12T05:23:32Z,1789190612,001662355,1662.4,23219,47.4
2026-09-12T05:23:42Z,1789190622,001657049,1657.0,23229,45.2
2026-09-12T05:23:52Z,1789190632,001650652,1650.7,23239,45.8
2026-09-12T05:24:02Z,1789190642,001644719,1644.7,23249,45.8
2026-09-12T05:24:12Z,1789190652,001639526,1639.5,23259,46.9
2026-09-12T05:24:22Z,1789190662,001633925,1633.9,23269,45.8
2026-09-12T05:24:32Z,1789190672,001628914,1628.9,23279,47.4
2026-09-12T05:24:42Z,1789190682,001623344,1623.3,23289,46.9
2026-09-12T05:24:52Z,1789190692,001617861,1617.9,23299,45.2
2026-09-12T05:25:02Z,1789190702,001617726,1617.7,23309,45.8
2026-09-12T05:25:12Z,1789190712,001608435,1608.4,23319,46.3
2026-09-12T05:25:22Z,1789190722,001603860,1603.9,23329,46.3
2026-09-12T05:25:32Z,1789190732,001598850,1598.8,23339,45.2
2026-09-12T05:25:42Z,1789190742,001594183,1594.2,23349,46.3
2026-09-12T05:25:52Z,1789190752,001588987,1589.0,23359,47.4
2026-09-12T05:26:02Z,1789190762,001584966,1585.0,23369,46.3
2026-09-12T05:26:12Z,1789190772,001580284,1580.3,23379,45.2
2026-09-12T05:26:22Z,1789190782,001575701,1575.7,23389,46.3
2026-09-12T05:26:32Z,1789190792,001571253,1571.3,23399,46.3
2026-09-12T05:26:42Z,1789190802,001567494,1567.5,23409,46.3
2026-09-12T05:26:52Z,1789190812,001562145,1562.1,23419,46.3
2026-09-12T05:27:02Z,1789190822,001558355,1558.4,23429,46.3
2026-09-12T05:27:12Z,1789190832,001554105,1554.1,23439,45.8
2026-09-12T05:27:22Z,1789190842,001550242,1550.2,23449,46.3
2026-09-12T05:27:32Z,1789190852,001546030,1546.0,23459,46.9
2026-09-12T05:27:42Z,1789190862,001541835,1541.8,23469,46.3
2026-09-12T05:27:52Z,1789190872,001537565,1537.6,23479,45.8
2026-09-12T05:28:02Z,1789190882,001533997,1534.0,23489,46.3
2026-09-12T05:28:12Z,1789190892,001529556,1529.6,23499,46.3
2026-09-12T05:28:22Z,1789190902,001525871,1525.9,23509,46.3
2026-09-12T05:28:32Z,1789190912,001522127,1522.1,23519,45.2
2026-09-12T05:28:42Z,1789190922,001519564,1519.6,23529,46.3
2026-09-12T05:28:52Z,1789190932,001515255,1515.3,23539,46.9
2026-09-12T05:29:02Z,1789190942,001511514,1511.5,23549,47.4
2026-09-12T05:29:12Z,1789190952,001508156,1508.2,23559,46.3
2026-09-12T05:29:22Z,1789190962,001504883,1504.9,23569,44.6
2026-09-12T05:29:32Z,1789190972,001501418,1501.4,23579,44.6
2026-09-12T05:29:42Z,1789190982,001498705,1498.7,23589,46.3
2026-09-12T05:29:52Z,1789190992,001494723,1494.7,23599,45.8
2026-09-12T05:30:02Z,1789191002,001497510,1497.5,23609,44.6
2026-09-12T05:30:12Z,1789191012,001493379,1493.4,23619,46.3
2026-09-12T05:30:22Z,1789191022,001490313,1490.3,23629,46.9
2026-09-12T05:30:32Z,1789191032,001487439,1487.4,23639,48.0
2026-09-12T05:30:42Z,1789191042,001483555,1483.6,23649,46.9
2026-09-12T05:30:52Z,1789191052,001479140,1479.1,23659,47.4
2026-09-12T05:31:02Z,1789191062,001476527,1476.5,23669,46.9
2026-09-12T05:31:12Z,1789191072,001471976,1472.0,23679,46.3
2026-09-12T05:31:22Z,1789191082,001467430,1467.4,23689,45.8
2026-09-12T05:31:32Z,1789191092,001464056,1464.1,23699,47.4
2026-09-12T05:31:42Z,1789191102,001460520,1460.5,23709,47.4
2026-09-12T05:31:52Z,1789191112,001455413,1455.4,23719,47.4
2026-09-12T05:32:02Z,1789191122,001451162,1451.2,23729,47.4
2026-09-12T05:32:12Z,1789191132,001446062,1446.1,23739,47.4
2026-09-12T05:32:22Z,1789191142,001438853,1438.9,23749,47.4
2026-09-12T05:32:32Z,1789191152,001434314,1434.3,23759,46.9
2026-09-12T05:32:42Z,1789191162,001430535,1430.5,23769,45.8
2026-09-12T05:32:52Z,1789191172,001426221,1426.2,23779,46.9
2026-09-12T05:33:02Z,1789191182,001422650,1422.7,23789,46.9
2026-09-12T05:33:12Z,1789191192,001418115,1418.1,23799,47.4
2026-09-12T05:33:22Z,1789191202,001414970,1415.0,23809,46.3
2026-09-12T05:33:32Z,1789191212,001410880,1410.9,23819,46.3
2026-09-12T05:33:42Z,1789191222,001407161,1407.2,23829,45.8
2026-09-12T05:33:52Z,1789191232,001403200,1403.2,23839,46.3
2026-09-12T05:34:03Z,1789191242,001400645,1400.6,23849,45.2
2026-09-12T05:34:13Z,1789191253,001396101,1396.1,23860,46.3
2026-09-12T05:34:23Z,1789191263,001392748,1392.7,23870,45.2
2026-09-12T05:34:33Z,1789191273,001389412,1389.4,23880,46.3
2026-09-12T05:34:43Z,1789191283,001386092,1386.1,23890,47.4
2026-09-12T05:34:53Z,1789191293,001382918,1382.9,23900,45.2
2026-09-12T05:35:03Z,1789191303,001379758,1379.8,23910,45.8
2026-09-12T05:35:13Z,1789191313,001376392,1376.4,23920,47.4
2026-09-12T05:35:23Z,1789191323,001373467,1373.5,23930,46.3
2026-09-12T05:35:33Z,1789191333,001370055,1370.1,23940,46.9
2026-09-12T05:35:43Z,1789191343,001367474,1367.5,23950,45.2
2026-09-12T05:35:53Z,1789191353,001363943,1363.9,23960,46.9
2026-09-12T05:36:03Z,1789191363,001361686,1361.7,23970,45.8
2026-09-12T05:36:13Z,1789191373,001358774,1358.8,23980,46.3
2026-09-12T05:36:23Z,1789191383,001355877,1355.9,23990,46.3
2026-09-12T05:36:33Z,1789191393,001352789,1352.8,24000,46.3
2026-09-12T05:36:43Z,1789191403,001350491,1350.5,24010,45.2
2026-09-12T05:36:53Z,1789191413,001347707,1347.7,24020,45.2
2026-09-12T05:37:03Z,1789191423,001344822,1344.8,24030,45.2
2026-09-12T05:37:13Z,1789191433,001342357,1342.4,24040,45.2
2026-09-12T05:37:23Z,1789191443,001339941,1339.9,24050,46.3
2026-09-12T05:37:33Z,1789191453,001337352,1337.4,24060,45.8
2026-09-12T05:37:43Z,1789191463,001334959,1335.0,24070,45.2
2026-09-12T05:37:53Z,1789191473,001332243,1332.2,24080,45.2
2026-09-12T05:38:03Z,1789191483,001329909,1329.9,24090,46.3
2026-09-12T05:38:13Z,1789191493,001327104,1327.1,24100,45.2
2026-09-12T05:38:23Z,1789191503,001325014,1325.0,24110,45.2
2026-09-12T05:38:33Z,1789191513,001322637,1322.6,24120,46.3
2026-09-12T05:38:43Z,1789191523,001320474,1320.5,24130,45.8
2026-09-12T05:38:53Z,1789191533,001318173,1318.2,24140,45.2
2026-09-12T05:39:03Z,1789191543,001315585,1315.6,24150,46.3
2026-09-12T05:39:13Z,1789191553,001313210,1313.2,24160,46.9
2026-09-12T05:39:23Z,1789191563,001311290,1311.3,24170,45.2
2026-09-12T05:39:33Z,1789191573,001308766,1308.8,24180,46.3
2026-09-12T05:39:43Z,1789191583,001306790,1306.8,24190,46.3
2026-09-12T05:39:53Z,1789191593,001304803,1304.8,24200,44.6
2026-09-12T05:40:03Z,1789191603,001305955,1306.0,24210,45.8
2026-09-12T05:40:13Z,1789191613,001304541,1304.5,24220,45.2
2026-09-12T05:40:23Z,1789191623,001302116,1302.1,24230,45.8
2026-09-12T05:40:33Z,1789191633,001301608,1301.6,24240,47.4
2026-09-12T05:40:43Z,1789191643,001298218,1298.2,24250,47.4
2026-09-12T05:40:53Z,1789191653,001294873,1294.9,24260,46.9
2026-09-12T05:41:03Z,1789191663,001292221,1292.2,24270,47.4
2026-09-12T05:41:13Z,1789191673,001290243,1290.2,24280,46.9
2026-09-12T05:41:23Z,1789191683,001285643,1285.6,24290,47.4
2026-09-12T05:41:33Z,1789191693,001281995,1282.0,24300,45.8
2026-09-12T05:41:43Z,1789191703,001280261,1280.3,24310,46.3
2026-09-12T05:41:53Z,1789191713,001276608,1276.6,24320,47.4
2026-09-12T05:42:03Z,1789191723,001274369,1274.4,24330,47.4
2026-09-12T05:42:13Z,1789191733,001269860,1269.9,24340,47.4
2026-09-12T05:42:23Z,1789191743,001262746,1262.7,24350,46.9
2026-09-12T05:42:33Z,1789191753,001259193,1259.2,24360,47.4
2026-09-12T05:42:43Z,1789191763,001256425,1256.4,24370,48.0
2026-09-12T05:42:53Z,1789191773,001253015,1253.0,24380,46.9
2026-09-12T05:43:03Z,1789191783,001249814,1249.8,24390,46.9
2026-09-12T05:43:13Z,1789191793,001246768,1246.8,24400,46.9
2026-09-12T05:43:23Z,1789191803,001243615,1243.6,24410,47.4
2026-09-12T05:43:33Z,1789191813,001240599,1240.6,24420,45.2
2026-09-12T05:43:43Z,1789191823,001237552,1237.6,24430,46.3
2026-09-12T05:43:53Z,1789191833,001234269,1234.3,24440,46.3
2026-09-12T05:44:03Z,1789191843,001231880,1231.9,24450,46.9
2026-09-12T05:44:13Z,1789191853,001228978,1229.0,24460,46.3
2026-09-12T05:44:23Z,1789191863,001226321,1226.3,24470,46.3
2026-09-12T05:44:33Z,1789191873,001223300,1223.3,24480,46.9
2026-09-12T05:44:43Z,1789191883,001221043,1221.0,24490,46.3
2026-09-12T05:44:53Z,1789191893,001218032,1218.0,24500,46.9
2026-09-12T05:45:03Z,1789191903,001215691,1215.7,24510,45.2
2026-09-12T05:45:13Z,1789191913,001213042,1213.0,24520,46.3
2026-09-12T05:45:23Z,1789191923,001210525,1210.5,24530,45.8
2026-09-12T05:45:33Z,1789191933,001207551,1207.6,24540,45.8
2026-09-12T05:45:43Z,1789191943,001205618,1205.6,24550,46.3
2026-09-12T05:45:53Z,1789191953,001203245,1203.2,24560,46.3
2026-09-12T05:46:03Z,1789191963,001201061,1201.1,24570,45.2
2026-09-12T05:46:13Z,1789191973,001198141,1198.1,24580,46.3
2026-09-12T05:46:23Z,1789191983,001201090,1201.1,24590,45.8
2026-09-12T05:46:33Z,1789191993,001223198,1223.2,24600,44.6
2026-09-12T05:46:43Z,1789192003,001244530,1244.5,24610,46.3
2026-09-12T05:46:53Z,1789192013,001265018,1265.0,24620,46.9
2026-09-12T05:47:03Z,1789192023,001285153,1285.2,24630,44.6
2026-09-12T05:47:13Z,1789192033,001305646,1305.6,24640,46.3
2026-09-12T05:47:23Z,1789192043,001325430,1325.4,24650,46.3
2026-09-12T05:47:33Z,1789192053,001344846,1344.8,24660,45.8
2026-09-12T05:47:43Z,1789192063,001363937,1363.9,24670,46.3
2026-09-12T05:47:53Z,1789192073,001382656,1382.7,24680,45.2
2026-09-12T05:48:03Z,1789192083,001401213,1401.2,24690,44.6
2026-09-12T05:48:13Z,1789192093,001418669,1418.7,24700,46.3
2026-09-12T05:48:23Z,1789192103,001436922,1436.9,24710,46.3
2026-09-12T05:48:33Z,1789192113,001454236,1454.2,24720,45.8
2026-09-12T05:48:43Z,1789192123,001471433,1471.4,24730,45.8
2026-09-12T05:48:53Z,1789192133,001487555,1487.6,24740,46.3
2026-09-12T05:49:03Z,1789192143,001504757,1504.8,24750,45.2
2026-09-12T05:49:13Z,1789192153,001521064,1521.1,24760,46.3
2026-09-12T05:49:23Z,1789192163,001536703,1536.7,24770,44.6
2026-09-12T05:49:33Z,1789192173,001552903,1552.9,24780,45.8
2026-09-12T05:49:43Z,1789192183,001568262,1568.3,24790,45.8
2026-09-12T05:49:53Z,1789192193,001583285,1583.3,24800,44.6
2026-09-12T05:50:03Z,1789192203,001601867,1601.9,24810,46.3
2026-09-12T05:50:13Z,1789192213,001616790,1616.8,24820,45.2
2026-09-12T05:50:23Z,1789192223,001632561,1632.6,24830,46.3
2026-09-12T05:50:33Z,1789192233,001645332,1645.3,24840,45.2
2026-09-12T05:50:43Z,1789192243,001659441,1659.4,24850,46.3
2026-09-12T05:50:53Z,1789192253,001672764,1672.8,24860,45.2
2026-09-12T05:51:03Z,1789192263,001684787,1684.8,24870,46.3
2026-09-12T05:51:13Z,1789192273,001697812,1697.8,24880,47.4
2026-09-12T05:51:24Z,1789192283,001709435,1709.4,24890,45.8
2026-09-12T05:51:34Z,1789192294,001722327,1722.3,24901,46.9
2026-09-12T05:51:44Z,1789192304,001734138,1734.1,24911,46.9
2026-09-12T05:51:54Z,1789192314,001745005,1745.0,24921,46.9
2026-09-12T05:52:04Z,1789192324,001755064,1755.1,24931,47.4
2026-09-12T05:52:14Z,1789192334,001765169,1765.2,24941,47.4
2026-09-12T05:52:24Z,1789192344,001770639,1770.6,24951,46.9
2026-09-12T05:52:34Z,1789192354,001781183,1781.2,24961,47.4
2026-09-12T05:52:44Z,1789192364,001791230,1791.2,24971,46.9
2026-09-12T05:52:54Z,1789192374,001801210,1801.2,24981,45.8
2026-09-12T05:53:04Z,1789192384,001809960,1810.0,24991,47.4
2026-09-12T05:53:14Z,1789192394,001820189,1820.2,25001,46.9
2026-09-12T05:53:24Z,1789192404,001828953,1829.0,25011,46.9
2026-09-12T05:53:34Z,1789192414,001838480,1838.5,25021,46.3
2026-09-12T05:53:44Z,1789192424,001847070,1847.1,25031,47.4
2026-09-12T05:53:54Z,1789192434,001856559,1856.6,25041,45.2
2026-09-12T05:54:04Z,1789192444,001864802,1864.8,25051,45.8
2026-09-12T05:54:14Z,1789192454,001873784,1873.8,25061,46.9
2026-09-12T05:54:24Z,1789192464,001881528,1881.5,25071,45.8
2026-09-12T05:54:34Z,1789192474,001890591,1890.6,25081,46.3
2026-09-12T05:54:44Z,1789192484,001898793,1898.8,25091,46.3
2026-09-12T05:54:54Z,1789192494,001907264,1907.3,25101,47.4
2026-09-12T05:55:04Z,1789192504,001914805,1914.8,25111,45.2
2026-09-12T05:55:14Z,1789192514,001923660,1923.7,25121,45.2
2026-09-12T05:55:24Z,1789192524,001931090,1931.1,25131,45.2
2026-09-12T05:55:34Z,1789192534,001938802,1938.8,25141,47.4
2026-09-12T05:55:44Z,1789192544,001946522,1946.5,25151,45.8
2026-09-12T05:55:54Z,1789192554,001954233,1954.2,25161,44.6
2026-09-12T05:56:04Z,1789192564,001960789,1960.8,25171,46.3
2026-09-12T05:56:14Z,1789192574,001968602,1968.6,25181,45.8
2026-09-12T05:56:24Z,1789192584,001975932,1975.9,25191,45.2
2026-09-12T05:56:34Z,1789192594,001983283,1983.3,25201,44.6
2026-09-12T05:56:44Z,1789192604,001989916,1989.9,25211,46.3
2026-09-12T05:56:54Z,1789192614,001996555,1996.6,25221,45.8
2026-09-12T05:57:04Z,1789192624,002003630,2003.6,25231,47.4
2026-09-12T05:57:14Z,1789192634,002010474,2010.5,25241,46.3
2026-09-12T05:57:24Z,1789192644,002016369,2016.4,25251,45.2
2026-09-12T05:57:34Z,1789192654,002023614,2023.6,25261,46.3
2026-09-12T05:57:44Z,1789192664,002029692,2029.7,25271,44.6
2026-09-12T05:57:54Z,1789192674,002036345,2036.3,25281,45.2
2026-09-12T05:58:04Z,1789192684,002042150,2042.2,25291,44.6
2026-09-12T05:58:14Z,1789192694,002048981,2049.0,25301,45.8
2026-09-12T05:58:24Z,1789192704,002054467,2054.5,25311,46.3
2026-09-12T05:58:34Z,1789192714,002060666,2060.7,25321,45.8
2026-09-12T05:58:44Z,1789192724,002066192,2066.2,25331,46.3
2026-09-12T05:58:54Z,1789192734,002072344,2072.3,25341,46.3
2026-09-12T05:59:04Z,1789192744,002077696,2077.7,25351,45.2
2026-09-12T05:59:14Z,1789192754,002083585,2083.6,25361,46.3
2026-09-12T05:59:24Z,1789192764,002088270,2088.3,25371,46.3
2026-09-12T05:59:34Z,1789192774,002094791,2094.8,25381,45.8
2026-09-12T05:59:44Z,1789192784,002099503,2099.5,25391,45.8
2026-09-12T05:59:54Z,1789192794,002104646,2104.6,25401,44.6
2026-09-12T06:00:04Z,1789192804,002112944,2112.9,25411,46.3
2026-09-12T06:00:14Z,1789192814,002121308,2121.3,25421,46.9
2026-09-12T06:00:24Z,1789192824,002124757,2124.8,25431,46.3
2026-09-12T06:00:34Z,1789192834,002129108,2129.1,25441,46.9
2026-09-12T06:00:44Z,1789192844,002132565,2132.6,25451,46.3
2026-09-12T06:00:54Z,1789192854,002138631,2138.6,25461,46.9
2026-09-12T06:01:04Z,1789192864,002141806,2141.8,25471,46.9
2026-09-12T06:01:14Z,1789192874,002145759,2145.8,25481,46.9
2026-09-12T06:01:24Z,1789192884,002147714,2147.7,25491,46.9
2026-09-12T06:01:34Z,1789192894,002153579,2153.6,25501,48.5
2026-09-12T06:01:44Z,1789192904,002155689,2155.7,25511,48.0
2026-09-12T06:01:54Z,1789192914,002159286,2159.3,25521,47.4
2026-09-12T06:02:04Z,1789192924,002162279,2162.3,25531,47.4
2026-09-12T06:02:14Z,1789192934,002160854,2160.9,25541,48.0
2026-09-12T06:02:24Z,1789192944,002162977,2163.0,25551,46.9
2026-09-12T06:02:34Z,1789192954,002166498,2166.5,25561,47.4
2026-09-12T06:02:44Z,1789192964,002168662,2168.7,25571,48.0
2026-09-12T06:02:54Z,1789192974,002171579,2171.6,25581,46.9
2026-09-12T06:03:04Z,1789192984,002173974,2174.0,25591,46.9
2026-09-12T06:03:14Z,1789192994,002177366,2177.4,25601,45.2
2026-09-12T06:03:24Z,1789193004,002179811,2179.8,25611,45.8
2026-09-12T06:03:34Z,1789193014,002182478,2182.5,25621,45.8
2026-09-12T06:03:44Z,1789193024,002184850,2184.8,25631,45.8
2026-09-12T06:03:54Z,1789193034,002188426,2188.4,25641,46.3
2026-09-12T06:04:04Z,1789193044,002190412,2190.4,25651,45.2
2026-09-12T06:04:14Z,1789193054,002193773,2193.8,25661,46.3
2026-09-12T06:04:24Z,1789193064,002196155,2196.2,25671,45.2
2026-09-12T06:04:34Z,1789193074,002198822,2198.8,25681,46.9
2026-09-12T06:04:44Z,1789193084,002201198,2201.2,25691,46.9
2026-09-12T06:04:54Z,1789193094,002204231,2204.2,25701,45.8
2026-09-12T06:05:04Z,1789193104,002208734,2208.7,25711,46.9
2026-09-12T06:05:14Z,1789193114,002210266,2210.3,25721,46.3
2026-09-12T06:05:24Z,1789193124,002212714,2212.7,25731,45.8
2026-09-12T06:05:34Z,1789193134,002215377,2215.4,25741,46.3
2026-09-12T06:05:44Z,1789193144,002217888,2217.9,25751,45.2
2026-09-12T06:05:54Z,1789193154,002221427,2221.4,25761,45.8
2026-09-12T06:06:04Z,1789193164,002223685,2223.7,25771,44.6
2026-09-12T06:06:14Z,1789193174,002226957,2227.0,25781,46.3
2026-09-12T06:06:24Z,1789193184,002229133,2229.1,25791,46.3
2026-09-12T06:06:34Z,1789193194,002232306,2232.3,25801,46.3
2026-09-12T06:06:44Z,1789193204,002234644,2234.6,25811,46.9
2026-09-12T06:06:54Z,1789193214,002238241,2238.2,25821,46.9
2026-09-12T06:07:04Z,1789193224,002240264,2240.3,25831,46.3
2026-09-12T06:07:14Z,1789193234,002242767,2242.8,25841,44.6
2026-09-12T06:07:24Z,1789193244,002244921,2244.9,25851,46.3
2026-09-12T06:07:34Z,1789193254,002248225,2248.2,25861,46.9
2026-09-12T06:07:44Z,1789193264,002250531,2250.5,25871,46.3
2026-09-12T06:07:54Z,1789193274,002253228,2253.2,25881,45.2
2026-09-12T06:08:04Z,1789193284,002254893,2254.9,25891,46.3
2026-09-12T06:08:15Z,1789193294,002258470,2258.5,25901,46.3
2026-09-12T06:08:25Z,1789193305,002260464,2260.5,25912,45.8
2026-09-12T06:08:35Z,1789193315,002262659,2262.7,25922,46.3
2026-09-12T06:08:45Z,1789193325,002265454,2265.5,25932,45.8
2026-09-12T06:08:55Z,1789193335,002267479,2267.5,25942,46.3
2026-09-12T06:09:05Z,1789193345,002270343,2270.3,25952,44.6
2026-09-12T06:09:15Z,1789193355,002272438,2272.4,25962,44.6
2026-09-12T06:09:25Z,1789193365,002275005,2275.0,25972,44.6
2026-09-12T06:09:35Z,1789193375,002277655,2277.7,25982,45.8
2026-09-12T06:09:45Z,1789193385,002280204,2280.2,25992,45.8
2026-09-12T06:09:55Z,1789193395,002282263,2282.3,26002,45.2
2026-09-12T06:10:05Z,1789193405,002287407,2287.4,26012,45.8
2026-09-12T06:10:15Z,1789193415,002291822,2291.8,26022,47.4
2026-09-12T06:10:25Z,1789193425,002292915,2292.9,26032,46.9
2026-09-12T06:10:35Z,1789193435,002295928,2295.9,26042,45.2
2026-09-12T06:10:45Z,1789193445,002298380,2298.4,26052,47.4
2026-09-12T06:10:55Z,1789193455,002300086,2300.1,26062,47.4
2026-09-12T06:11:05Z,1789193465,002301342,2301.3,26072,46.3
2026-09-12T06:11:15Z,1789193475,002302224,2302.2,26082,46.3
2026-09-12T06:11:25Z,1789193485,002304472,2304.5,26092,48.0
2026-09-12T06:11:35Z,1789193495,002304180,2304.2,26102,47.4
2026-09-12T06:11:45Z,1789193505,002306848,2306.8,26112,45.8
2026-09-12T06:11:55Z,1789193515,002306439,2306.4,26122,48.0
2026-09-12T06:12:05Z,1789193525,002307620,2307.6,26132,45.8
2026-09-12T06:12:15Z,1789193535,002304281,2304.3,26142,45.8
2026-09-12T06:12:25Z,1789193545,002304626,2304.6,26152,47.4
2026-09-12T06:12:35Z,1789193555,002308340,2308.3,26162,47.4
2026-09-12T06:12:45Z,1789193565,002306758,2306.8,26172,47.4
2026-09-12T06:12:55Z,1789193575,002307526,2307.5,26182,46.9
2026-09-12T06:13:05Z,1789193585,002308370,2308.4,26192,46.9
2026-09-12T06:13:15Z,1789193595,002308917,2308.9,26202,46.9
2026-09-12T06:13:25Z,1789193605,002310076,2310.1,26212,46.3
2026-09-12T06:13:35Z,1789193615,002311051,2311.1,26222,47.4
2026-09-12T06:13:45Z,1789193625,002311564,2311.6,26232,45.2
2026-09-12T06:13:55Z,1789193635,002313006,2313.0,26242,46.9
2026-09-12T06:14:05Z,1789193645,002313931,2313.9,26252,46.3
2026-09-12T06:14:15Z,1789193655,002314895,2314.9,26262,46.9
2026-09-12T06:14:25Z,1789193665,002316196,2316.2,26272,46.9
2026-09-12T06:14:35Z,1789193675,002317296,2317.3,26282,45.8
2026-09-12T06:14:45Z,1789193685,002318362,2318.4,26292,46.3
2026-09-12T06:14:55Z,1789193695,002319488,2319.5,26302,46.3
2026-09-12T06:15:05Z,1789193705,002320635,2320.6,26312,46.3
2026-09-12T06:15:15Z,1789193715,002321824,2321.8,26322,46.3
2026-09-12T06:15:25Z,1789193725,002322815,2322.8,26332,47.4
2026-09-12T06:15:35Z,1789193735,002323735,2323.7,26342,46.3
2026-09-12T06:15:45Z,1789193745,002325198,2325.2,26352,45.8
2026-09-12T06:15:55Z,1789193755,002326388,2326.4,26362,46.3
2026-09-12T06:16:05Z,1789193765,002327121,2327.1,26372,46.3
2026-09-12T06:16:15Z,1789193775,002328878,2328.9,26382,46.3
2026-09-12T06:16:25Z,1789193785,002330048,2330.0,26392,46.3
2026-09-12T06:16:35Z,1789193795,002331503,2331.5,26402,46.3
2026-09-12T06:16:45Z,1789193805,002333205,2333.2,26412,45.8
2026-09-12T06:16:55Z,1789193815,002333988,2334.0,26422,45.8
2026-09-12T06:17:05Z,1789193825,002335537,2335.5,26432,46.3
2026-09-12T06:17:15Z,1789193835,002336500,2336.5,26442,46.3
2026-09-12T06:17:25Z,1789193845,002337843,2337.8,26452,45.2
2026-09-12T06:17:35Z,1789193855,002339840,2339.8,26462,45.8
2026-09-12T06:17:45Z,1789193865,002341215,2341.2,26472,44.6
2026-09-12T06:17:55Z,1789193875,002342525,2342.5,26482,45.2
2026-09-12T06:18:05Z,1789193885,002343361,2343.4,26492,45.8
2026-09-12T06:18:15Z,1789193895,002345317,2345.3,26502,46.3
2026-09-12T06:18:25Z,1789193905,002346782,2346.8,26512,45.2
2026-09-12T06:18:35Z,1789193915,002347699,2347.7,26522,45.2
2026-09-12T06:18:45Z,1789193925,002349552,2349.6,26532,45.8
2026-09-12T06:18:55Z,1789193935,002350915,2350.9,26542,45.8
2026-09-12T06:19:05Z,1789193945,002352268,2352.3,26552,46.3
2026-09-12T06:19:15Z,1789193955,002353593,2353.6,26562,45.8
2026-09-12T06:19:25Z,1789193965,002355113,2355.1,26572,46.3
2026-09-12T06:19:35Z,1789193975,002356385,2356.4,26582,46.3
2026-09-12T06:19:45Z,1789193985,002357777,2357.8,26592,45.8
2026-09-12T06:19:55Z,1789193995,002358957,2359.0,26602,46.3
2026-09-12T06:20:05Z,1789194005,002364055,2364.1,26612,45.8
2026-09-12T06:20:15Z,1789194015,002367349,2367.3,26622,46.3
2026-09-12T06:20:25Z,1789194025,002369450,2369.4,26632,45.8
2026-09-12T06:20:35Z,1789194035,002364147,2364.1,26642,46.3
2026-09-12T06:20:45Z,1789194045,002354913,2354.9,26652,45.2
2026-09-12T06:20:55Z,1789194055,002346762,2346.8,26662,46.9
2026-09-12T06:21:05Z,1789194065,002338397,2338.4,26672,46.9
2026-09-12T06:21:15Z,1789194075,002330424,2330.4,26682,46.9
2026-09-12T06:21:25Z,1789194085,002321656,2321.7,26692,47.4
2026-09-12T06:21:35Z,1789194095,002312831,2312.8,26702,46.9
2026-09-12T06:21:45Z,1789194105,002305428,2305.4,26712,47.4
2026-09-12T06:21:55Z,1789194115,002296776,2296.8,26722,47.4
2026-09-12T06:22:05Z,1789194125,002289040,2289.0,26732,46.3
2026-09-12T06:22:15Z,1789194135,002276624,2276.6,26742,47.4
2026-09-12T06:22:25Z,1789194145,002268767,2268.8,26752,46.9
2026-09-12T06:22:35Z,1789194155,002260707,2260.7,26762,46.9
2026-09-12T06:22:45Z,1789194165,002253146,2253.1,26772,46.9
2026-09-12T06:22:55Z,1789194175,002245709,2245.7,26782,45.2
2026-09-12T06:23:05Z,1789194185,002238839,2238.8,26792,47.4
2026-09-12T06:23:15Z,1789194195,002231424,2231.4,26802,46.9
2026-09-12T06:23:25Z,1789194205,002224810,2224.8,26812,46.3
2026-09-12T06:23:35Z,1789194215,002217592,2217.6,26822,48.0
2026-09-12T06:23:45Z,1789194225,002211412,2211.4,26832,46.3
2026-09-12T06:23:55Z,1789194235,002204955,2205.0,26842,45.2
2026-09-12T06:24:05Z,1789194245,002198625,2198.6,26852,46.3
2026-09-12T06:24:15Z,1789194255,002192754,2192.8,26862,45.8
2026-09-12T06:24:25Z,1789194265,002186674,2186.7,26872,46.9
2026-09-12T06:24:35Z,1789194275,002180438,2180.4,26882,45.8
2026-09-12T06:24:45Z,1789194285,002175061,2175.1,26892,46.3
2026-09-12T06:24:55Z,1789194295,002169506,2169.5,26902,46.3
2026-09-12T06:25:05Z,1789194305,002164047,2164.0,26912,46.3
2026-09-12T06:25:15Z,1789194315,002158517,2158.5,26922,46.9
2026-09-12T06:25:26Z,1789194325,002153266,2153.3,26932,44.6
2026-09-12T06:25:36Z,1789194336,002148185,2148.2,26943,46.9
2026-09-12T06:25:46Z,1789194346,002142939,2142.9,26953,46.3
2026-09-12T06:25:56Z,1789194356,002138558,2138.6,26963,46.3
2026-09-12T06:26:06Z,1789194366,002133597,2133.6,26973,46.3
2026-09-12T06:26:16Z,1789194376,002129331,2129.3,26983,45.2
2026-09-12T06:26:26Z,1789194386,002124631,2124.6,26993,45.8
2026-09-12T06:26:36Z,1789194396,002120640,2120.6,27003,44.6
2026-09-12T06:26:46Z,1789194406,002116878,2116.9,27013,45.8
2026-09-12T06:26:56Z,1789194416,002112323,2112.3,27023,45.8
2026-09-12T06:27:06Z,1789194426,002108291,2108.3,27033,45.8
2026-09-12T06:27:16Z,1789194436,002103702,2103.7,27043,45.8
2026-09-12T06:27:26Z,1789194446,002100114,2100.1,27053,46.3
2026-09-12T06:27:36Z,1789194456,002096450,2096.4,27063,45.8
2026-09-12T06:27:46Z,1789194466,002092486,2092.5,27073,46.3
2026-09-12T06:27:56Z,1789194476,002089184,2089.2,27083,44.6
2026-09-12T06:28:06Z,1789194486,002085210,2085.2,27093,44.6
2026-09-12T06:28:16Z,1789194496,002082025,2082.0,27103,45.8
2026-09-12T06:28:26Z,1789194506,002078572,2078.6,27113,47.4
2026-09-12T06:28:36Z,1789194516,002075184,2075.2,27123,44.6
2026-09-12T06:28:46Z,1789194526,002071636,2071.6,27133,46.3
2026-09-12T06:28:56Z,1789194536,002068761,2068.8,27143,45.2
2026-09-12T06:29:06Z,1789194546,002066076,2066.1,27153,46.3
2026-09-12T06:29:16Z,1789194556,002062859,2062.9,27163,45.8
2026-09-12T06:29:26Z,1789194566,002059957,2060.0,27173,45.8
2026-09-12T06:29:36Z,1789194576,002057022,2057.0,27183,45.8
2026-09-12T06:29:46Z,1789194586,002054272,2054.3,27193,45.8
2026-09-12T06:29:56Z,1789194596,002051948,2051.9,27203,47.4
2026-09-12T06:30:06Z,1789194606,002053140,2053.1,27213,45.8
2026-09-12T06:30:16Z,1789194616,002052014,2052.0,27223,45.8
2026-09-12T06:30:26Z,1789194626,002048367,2048.4,27233,46.3
2026-09-12T06:30:36Z,1789194636,002045918,2045.9,27243,45.2
2026-09-12T06:30:46Z,1789194646,002043075,2043.1,27253,44.6
2026-09-12T06:30:56Z,1789194656,002040169,2040.2,27263,47.4
2026-09-12T06:31:06Z,1789194666,002037571,2037.6,27273,46.9
2026-09-12T06:31:16Z,1789194676,002033927,2033.9,27283,46.9
2026-09-12T06:31:26Z,1789194686,002031144,2031.1,27293,47.4
2026-09-12T06:31:36Z,1789194696,002028943,2028.9,27303,45.8
2026-09-12T06:31:46Z,1789194706,002024731,2024.7,27313,46.9
2026-09-12T06:31:56Z,1789194716,002022507,2022.5,27323,46.9
2026-09-12T06:32:06Z,1789194726,002019733,2019.7,27333,46.9
2026-09-12T06:32:16Z,1789194736,002010761,2010.8,27343,46.9
2026-09-12T06:32:26Z,1789194746,002008329,2008.3,27353,46.9
2026-09-12T06:32:36Z,1789194756,002004141,2004.1,27363,46.9
2026-09-12T06:32:46Z,1789194766,002001992,2002.0,27373,45.8
2026-09-12T06:32:56Z,1789194776,001998308,1998.3,27383,45.2
2026-09-12T06:33:06Z,1789194786,001996106,1996.1,27393,46.9
2026-09-12T06:33:16Z,1789194796,001992849,1992.8,27403,46.9
2026-09-12T06:33:26Z,1789194806,001990499,1990.5,27413,46.3
2026-09-12T06:33:36Z,1789194816,001987499,1987.5,27423,45.2
2026-09-12T06:33:46Z,1789194826,001985479,1985.5,27433,45.8
2026-09-12T06:33:56Z,1789194836,001982327,1982.3,27443,44.6
2026-09-12T06:34:06Z,1789194846,001980209,1980.2,27453,46.3
2026-09-12T06:34:16Z,1789194856,001977807,1977.8,27463,46.3
2026-09-12T06:34:26Z,1789194866,001975699,1975.7,27473,45.2
2026-09-12T06:34:36Z,1789194876,001973400,1973.4,27483,46.3
2026-09-12T06:34:46Z,1789194886,001971409,1971.4,27493,46.3
2026-09-12T06:34:56Z,1789194896,001969468,1969.5,27503,46.3
2026-09-12T06:35:06Z,1789194906,001967834,1967.8,27513,46.3
2026-09-12T06:35:16Z,1789194916,001965563,1965.6,27523,46.3
2026-09-12T06:35:26Z,1789194926,001964266,1964.3,27533,45.2
2026-09-12T06:35:36Z,1789194936,001961923,1961.9,27543,46.3
2026-09-12T06:35:46Z,1789194946,001960403,1960.4,27553,45.8
2026-09-12T06:35:56Z,1789194956,001958004,1958.0,27563,46.3
2026-09-12T06:36:06Z,1789194966,001956632,1956.6,27573,46.3
2026-09-12T06:36:16Z,1789194976,001954748,1954.7,27583,45.8
2026-09-12T06:36:26Z,1789194986,001953667,1953.7,27593,45.2
2026-09-12T06:36:36Z,1789194996,001951742,1951.7,27603,45.8
2026-09-12T06:36:46Z,1789195006,001951211,1951.2,27613,46.3
2026-09-12T06:36:56Z,1789195016,001949502,1949.5,27623,46.3
2026-09-12T06:37:06Z,1789195026,001948463,1948.5,27633,44.6
2026-09-12T06:37:16Z,1789195036,001946578,1946.6,27643,45.8
2026-09-12T06:37:26Z,1789195046,001945994,1946.0,27653,46.3
2026-09-12T06:37:36Z,1789195056,001944005,1944.0,27663,46.3
2026-09-12T06:37:46Z,1789195066,001943817,1943.8,27673,44.6
2026-09-12T06:37:56Z,1789195076,001942428,1942.4,27683,46.3
2026-09-12T06:38:06Z,1789195086,001941504,1941.5,27693,46.3
2026-09-12T06:38:16Z,1789195096,001940509,1940.5,27703,45.8
2026-09-12T06:38:26Z,1789195106,001939941,1939.9,27713,45.8
2026-09-12T06:38:36Z,1789195116,001938670,1938.7,27723,45.2
2026-09-12T06:38:46Z,1789195126,001938161,1938.2,27733,46.9
2026-09-12T06:38:56Z,1789195136,001937021,1937.0,27743,45.2
2026-09-12T06:39:06Z,1789195146,001936123,1936.1,27753,46.3
2026-09-12T06:39:16Z,1789195156,001935614,1935.6,27763,44.6
2026-09-12T06:39:26Z,1789195166,001935011,1935.0,27773,46.3
2026-09-12T06:39:36Z,1789195176,001933945,1933.9,27783,44.6
2026-09-12T06:39:46Z,1789195186,001933637,1933.6,27793,45.2
2026-09-12T06:39:56Z,1789195196,001932698,1932.7,27803,44.1
2026-09-12T06:40:06Z,1789195206,001935868,1935.9,27813,46.9
2026-09-12T06:40:16Z,1789195216,001936665,1936.7,27823,46.9
2026-09-12T06:40:26Z,1789195226,001933849,1933.8,27833,45.8
2026-09-12T06:40:36Z,1789195236,001933697,1933.7,27843,46.3
2026-09-12T06:40:46Z,1789195246,001933468,1933.5,27853,46.3
2026-09-12T06:40:56Z,1789195256,001932179,1932.2,27863,46.9
2026-09-12T06:41:06Z,1789195266,001931499,1931.5,27873,47.4
2026-09-12T06:41:16Z,1789195276,001929110,1929.1,27883,46.9
2026-09-12T06:41:26Z,1789195286,001927236,1927.2,27893,46.3
2026-09-12T06:41:36Z,1789195296,001926727,1926.7,27903,46.3
2026-09-12T06:41:46Z,1789195306,001924955,1925.0,27913,46.9
2026-09-12T06:41:56Z,1789195316,001922622,1922.6,27923,45.8
2026-09-12T06:42:06Z,1789195326,001921191,1921.2,27933,46.9
2026-09-12T06:42:16Z,1789195336,001914346,1914.3,27943,46.9
2026-09-12T06:42:26Z,1789195346,001912644,1912.6,27953,47.4
2026-09-12T06:42:37Z,1789195357,001912652,1912.7,27964,46.9
2026-09-12T06:42:47Z,1789195367,001908865,1908.9,27974,46.9
2026-09-12T06:42:57Z,1789195377,001907757,1907.8,27984,45.2
2026-09-12T06:43:07Z,1789195387,001905863,1905.9,27994,46.9
2026-09-12T06:43:17Z,1789195397,001904686,1904.7,28004,46.9
2026-09-12T06:43:27Z,1789195407,001903186,1903.2,28014,46.3
2026-09-12T06:43:37Z,1789195417,001901734,1901.7,28024,46.9
2026-09-12T06:43:47Z,1789195427,001900219,1900.2,28034,46.3
2026-09-12T06:43:57Z,1789195437,001898900,1898.9,28044,45.8
2026-09-12T06:44:07Z,1789195447,001897777,1897.8,28054,46.9
2026-09-12T06:44:17Z,1789195457,001896495,1896.5,28064,45.8
2026-09-12T06:44:27Z,1789195467,001895430,1895.4,28074,45.8
2026-09-12T06:44:37Z,1789195477,001893818,1893.8,28084,46.9
2026-09-12T06:44:47Z,1789195487,001893270,1893.3,28094,45.8
2026-09-12T06:44:57Z,1789195497,001891900,1891.9,28104,46.9
2026-09-12T06:45:07Z,1789195507,001891408,1891.4,28114,47.4
2026-09-12T06:45:17Z,1789195517,001889815,1889.8,28124,45.8
2026-09-12T06:45:27Z,1789195527,001889619,1889.6,28134,46.3
2026-09-12T06:45:37Z,1789195537,001888508,1888.5,28144,45.8
2026-09-12T06:45:47Z,1789195547,001887792,1887.8,28154,46.3
2026-09-12T06:45:57Z,1789195557,001888251,1888.3,28164,46.3
2026-09-12T06:46:07Z,1789195567,001886831,1886.8,28174,46.3
2026-09-12T06:46:17Z,1789195577,001885992,1886.0,28184,44.6
2026-09-12T06:46:27Z,1789195587,001885273,1885.3,28194,45.8
2026-09-12T06:46:37Z,1789195597,001884913,1884.9,28204,45.8
2026-09-12T06:46:47Z,1789195607,001884616,1884.6,28214,45.8
2026-09-12T06:46:57Z,1789195617,001884160,1884.2,28224,45.8
2026-09-12T06:47:07Z,1789195627,001883638,1883.6,28234,46.3
2026-09-12T06:47:17Z,1789195637,001882881,1882.9,28244,45.8
2026-09-12T06:47:27Z,1789195647,001882539,1882.5,28254,44.6
2026-09-12T06:47:37Z,1789195657,001882223,1882.2,28264,45.8
2026-09-12T06:47:47Z,1789195667,001882154,1882.2,28274,45.8
2026-09-12T06:47:57Z,1789195677,001881832,1881.8,28284,46.3
2026-09-12T06:48:07Z,1789195687,001881610,1881.6,28294,45.8
2026-09-12T06:48:17Z,1789195697,001880894,1880.9,28304,46.3
2026-09-12T06:48:27Z,1789195707,001881129,1881.1,28314,45.2
2026-09-12T06:48:37Z,1789195717,001880758,1880.8,28324,44.6
2026-09-12T06:48:47Z,1789195727,001880412,1880.4,28334,45.2
2026-09-12T06:48:57Z,1789195737,001879795,1879.8,28344,45.2
2026-09-12T06:49:07Z,1789195747,001879646,1879.6,28354,46.3
2026-09-12T06:49:17Z,1789195757,001879539,1879.5,28364,45.8
2026-09-12T06:49:27Z,1789195767,001879569,1879.6,28374,45.8
2026-09-12T06:49:37Z,1789195777,001879381,1879.4,28384,45.8
2026-09-12T06:49:47Z,1789195787,001879421,1879.4,28394,45.2
2026-09-12T06:49:57Z,1789195797,001879281,1879.3,28404,45.8
2026-09-12T06:50:07Z,1789195807,001884942,1884.9,28414,46.3
2026-09-12T06:50:17Z,1789195817,001882923,1882.9,28424,46.3
2026-09-12T06:50:27Z,1789195827,001884039,1884.0,28434,47.4
2026-09-12T06:50:37Z,1789195837,001883048,1883.0,28444,46.3
2026-09-12T06:50:47Z,1789195847,001882840,1882.8,28454,47.4
2026-09-12T06:50:57Z,1789195857,001882341,1882.3,28464,46.9
2026-09-12T06:51:07Z,1789195867,001880513,1880.5,28474,45.8
2026-09-12T06:51:17Z,1789195877,001880578,1880.6,28484,46.3
2026-09-12T06:51:27Z,1789195887,001879332,1879.3,28494,46.9
2026-09-12T06:51:37Z,1789195897,001879369,1879.4,28504,46.9
2026-09-12T06:51:47Z,1789195907,001877595,1877.6,28514,46.9
2026-09-12T06:51:57Z,1789195917,001876066,1876.1,28524,45.8
2026-09-12T06:52:07Z,1789195927,001874986,1875.0,28534,47.4
2026-09-12T06:52:17Z,1789195937,001869243,1869.2,28544,46.9
2026-09-12T06:52:27Z,1789195947,001868059,1868.1,28554,46.3
2026-09-12T06:52:37Z,1789195957,001869972,1870.0,28564,46.3
2026-09-12T06:52:47Z,1789195967,001866018,1866.0,28574,46.3
2026-09-12T06:52:57Z,1789195977,001864273,1864.3,28584,46.3
2026-09-12T06:53:07Z,1789195987,001864029,1864.0,28594,45.2
2026-09-12T06:53:17Z,1789195997,001862568,1862.6,28604,46.3
2026-09-12T06:53:27Z,1789196007,001862185,1862.2,28614,46.9
2026-09-12T06:53:37Z,1789196017,001861082,1861.1,28624,45.2
2026-09-12T06:53:47Z,1789196027,001859890,1859.9,28634,46.3
2026-09-12T06:53:57Z,1789196037,001858608,1858.6,28644,45.8
2026-09-12T06:54:07Z,1789196047,001858237,1858.2,28654,45.2
2026-09-12T06:54:17Z,1789196057,001857722,1857.7,28664,44.6
2026-09-12T06:54:27Z,1789196067,001857025,1857.0,28674,46.9
2026-09-12T06:54:37Z,1789196077,001856343,1856.3,28684,45.2
2026-09-12T06:54:47Z,1789196087,001884237,1884.2,28694,46.9
2026-09-12T06:54:57Z,1789196097,001911589,1911.6,28704,46.9
2026-09-12T06:55:07Z,1789196107,001938168,1938.2,28714,45.2
2026-09-12T06:55:17Z,1789196117,001964870,1964.9,28724,45.2
2026-09-12T06:55:27Z,1789196127,001991057,1991.1,28734,45.2
2026-09-12T06:55:37Z,1789196137,002016646,2016.6,28744,45.8
2026-09-12T06:55:47Z,1789196147,002041423,2041.4,28754,46.3
2026-09-12T06:55:57Z,1789196157,002066304,2066.3,28764,45.2
2026-09-12T06:56:07Z,1789196167,002091186,2091.2,28774,45.8
2026-09-12T06:56:17Z,1789196177,002114689,2114.7,28784,46.3
2026-09-12T06:56:27Z,1789196187,002138858,2138.9,28794,46.9
2026-09-12T06:56:37Z,1789196197,002162348,2162.3,28804,45.2
2026-09-12T06:56:47Z,1789196207,002184927,2184.9,28814,46.3
2026-09-12T06:56:57Z,1789196217,002207214,2207.2,28824,46.3
2026-09-12T06:57:07Z,1789196227,002229308,2229.3,28834,46.9
2026-09-12T06:57:17Z,1789196237,002250661,2250.7,28844,45.8
2026-09-12T06:57:27Z,1789196247,002272596,2272.6,28854,46.3
2026-09-12T06:57:37Z,1789196257,002293137,2293.1,28864,45.2
2026-09-12T06:57:47Z,1789196267,002314496,2314.5,28874,45.8
2026-09-12T06:57:57Z,1789196277,002334734,2334.7,28884,45.8
2026-09-12T06:58:07Z,1789196287,002354785,2354.8,28894,46.3
2026-09-12T06:58:17Z,1789196297,002374599,2374.6,28904,45.2
2026-09-12T06:58:27Z,1789196307,002394239,2394.2,28914,47.4
2026-09-12T06:58:37Z,1789196317,002413227,2413.2,28924,45.8
2026-09-12T06:58:47Z,1789196327,002431664,2431.7,28934,44.6
2026-09-12T06:58:57Z,1789196337,002450650,2450.7,28944,45.8
2026-09-12T06:59:07Z,1789196347,002468948,2468.9,28954,44.6
2026-09-12T06:59:17Z,1789196357,002486822,2486.8,28964,44.6
2026-09-12T06:59:27Z,1789196367,002504539,2504.5,28974,45.8
2026-09-12T06:59:38Z,1789196377,002521864,2521.9,28984,45.8
2026-09-12T06:59:48Z,1789196388,002540447,2540.4,28995,45.2
2026-09-12T06:59:58Z,1789196398,002557364,2557.4,29005,46.3
2026-09-12T07:00:08Z,1789196408,002576868,2576.9,29015,45.2
2026-09-12T07:00:18Z,1789196418,002595537,2595.5,29025,46.3
2026-09-12T07:00:28Z,1789196428,002611212,2611.2,29035,46.3
2026-09-12T07:00:38Z,1789196438,002627395,2627.4,29045,46.9
2026-09-12T07:00:48Z,1789196448,002641963,2642.0,29055,45.8
2026-09-12T07:00:58Z,1789196458,002656976,2657.0,29065,47.4
2026-09-12T07:01:08Z,1789196468,002671771,2671.8,29075,47.4
2026-09-12T07:01:18Z,1789196478,002685632,2685.6,29085,47.4
2026-09-12T07:01:28Z,1789196488,002699414,2699.4,29095,47.4
2026-09-12T07:01:38Z,1789196498,002712566,2712.6,29105,46.9
2026-09-12T07:01:48Z,1789196508,002725018,2725.0,29115,46.9
2026-09-12T07:01:58Z,1789196518,002738887,2738.9,29125,46.3
2026-09-12T07:02:08Z,1789196528,002751064,2751.1,29135,46.9
2026-09-12T07:02:18Z,1789196538,002759944,2759.9,29145,46.9
2026-09-12T07:02:28Z,1789196548,002771584,2771.6,29155,46.9
2026-09-12T07:02:38Z,1789196558,002784045,2784.0,29165,46.9
2026-09-12T07:02:48Z,1789196568,002795682,2795.7,29175,46.9
2026-09-12T07:02:58Z,1789196578,002807463,2807.5,29185,45.8
2026-09-12T07:03:08Z,1789196588,002818466,2818.5,29195,45.2
2026-09-12T07:03:18Z,1789196598,002830321,2830.3,29205,46.9
2026-09-12T07:03:28Z,1789196608,002841091,2841.1,29215,46.3
2026-09-12T07:03:38Z,1789196618,002852666,2852.7,29225,46.9
2026-09-12T07:03:48Z,1789196628,002863068,2863.1,29235,46.9
2026-09-12T07:03:58Z,1789196638,002875172,2875.2,29245,45.8
2026-09-12T07:04:08Z,1789196648,002885091,2885.1,29255,46.3
2026-09-12T07:04:18Z,1789196658,002895478,2895.5,29265,46.3
2026-09-12T07:04:28Z,1789196668,002906001,2906.0,29275,46.9
2026-09-12T07:04:38Z,1789196678,002916979,2917.0,29285,45.2
2026-09-12T07:04:48Z,1789196688,002926822,2926.8,29295,45.8
2026-09-12T07:04:58Z,1789196698,002937181,2937.2,29305,46.3
2026-09-12T07:05:08Z,1789196708,002947375,2947.4,29315,45.8
2026-09-12T07:05:18Z,1789196718,002957312,2957.3,29325,45.2
2026-09-12T07:05:28Z,1789196728,002967460,2967.5,29335,45.2
2026-09-12T07:05:38Z,1789196738,002976784,2976.8,29345,45.8
2026-09-12T07:05:48Z,1789196748,002986749,2986.7,29355,46.3
2026-09-12T07:05:58Z,1789196758,002996524,2996.5,29365,46.3
2026-09-12T07:06:08Z,1789196768,003005205,3005.2,29375,46.3
2026-09-12T07:06:18Z,1789196778,003014629,3014.6,29385,46.3
2026-09-12T07:06:28Z,1789196788,003023870,3023.9,29395,45.8
2026-09-12T07:06:38Z,1789196798,003035192,3035.2,29405,46.3
2026-09-12T07:06:48Z,1789196808,003042245,3042.2,29415,46.3
2026-09-12T07:06:58Z,1789196818,003050991,3051.0,29425,46.3
2026-09-12T07:07:08Z,1789196828,003060290,3060.3,29435,46.3
2026-09-12T07:07:18Z,1789196838,003069084,3069.1,29445,45.8
2026-09-12T07:07:28Z,1789196848,003077471,3077.5,29455,45.2
2026-09-12T07:07:38Z,1789196858,003085803,3085.8,29465,46.3
2026-09-12T07:07:48Z,1789196868,003094064,3094.1,29475,45.8
2026-09-12T07:07:58Z,1789196878,003102553,3102.6,29485,46.3
2026-09-12T07:08:08Z,1789196888,003111160,3111.2,29495,44.6
2026-09-12T07:08:18Z,1789196898,003119387,3119.4,29505,45.2
2026-09-12T07:08:28Z,1789196908,003127052,3127.1,29515,45.8
2026-09-12T07:08:38Z,1789196918,003135582,3135.6,29525,46.3
2026-09-12T07:08:48Z,1789196928,003143423,3143.4,29535,45.2
2026-09-12T07:08:58Z,1789196938,003151320,3151.3,29545,46.3
2026-09-12T07:09:08Z,1789196948,003159068,3159.1,29555,46.3
2026-09-12T07:09:18Z,1789196958,003166410,3166.4,29565,45.8
2026-09-12T07:09:28Z,1789196968,003174257,3174.3,29575,45.8
2026-09-12T07:09:38Z,1789196978,003181923,3181.9,29585,44.6
2026-09-12T07:09:48Z,1789196988,003188875,3188.9,29595,47.4
2026-09-12T07:09:58Z,1789196998,003196317,3196.3,29605,44.6
2026-09-12T07:10:08Z,1789197008,003206529,3206.5,29615,46.9
2026-09-12T07:10:18Z,1789197018,003215661,3215.7,29625,46.9
2026-09-12T07:10:28Z,1789197028,003222381,3222.4,29635,47.4
2026-09-12T07:10:38Z,1789197038,003229819,3229.8,29645,45.2
2026-09-12T07:10:48Z,1789197048,003236663,3236.7,29655,46.9
2026-09-12T07:10:58Z,1789197058,003241655,3241.7,29665,47.4
2026-09-12T07:11:08Z,1789197068,003248852,3248.9,29675,46.9
2026-09-12T07:11:18Z,1789197078,003255291,3255.3,29685,46.9
2026-09-12T07:11:28Z,1789197088,003261032,3261.0,29695,45.8
2026-09-12T07:11:38Z,1789197098,003265147,3265.1,29705,46.9
2026-09-12T07:11:48Z,1789197108,003272214,3272.2,29715,47.4
2026-09-12T07:11:58Z,1789197118,003276271,3276.3,29725,47.4
2026-09-12T07:12:08Z,1789197128,003281762,3281.8,29735,47.4
2026-09-12T07:12:18Z,1789197138,003283319,3283.3,29745,46.9
2026-09-12T07:12:28Z,1789197148,003288499,3288.5,29755,47.4
2026-09-12T07:12:38Z,1789197158,003293914,3293.9,29765,46.3
2026-09-12T07:12:48Z,1789197168,003298529,3298.5,29775,46.3
2026-09-12T07:12:58Z,1789197178,003303641,3303.6,29785,46.9
2026-09-12T07:13:08Z,1789197188,003308454,3308.5,29795,46.3
2026-09-12T07:13:18Z,1789197198,003313598,3313.6,29805,46.3
2026-09-12T07:13:28Z,1789197208,003318447,3318.4,29815,46.9
2026-09-12T07:13:38Z,1789197218,003323464,3323.5,29825,46.3
2026-09-12T07:13:48Z,1789197228,003328464,3328.5,29835,46.3
2026-09-12T07:13:58Z,1789197238,003333431,3333.4,29845,45.2
2026-09-12T07:14:08Z,1789197248,003338013,3338.0,29855,46.3
2026-09-12T07:14:18Z,1789197258,003343119,3343.1,29865,46.3
2026-09-12T07:14:28Z,1789197268,003348397,3348.4,29875,46.9
2026-09-12T07:14:38Z,1789197278,003353609,3353.6,29885,46.3
2026-09-12T07:14:48Z,1789197288,003358588,3358.6,29895,46.3
2026-09-12T07:14:58Z,1789197298,003363798,3363.8,29905,46.3
2026-09-12T07:15:08Z,1789197308,003368759,3368.8,29915,46.9
2026-09-12T07:15:18Z,1789197318,003373768,3373.8,29925,46.3
2026-09-12T07:15:28Z,1789197328,003378622,3378.6,29935,45.2
2026-09-12T07:15:38Z,1789197338,003383747,3383.7,29945,47.4
2026-09-12T07:15:48Z,1789197348,003388294,3388.3,29955,45.8
2026-09-12T07:15:58Z,1789197358,003393484,3393.5,29965,46.3
2026-09-12T07:16:08Z,1789197368,003398411,3398.4,29975,46.3
2026-09-12T07:16:18Z,1789197378,003403632,3403.6,29985,44.6
2026-09-12T07:16:29Z,1789197388,003408444,3408.4,29995,46.3
2026-09-12T07:16:39Z,1789197399,003413670,3413.7,30006,44.6
2026-09-12T07:16:49Z,1789197409,003418679,3418.7,30016,46.3
2026-09-12T07:16:59Z,1789197419,003423615,3423.6,30026,46.3
2026-09-12T07:17:09Z,1789197429,003428478,3428.5,30036,45.2
2026-09-12T07:17:19Z,1789197439,003432917,3432.9,30046,46.3
2026-09-12T07:17:29Z,1789197449,003438099,3438.1,30056,46.3
2026-09-12T07:17:39Z,1789197459,003442895,3442.9,30066,45.8
2026-09-12T07:17:49Z,1789197469,003447694,3447.7,30076,45.2
2026-09-12T07:17:59Z,1789197479,003452036,3452.0,30086,45.2
2026-09-12T07:18:09Z,1789197489,003457289,3457.3,30096,46.3
2026-09-12T07:18:19Z,1789197499,003462048,3462.0,30106,46.3
2026-09-12T07:18:29Z,1789197509,003466517,3466.5,30116,45.8
2026-09-12T07:18:39Z,1789197519,003471512,3471.5,30126,46.3
2026-09-12T07:18:49Z,1789197529,003476273,3476.3,30136,44.6
2026-09-12T07:18:59Z,1789197539,003480950,3480.9,30146,45.2
2026-09-12T07:19:09Z,1789197549,003485542,3485.5,30156,45.2
2026-09-12T07:19:19Z,1789197559,003490162,3490.2,30166,45.8
2026-09-12T07:19:29Z,1789197569,003494903,3494.9,30176,45.8
2026-09-12T07:19:39Z,1789197579,003499358,3499.4,30186,45.2
2026-09-12T07:19:49Z,1789197589,003503823,3503.8,30196,44.6
2026-09-12T07:19:59Z,1789197599,003508540,3508.5,30206,45.8
2026-09-12T07:20:09Z,1789197609,003517511,3517.5,30216,46.3
2026-09-12T07:20:19Z,1789197619,003522474,3522.5,30226,45.8
2026-09-12T07:20:29Z,1789197629,003527006,3527.0,30236,46.9
2026-09-12T07:20:39Z,1789197639,003531051,3531.1,30246,46.3
2026-09-12T07:20:49Z,1789197649,003534239,3534.2,30256,45.8
2026-09-12T07:20:59Z,1789197659,003539515,3539.5,30266,47.4
2026-09-12T07:21:09Z,1789197669,003542528,3542.5,30276,46.9
2026-09-12T07:21:19Z,1789197679,003546389,3546.4,30286,45.8
2026-09-12T07:21:29Z,1789197689,003550655,3550.7,30296,46.3
2026-09-12T07:21:39Z,1789197699,003552510,3552.5,30306,48.0
2026-09-12T07:21:49Z,1789197709,003557159,3557.2,30316,46.3
2026-09-12T07:21:59Z,1789197719,003560603,3560.6,30326,47.4
2026-09-12T07:22:09Z,1789197729,003561842,3561.8,30336,46.9
2026-09-12T07:22:19Z,1789197739,003561079,3561.1,30346,47.4
2026-09-12T07:22:29Z,1789197749,003564020,3564.0,30356,47.4
2026-09-12T07:22:39Z,1789197759,003570200,3570.2,30366,47.4
2026-09-12T07:22:49Z,1789197769,003569918,3569.9,30376,46.3
2026-09-12T07:22:59Z,1789197779,003573451,3573.5,30386,46.9
2026-09-12T07:23:09Z,1789197789,003576466,3576.5,30396,45.8
2026-09-12T07:23:19Z,1789197799,003579149,3579.1,30406,46.9
2026-09-12T07:23:29Z,1789197809,003582518,3582.5,30416,45.2
2026-09-12T07:23:39Z,1789197819,003585241,3585.2,30426,46.3
2026-09-12T07:23:49Z,1789197829,003588522,3588.5,30436,46.9
2026-09-12T07:23:59Z,1789197839,003591397,3591.4,30446,46.3
2026-09-12T07:24:09Z,1789197849,003594683,3594.7,30456,45.8
2026-09-12T07:24:19Z,1789197859,003598341,3598.3,30466,45.2
2026-09-12T07:24:29Z,1789197869,003601541,3601.5,30476,46.9
2026-09-12T07:24:39Z,1789197879,003604484,3604.5,30486,46.9
2026-09-12T07:24:49Z,1789197889,003607820,3607.8,30496,45.2
2026-09-12T07:24:59Z,1789197899,003611475,3611.5,30506,45.8
2026-09-12T07:25:09Z,1789197909,003614802,3614.8,30516,46.3
2026-09-12T07:25:19Z,1789197919,003618114,3618.1,30526,46.9
2026-09-12T07:25:29Z,1789197929,003621265,3621.3,30536,46.3
2026-09-12T07:25:39Z,1789197939,003624718,3624.7,30546,45.2
2026-09-12T07:25:49Z,1789197949,003628490,3628.5,30556,45.8
2026-09-12T07:25:59Z,1789197959,003631546,3631.5,30566,46.3
2026-09-12T07:26:09Z,1789197969,003635385,3635.4,30576,46.3
2026-09-12T07:26:19Z,1789197979,003638769,3638.8,30586,46.3
2026-09-12T07:26:29Z,1789197989,003642141,3642.1,30596,46.3
2026-09-12T07:26:39Z,1789197999,003645500,3645.5,30606,46.3
2026-09-12T07:26:49Z,1789198009,003649088,3649.1,30616,46.3
2026-09-12T07:26:59Z,1789198019,003652332,3652.3,30626,46.9
2026-09-12T07:27:09Z,1789198029,003655824,3655.8,30636,45.2
2026-09-12T07:27:19Z,1789198039,003658879,3658.9,30646,46.3
2026-09-12T07:27:29Z,1789198049,003662794,3662.8,30656,44.6
2026-09-12T07:27:39Z,1789198059,003666216,3666.2,30666,45.8
2026-09-12T07:27:49Z,1789198069,003669314,3669.3,30676,45.2
2026-09-12T07:27:59Z,1789198079,003673217,3673.2,30686,46.3
2026-09-12T07:28:09Z,1789198089,003676405,3676.4,30696,46.3
2026-09-12T07:28:19Z,1789198099,003679713,3679.7,30706,46.3
2026-09-12T07:28:29Z,1789198109,003683105,3683.1,30716,46.3
2026-09-12T07:28:39Z,1789198119,003687154,3687.2,30726,45.8
2026-09-12T07:28:49Z,1789198129,003679503,3679.5,30736,45.8
2026-09-12T07:28:59Z,1789198139,003649232,3649.2,30746,46.3
2026-09-12T07:29:09Z,1789198149,003619265,3619.3,30756,44.6
2026-09-12T07:29:19Z,1789198159,003589536,3589.5,30766,46.3
2026-09-12T07:29:29Z,1789198169,003560978,3561.0,30776,44.6
2026-09-12T07:29:39Z,1789198179,003532230,3532.2,30786,44.6
2026-09-12T07:29:49Z,1789198189,003504393,3504.4,30796,45.8
2026-09-12T07:29:59Z,1789198199,003476938,3476.9,30806,46.3
2026-09-12T07:30:09Z,1789198209,003455246,3455.2,30816,46.3
2026-09-12T07:30:19Z,1789198219,003428177,3428.2,30826,46.9
2026-09-12T07:30:29Z,1789198229,003402074,3402.1,30836,45.8
2026-09-12T07:30:39Z,1789198239,003376705,3376.7,30846,46.9
2026-09-12T07:30:49Z,1789198249,003352117,3352.1,30856,47.4
2026-09-12T07:30:59Z,1789198259,003325728,3325.7,30866,46.3
2026-09-12T07:31:09Z,1789198269,003302102,3302.1,30876,48.0
2026-09-12T07:31:19Z,1789198279,003276880,3276.9,30886,46.3
2026-09-12T07:31:29Z,1789198289,003251684,3251.7,30896,47.4
2026-09-12T07:31:39Z,1789198299,003228523,3228.5,30906,46.9
2026-09-12T07:31:49Z,1789198309,003204743,3204.7,30916,47.4
2026-09-12T07:31:59Z,1789198319,003181334,3181.3,30926,46.9
2026-09-12T07:32:09Z,1789198329,003157789,3157.8,30936,47.4
2026-09-12T07:32:19Z,1789198339,003131917,3131.9,30946,46.9
2026-09-12T07:32:29Z,1789198349,003109542,3109.5,30956,45.8
2026-09-12T07:32:39Z,1789198359,003087825,3087.8,30966,47.4
2026-09-12T07:32:49Z,1789198369,003066370,3066.4,30976,46.9
2026-09-12T07:32:59Z,1789198379,003045391,3045.4,30986,46.9
2026-09-12T07:33:09Z,1789198389,003024623,3024.6,30996,47.4
2026-09-12T07:33:19Z,1789198399,003004042,3004.0,31006,47.4
2026-09-12T07:33:29Z,1789198409,002984473,2984.5,31016,47.4
2026-09-12T07:33:40Z,1789198419,002965003,2965.0,31026,47.4
2026-09-12T07:33:50Z,1789198430,002945421,2945.4,31037,46.3
2026-09-12T07:34:00Z,1789198440,002925050,2925.1,31047,46.9
2026-09-12T07:34:10Z,1789198450,002908111,2908.1,31057,45.8
2026-09-12T07:34:20Z,1789198460,002888709,2888.7,31067,47.4
2026-09-12T07:34:30Z,1789198470,002870746,2870.7,31077,46.9
2026-09-12T07:34:40Z,1789198480,002853530,2853.5,31087,46.9
2026-09-12T07:34:50Z,1789198490,002836429,2836.4,31097,46.9
2026-09-12T07:35:00Z,1789198500,002819489,2819.5,31107,46.9
2026-09-12T07:35:10Z,1789198510,002802745,2802.7,31117,46.9
2026-09-12T07:35:20Z,1789198520,002786893,2786.9,31127,46.9
2026-09-12T07:35:30Z,1789198530,002770949,2770.9,31137,46.3
2026-09-12T07:35:40Z,1789198540,002755147,2755.1,31147,45.2
2026-09-12T07:35:50Z,1789198550,002739446,2739.4,31157,46.3
2026-09-12T07:36:00Z,1789198560,002724599,2724.6,31167,46.3
2026-09-12T07:36:10Z,1789198570,002711621,2711.6,31177,46.9
2026-09-12T07:36:20Z,1789198580,002694989,2695.0,31187,46.3
2026-09-12T07:36:30Z,1789198590,002680271,2680.3,31197,46.9
2026-09-12T07:36:40Z,1789198600,002669557,2669.6,31207,46.9
2026-09-12T07:36:50Z,1789198610,002652139,2652.1,31217,46.9
2026-09-12T07:37:00Z,1789198620,002638677,2638.7,31227,46.9
2026-09-12T07:37:10Z,1789198630,002625187,2625.2,31237,46.3
2026-09-12T07:37:20Z,1789198640,002611832,2611.8,31247,46.3
2026-09-12T07:37:30Z,1789198650,002598645,2598.6,31257,46.3
2026-09-12T07:37:40Z,1789198660,002585621,2585.6,31267,46.9
2026-09-12T07:37:50Z,1789198670,002573646,2573.6,31277,46.9
2026-09-12T07:38:00Z,1789198680,002560678,2560.7,31287,46.3
2026-09-12T07:38:10Z,1789198690,002548659,2548.7,31297,46.3
2026-09-12T07:38:20Z,1789198700,002536602,2536.6,31307,45.8
2026-09-12T07:38:30Z,1789198710,002525412,2525.4,31317,45.8
2026-09-12T07:38:40Z,1789198720,002519198,2519.2,31327,46.3
2026-09-12T07:38:50Z,1789198730,002502510,2502.5,31337,46.3
2026-09-12T07:39:00Z,1789198740,002490845,2490.8,31347,45.8
2026-09-12T07:39:10Z,1789198750,002481237,2481.2,31357,45.8
2026-09-12T07:39:20Z,1789198760,002469535,2469.5,31367,45.2
2026-09-12T07:39:30Z,1789198770,002459014,2459.0,31377,46.3
2026-09-12T07:39:40Z,1789198780,002448392,2448.4,31387,46.3
2026-09-12T07:39:50Z,1789198790,002438351,2438.4,31397,45.8
2026-09-12T07:40:00Z,1789198800,002427870,2427.9,31407,46.9
2026-09-12T07:40:10Z,1789198810,002421538,2421.5,31417,45.2
2026-09-12T07:40:20Z,1789198820,002412539,2412.5,31427,45.8
2026-09-12T07:40:30Z,1789198830,002401683,2401.7,31437,46.9
2026-09-12T07:40:40Z,1789198840,002392746,2392.7,31447,47.4
2026-09-12T07:40:50Z,1789198850,002381947,2381.9,31457,47.4
2026-09-12T07:41:00Z,1789198860,002372377,2372.4,31467,47.4
2026-09-12T07:41:10Z,1789198870,002362680,2362.7,31477,46.9
2026-09-12T07:41:20Z,1789198880,002351854,2351.9,31487,46.9
2026-09-12T07:41:30Z,1789198890,002342194,2342.2,31497,46.9
2026-09-12T07:41:40Z,1789198900,002332510,2332.5,31507,48.0
2026-09-12T07:41:50Z,1789198910,002323172,2323.2,31517,48.0
2026-09-12T07:42:00Z,1789198920,002312751,2312.8,31527,48.0
2026-09-12T07:42:10Z,1789198930,002301707,2301.7,31537,48.0
2026-09-12T07:42:20Z,1789198940,002287891,2287.9,31547,45.2
2026-09-12T07:42:30Z,1789198950,002278651,2278.7,31557,47.4
2026-09-12T07:42:40Z,1789198960,002268578,2268.6,31567,48.0
2026-09-12T07:42:50Z,1789198970,002259707,2259.7,31577,46.9
2026-09-12T07:43:00Z,1789198980,002250240,2250.2,31587,46.3
2026-09-12T07:43:10Z,1789198990,002241360,2241.4,31597,46.9
2026-09-12T07:43:20Z,1789199000,002232156,2232.2,31607,45.2
2026-09-12T07:43:30Z,1789199010,002223646,2223.6,31617,46.9
2026-09-12T07:43:40Z,1789199020,002220476,2220.5,31627,45.8
2026-09-12T07:43:50Z,1789199030,002206311,2206.3,31637,46.3
2026-09-12T07:44:00Z,1789199040,002197668,2197.7,31647,47.4
2026-09-12T07:44:10Z,1789199050,002190414,2190.4,31657,47.4
2026-09-12T07:44:20Z,1789199060,002181345,2181.3,31667,46.9
2026-09-12T07:44:30Z,1789199070,002173254,2173.3,31677,46.3
2026-09-12T07:44:40Z,1789199080,002165510,2165.5,31687,45.2
2026-09-12T07:44:50Z,1789199090,002157706,2157.7,31697,46.9
2026-09-12T07:45:00Z,1789199100,002149670,2149.7,31707,46.9
2026-09-12T07:45:10Z,1789199110,002142997,2143.0,31717,45.8
2026-09-12T07:45:20Z,1789199120,002135182,2135.2,31727,45.2
2026-09-12T07:45:30Z,1789199130,002127577,2127.6,31737,46.3
2026-09-12T07:45:40Z,1789199140,002120384,2120.4,31747,45.8
2026-09-12T07:45:50Z,1789199150,002113472,2113.5,31757,45.2
2026-09-12T07:46:00Z,1789199160,002106153,2106.2,31767,46.9
2026-09-12T07:46:10Z,1789199170,002099335,2099.3,31777,45.2
2026-09-12T07:46:20Z,1789199180,002092144,2092.1,31787,45.2
2026-09-12T07:46:30Z,1789199190,002085655,2085.7,31797,47.4
2026-09-12T07:46:40Z,1789199200,002082290,2082.3,31807,46.9
2026-09-12T07:46:50Z,1789199210,002072383,2072.4,31817,46.3
2026-09-12T07:47:00Z,1789199220,002065061,2065.1,31827,46.3
2026-09-12T07:47:10Z,1789199230,002059398,2059.4,31837,46.9
2026-09-12T07:47:20Z,1789199240,002052818,2052.8,31847,45.8
2026-09-12T07:47:30Z,1789199250,002046820,2046.8,31857,46.9
2026-09-12T07:47:40Z,1789199260,002040050,2040.0,31867,48.0
2026-09-12T07:47:50Z,1789199270,002034860,2034.9,31877,45.8
2026-09-12T07:48:00Z,1789199280,002028582,2028.6,31887,45.8
2026-09-12T07:48:10Z,1789199290,002023120,2023.1,31897,45.8
2026-09-12T07:48:20Z,1789199300,002017088,2017.1,31907,46.9
2026-09-12T07:48:30Z,1789199310,002011703,2011.7,31917,46.9
2026-09-12T07:48:40Z,1789199320,002010948,2010.9,31927,46.3
2026-09-12T07:48:50Z,1789199330,002000228,2000.2,31937,46.3
2026-09-12T07:49:00Z,1789199340,001994840,1994.8,31947,46.3
2026-09-12T07:49:10Z,1789199350,001990318,1990.3,31957,46.3
2026-09-12T07:49:20Z,1789199360,001983347,1983.3,31967,46.3
2026-09-12T07:49:30Z,1789199370,001978612,1978.6,31977,46.3
2026-09-12T07:49:40Z,1789199380,001973425,1973.4,31987,45.2
2026-09-12T07:49:50Z,1789199390,001968232,1968.2,31997,46.3
2026-09-12T07:50:00Z,1789199400,001962659,1962.7,32007,46.9
2026-09-12T07:50:10Z,1789199410,001962484,1962.5,32017,46.3
2026-09-12T07:50:20Z,1789199420,001958300,1958.3,32027,46.9
2026-09-12T07:50:30Z,1789199430,001952234,1952.2,32037,47.4
2026-09-12T07:50:40Z,1789199440,001947396,1947.4,32047,45.8
2026-09-12T07:50:50Z,1789199450,001942417,1942.4,32057,47.4
2026-09-12T07:51:01Z,1789199460,001935034,1935.0,32067,45.8
2026-09-12T07:51:11Z,1789199471,001930491,1930.5,32078,46.9
2026-09-12T07:51:21Z,1789199481,001924009,1924.0,32088,47.4
2026-09-12T07:51:31Z,1789199491,001918697,1918.7,32098,46.3
2026-09-12T07:51:41Z,1789199501,001913719,1913.7,32108,46.9
2026-09-12T07:51:51Z,1789199511,001907965,1908.0,32118,47.4
2026-09-12T07:52:01Z,1789199521,001902525,1902.5,32128,47.4
2026-09-12T07:52:11Z,1789199531,001894659,1894.7,32138,45.8
2026-09-12T07:52:21Z,1789199541,001885256,1885.3,32148,48.0
2026-09-12T07:52:31Z,1789199551,001880756,1880.8,32158,47.4
2026-09-12T07:52:41Z,1789199561,001874774,1874.8,32168,47.4
2026-09-12T07:52:51Z,1789199571,001869343,1869.3,32178,46.3
2026-09-12T07:53:01Z,1789199581,001863817,1863.8,32188,46.3
2026-09-12T07:53:11Z,1789199591,001858563,1858.6,32198,46.9
2026-09-12T07:53:21Z,1789199601,001853026,1853.0,32208,47.4
2026-09-12T07:53:31Z,1789199611,001848928,1848.9,32218,47.4
2026-09-12T07:53:41Z,1789199621,001842064,1842.1,32228,47.4
2026-09-12T07:53:51Z,1789199631,001837286,1837.3,32238,47.4
2026-09-12T07:54:01Z,1789199641,001831964,1832.0,32248,48.5
2026-09-12T07:54:11Z,1789199651,001827855,1827.9,32258,45.2
2026-09-12T07:54:21Z,1789199661,001823441,1823.4,32268,46.3
2026-09-12T07:54:31Z,1789199671,001818907,1818.9,32278,47.4
2026-09-12T07:54:41Z,1789199681,001813178,1813.2,32288,45.8
2026-09-12T07:54:51Z,1789199691,001808439,1808.4,32298,46.9
2026-09-12T07:55:01Z,1789199701,001804170,1804.2,32308,46.9
2026-09-12T07:55:11Z,1789199711,001799576,1799.6,32318,46.3
2026-09-12T07:55:21Z,1789199721,001795265,1795.3,32328,45.8
2026-09-12T07:55:31Z,1789199731,001791979,1792.0,32338,45.8
2026-09-12T07:55:41Z,1789199741,001786255,1786.3,32348,46.9
2026-09-12T07:55:51Z,1789199751,001782517,1782.5,32358,46.9
2026-09-12T07:56:01Z,1789199761,001777895,1777.9,32368,46.3
2026-09-12T07:56:11Z,1789199771,001773593,1773.6,32378,46.9
2026-09-12T07:56:21Z,1789199781,001769609,1769.6,32388,46.9
2026-09-12T07:56:31Z,1789199791,001767202,1767.2,32398,45.8
2026-09-12T07:56:41Z,1789199801,001762428,1762.4,32408,46.3
2026-09-12T07:56:51Z,1789199811,001757954,1758.0,32418,46.3
2026-09-12T07:57:01Z,1789199821,001754574,1754.6,32428,44.6
2026-09-12T07:57:11Z,1789199831,001750436,1750.4,32438,45.8
2026-09-12T07:57:21Z,1789199841,001746430,1746.4,32448,45.2
2026-09-12T07:57:31Z,1789199851,001742665,1742.7,32458,44.6
2026-09-12T07:57:41Z,1789199861,001738994,1739.0,32468,46.3
2026-09-12T07:57:51Z,1789199871,001736545,1736.5,32478,44.6
2026-09-12T07:58:01Z,1789199881,001731984,1732.0,32488,46.9
2026-09-12T07:58:11Z,1789199891,001727979,1728.0,32498,45.8
2026-09-12T07:58:21Z,1789199901,001724751,1724.8,32508,46.3
2026-09-12T07:58:31Z,1789199911,001726707,1726.7,32518,45.2
2026-09-12T07:58:41Z,1789199921,001717921,1717.9,32528,46.3
2026-09-12T07:58:51Z,1789199931,001714151,1714.2,32538,46.3
2026-09-12T07:59:01Z,1789199941,001711879,1711.9,32548,45.8
2026-09-12T07:59:11Z,1789199951,001707699,1707.7,32558,46.3
2026-09-12T07:59:21Z,1789199961,001704162,1704.2,32568,45.8
2026-09-12T07:59:31Z,1789199971,001700974,1701.0,32578,46.3
2026-09-12T07:59:41Z,1789199981,001697635,1697.6,32588,46.3
2026-09-12T07:59:51Z,1789199991,001694385,1694.4,32598,46.3
2026-09-12T08:00:01Z,1789200001,001696317,1696.3,32608,46.3
2026-09-12T08:00:11Z,1789200011,001692596,1692.6,32618,45.8
2026-09-12T08:00:21Z,1789200021,001689111,1689.1,32628,46.3
2026-09-12T08:00:31Z,1789200031,001686251,1686.3,32638,46.9
2026-09-12T08:00:41Z,1789200041,001680812,1680.8,32648,46.3
2026-09-12T08:00:51Z,1789200051,001679164,1679.2,32658,45.8
2026-09-12T08:01:01Z,1789200061,001674547,1674.5,32668,47.4
2026-09-12T08:01:11Z,1789200071,001671184,1671.2,32678,47.4
2026-09-12T08:01:21Z,1789200081,001666722,1666.7,32688,47.4
2026-09-12T08:01:31Z,1789200091,001663346,1663.3,32698,46.9
2026-09-12T08:01:41Z,1789200101,001659038,1659.0,32708,47.4
2026-09-12T08:01:51Z,1789200111,001654298,1654.3,32718,46.9
2026-09-12T08:02:01Z,1789200121,001650365,1650.4,32728,48.5
2026-09-12T08:02:11Z,1789200131,001644814,1644.8,32738,48.0
2026-09-12T08:02:21Z,1789200141,001637051,1637.1,32748,48.0
2026-09-12T08:02:31Z,1789200151,001634189,1634.2,32758,45.8
2026-09-12T08:02:41Z,1789200161,001629040,1629.0,32768,46.3
2026-09-12T08:02:51Z,1789200171,001624532,1624.5,32778,47.4
2026-09-12T08:03:01Z,1789200181,001629964,1630.0,32788,47.4
2026-09-12T08:03:11Z,1789200191,001640688,1640.7,32798,47.4
2026-09-12T08:03:21Z,1789200201,001649098,1649.1,32808,47.4
2026-09-12T08:03:31Z,1789200211,001658106,1658.1,32818,46.3
2026-09-12T08:03:41Z,1789200221,001667121,1667.1,32828,46.9
2026-09-12T08:03:51Z,1789200231,001675539,1675.5,32838,47.4
2026-09-12T08:04:01Z,1789200241,001685845,1685.8,32848,46.9
2026-09-12T08:04:11Z,1789200251,001693005,1693.0,32858,47.4
2026-09-12T08:04:21Z,1789200261,001700819,1700.8,32868,46.3
2026-09-12T08:04:31Z,1789200271,001710514,1710.5,32878,45.8
2026-09-12T08:04:41Z,1789200281,001717538,1717.5,32888,46.3
2026-09-12T08:04:51Z,1789200291,001725282,1725.3,32898,45.8
2026-09-12T08:05:01Z,1789200301,001732290,1732.3,32908,46.9
2026-09-12T08:05:11Z,1789200311,001741895,1741.9,32918,46.9
2026-09-12T08:05:21Z,1789200321,001747770,1747.8,32928,46.3
2026-09-12T08:05:31Z,1789200331,001754602,1754.6,32938,46.9
2026-09-12T08:05:41Z,1789200341,001761858,1761.9,32948,46.9
2026-09-12T08:05:51Z,1789200351,001768727,1768.7,32958,46.9
2026-09-12T08:06:01Z,1789200361,001775099,1775.1,32968,46.9
2026-09-12T08:06:11Z,1789200371,001782647,1782.6,32978,46.3
2026-09-12T08:06:21Z,1789200381,001790038,1790.0,32988,45.2
2026-09-12T08:06:31Z,1789200391,001794461,1794.5,32998,46.9
2026-09-12T08:06:41Z,1789200401,001801604,1801.6,33008,45.8
2026-09-12T08:06:51Z,1789200411,001806434,1806.4,33018,46.9
2026-09-12T08:07:01Z,1789200421,001812266,1812.3,33028,45.2
2026-09-12T08:07:11Z,1789200431,001818681,1818.7,33038,46.3
2026-09-12T08:07:21Z,1789200441,001824382,1824.4,33048,46.3
2026-09-12T08:07:31Z,1789200451,001831669,1831.7,33058,46.3
2026-09-12T08:07:41Z,1789200461,001835083,1835.1,33068,45.2
2026-09-12T08:07:52Z,1789200471,001840568,1840.6,33078,46.9
2026-09-12T08:08:02Z,1789200482,001846369,1846.4,33089,46.3
2026-09-12T08:08:12Z,1789200492,001851421,1851.4,33099,46.9
2026-09-12T08:08:22Z,1789200502,001855998,1856.0,33109,44.6
2026-09-12T08:08:32Z,1789200512,001861214,1861.2,33119,46.3
2026-09-12T08:08:42Z,1789200522,001865756,1865.8,33129,46.3
2026-09-12T08:08:52Z,1789200532,001870349,1870.3,33139,45.2
2026-09-12T08:09:02Z,1789200542,001874883,1874.9,33149,46.3
2026-09-12T08:09:12Z,1789200552,001879305,1879.3,33159,45.8
2026-09-12T08:09:22Z,1789200562,001884026,1884.0,33169,45.2
2026-09-12T08:09:32Z,1789200572,001887880,1887.9,33179,46.3
2026-09-12T08:09:42Z,1789200582,001892424,1892.4,33189,46.3
2026-09-12T08:09:52Z,1789200592,001896069,1896.1,33199,44.6
2026-09-12T08:10:02Z,1789200602,001904854,1904.9,33209,46.3
2026-09-12T08:10:12Z,1789200612,001908835,1908.8,33219,46.9
2026-09-12T08:10:22Z,1789200622,001913237,1913.2,33229,47.4
2026-09-12T08:10:32Z,1789200632,001916692,1916.7,33239,47.4
2026-09-12T08:10:42Z,1789200642,001918702,1918.7,33249,45.8
2026-09-12T08:10:52Z,1789200652,001921601,1921.6,33259,46.3
2026-09-12T08:11:02Z,1789200662,001925336,1925.3,33269,46.3
2026-09-12T08:11:12Z,1789200672,001928075,1928.1,33279,46.3
2026-09-12T08:11:22Z,1789200682,001930080,1930.1,33289,47.4
2026-09-12T08:11:32Z,1789200692,001930573,1930.6,33299,47.4
2026-09-12T08:11:42Z,1789200702,001933354,1933.4,33309,48.0
2026-09-12T08:11:52Z,1789200712,001934590,1934.6,33319,48.0
2026-09-12T08:12:02Z,1789200722,001937690,1937.7,33329,47.4
2026-09-12T08:12:12Z,1789200732,001937434,1937.4,33339,48.0
2026-09-12T08:12:22Z,1789200742,001935694,1935.7,33349,47.4
2026-09-12T08:12:32Z,1789200752,001937359,1937.4,33359,48.0
2026-09-12T08:12:42Z,1789200762,001939284,1939.3,33369,46.3
2026-09-12T08:12:52Z,1789200772,001939747,1939.7,33379,45.8
2026-09-12T08:13:02Z,1789200782,001941157,1941.2,33389,46.9
2026-09-12T08:13:12Z,1789200792,001942368,1942.4,33399,46.9
2026-09-12T08:13:22Z,1789200802,001943603,1943.6,33409,47.4
2026-09-12T08:13:32Z,1789200812,001944697,1944.7,33419,46.9
2026-09-12T08:13:42Z,1789200822,001945724,1945.7,33429,46.9
2026-09-12T08:13:52Z,1789200832,001946724,1946.7,33439,47.4
2026-09-12T08:14:02Z,1789200842,001948254,1948.3,33449,46.9
2026-09-12T08:14:12Z,1789200852,001948795,1948.8,33459,46.3
2026-09-12T08:14:22Z,1789200862,001949924,1949.9,33469,46.9
2026-09-12T08:14:32Z,1789200872,001950844,1950.8,33479,47.4
2026-09-12T08:14:42Z,1789200882,001951929,1951.9,33489,46.9
2026-09-12T08:14:52Z,1789200892,001952529,1952.5,33499,47.4
2026-09-12T08:15:02Z,1789200902,001958555,1958.6,33509,46.3
2026-09-12T08:15:12Z,1789200912,001954119,1954.1,33519,46.9
2026-09-12T08:15:22Z,1789200922,001955239,1955.2,33529,45.2
2026-09-12T08:15:32Z,1789200932,001955417,1955.4,33539,46.3
2026-09-12T08:15:42Z,1789200942,001956710,1956.7,33549,45.2
2026-09-12T08:15:52Z,1789200952,001956803,1956.8,33559,46.3
2026-09-12T08:16:02Z,1789200962,001958328,1958.3,33569,46.9
2026-09-12T08:16:12Z,1789200972,001958489,1958.5,33579,45.8
2026-09-12T08:16:22Z,1789200982,001959342,1959.3,33589,46.3
2026-09-12T08:16:32Z,1789200992,001959797,1959.8,33599,46.9
2026-09-12T08:16:42Z,1789201002,001960834,1960.8,33609,45.8
2026-09-12T08:16:52Z,1789201012,001960641,1960.6,33619,45.8
2026-09-12T08:17:02Z,1789201022,001966571,1966.6,33629,44.6
2026-09-12T08:17:12Z,1789201032,001961715,1961.7,33639,46.9
2026-09-12T08:17:22Z,1789201042,001962613,1962.6,33649,46.3
2026-09-12T08:17:32Z,1789201052,001963321,1963.3,33659,45.2
2026-09-12T08:17:42Z,1789201062,001964099,1964.1,33669,46.3
2026-09-12T08:17:52Z,1789201072,001964170,1964.2,33679,45.8
2026-09-12T08:18:02Z,1789201082,001965034,1965.0,33689,46.3
2026-09-12T08:18:12Z,1789201092,001965100,1965.1,33699,45.8
2026-09-12T08:18:22Z,1789201102,001965740,1965.7,33709,46.9
2026-09-12T08:18:32Z,1789201112,001965730,1965.7,33719,46.3
2026-09-12T08:18:42Z,1789201122,001966147,1966.1,33729,46.9
2026-09-12T08:18:52Z,1789201132,001966139,1966.1,33739,46.3
2026-09-12T08:19:02Z,1789201142,001967189,1967.2,33749,46.3
2026-09-12T08:19:12Z,1789201152,001966630,1966.6,33759,46.9
2026-09-12T08:19:22Z,1789201162,001967296,1967.3,33769,46.9
2026-09-12T08:19:32Z,1789201172,001967152,1967.2,33779,45.8
2026-09-12T08:19:42Z,1789201182,001968011,1968.0,33789,47.4
2026-09-12T08:19:52Z,1789201192,001967358,1967.4,33799,46.3
2026-09-12T08:20:02Z,1789201202,001973099,1973.1,33809,46.9
2026-09-12T08:20:12Z,1789201212,001972364,1972.4,33819,46.9
2026-09-12T08:20:22Z,1789201222,001973526,1973.5,33829,46.9
2026-09-12T08:20:32Z,1789201232,001972769,1972.8,33839,46.3
2026-09-12T08:20:42Z,1789201242,001972057,1972.1,33849,46.3
2026-09-12T08:20:52Z,1789201252,001970724,1970.7,33859,46.3
2026-09-12T08:21:02Z,1789201262,001970919,1970.9,33869,48.0
2026-09-12T08:21:12Z,1789201272,001969253,1969.3,33879,48.0
2026-09-12T08:21:22Z,1789201282,001968504,1968.5,33889,48.0
2026-09-12T08:21:32Z,1789201292,001967433,1967.4,33899,47.4
2026-09-12T08:21:42Z,1789201302,001967596,1967.6,33909,47.4
2026-09-12T08:21:52Z,1789201312,001965808,1965.8,33919,48.0
2026-09-12T08:22:02Z,1789201322,001964346,1964.3,33929,47.4
2026-09-12T08:22:12Z,1789201332,001961656,1961.7,33939,48.0
2026-09-12T08:22:22Z,1789201342,001957239,1957.2,33949,47.4
2026-09-12T08:22:32Z,1789201352,001956040,1956.0,33959,48.0
2026-09-12T08:22:42Z,1789201362,001954558,1954.6,33969,48.0
2026-09-12T08:22:52Z,1789201372,001952905,1952.9,33979,46.9
2026-09-12T08:23:02Z,1789201382,001952231,1952.2,33989,47.4
2026-09-12T08:23:12Z,1789201392,001950738,1950.7,33999,46.9
2026-09-12T08:23:22Z,1789201402,001949743,1949.7,34009,46.3
2026-09-12T08:23:32Z,1789201412,001948116,1948.1,34019,47.4
2026-09-12T08:23:42Z,1789201422,001947172,1947.2,34029,47.4
2026-09-12T08:23:52Z,1789201432,001945670,1945.7,34039,46.3
2026-09-12T08:24:02Z,1789201442,001944891,1944.9,34049,47.4
2026-09-12T08:24:12Z,1789201452,001943314,1943.3,34059,46.9
2026-09-12T08:24:22Z,1789201462,001942645,1942.6,34069,47.4
2026-09-12T08:24:32Z,1789201472,001941494,1941.5,34079,47.4
2026-09-12T08:24:42Z,1789201482,001940361,1940.4,34089,47.4
2026-09-12T08:24:52Z,1789201492,001938916,1938.9,34099,46.9
2026-09-12T08:25:03Z,1789201502,001943340,1943.3,34109,45.8
2026-09-12T08:25:13Z,1789201513,001936873,1936.9,34120,46.3
2026-09-12T08:25:23Z,1789201523,001936041,1936.0,34130,46.9
2026-09-12T08:25:33Z,1789201533,001934396,1934.4,34140,46.9
2026-09-12T08:25:43Z,1789201543,001934105,1934.1,34150,46.3
2026-09-12T08:25:53Z,1789201553,001932761,1932.8,34160,46.9
2026-09-12T08:26:03Z,1789201563,001931753,1931.8,34170,46.3
2026-09-12T08:26:13Z,1789201573,001930583,1930.6,34180,47.4
2026-09-12T08:26:23Z,1789201583,001930101,1930.1,34190,45.8
2026-09-12T08:26:33Z,1789201593,001929400,1929.4,34200,46.3
2026-09-12T08:26:43Z,1789201603,001927927,1927.9,34210,45.2
2026-09-12T08:26:53Z,1789201613,001927420,1927.4,34220,45.2
2026-09-12T08:27:03Z,1789201623,001926475,1926.5,34230,45.2
2026-09-12T08:27:13Z,1789201633,001925071,1925.1,34240,46.3
2026-09-12T08:27:23Z,1789201643,001923986,1924.0,34250,46.9
2026-09-12T08:27:33Z,1789201653,001923445,1923.4,34260,46.3
2026-09-12T08:27:43Z,1789201663,001922483,1922.5,34270,47.4
2026-09-12T08:27:53Z,1789201673,001921602,1921.6,34280,45.2
2026-09-12T08:28:03Z,1789201683,001920709,1920.7,34290,46.9
2026-09-12T08:28:13Z,1789201693,001919896,1919.9,34300,45.8
2026-09-12T08:28:23Z,1789201703,001919256,1919.3,34310,46.3
2026-09-12T08:28:33Z,1789201713,001918271,1918.3,34320,45.8
2026-09-12T08:28:43Z,1789201723,001917165,1917.2,34330,45.8
2026-09-12T08:28:53Z,1789201733,001916306,1916.3,34340,46.9
2026-09-12T08:29:03Z,1789201743,001915844,1915.8,34350,46.3
2026-09-12T08:29:13Z,1789201753,001914389,1914.4,34360,45.8
2026-09-12T08:29:23Z,1789201763,001913850,1913.8,34370,46.3
2026-09-12T08:29:33Z,1789201773,001913301,1913.3,34380,46.3
2026-09-12T08:29:43Z,1789201783,001912427,1912.4,34390,46.9
2026-09-12T08:29:53Z,1789201793,001911673,1911.7,34400,46.9
2026-09-12T08:30:03Z,1789201803,001913853,1913.9,34410,44.6
2026-09-12T08:30:13Z,1789201813,001914580,1914.6,34420,46.9
2026-09-12T08:30:23Z,1789201823,001914056,1914.1,34430,46.9
2026-09-12T08:30:33Z,1789201833,001913746,1913.7,34440,47.4
2026-09-12T08:30:43Z,1789201843,001911815,1911.8,34450,47.4
2026-09-12T08:30:53Z,1789201853,001910117,1910.1,34460,46.9
2026-09-12T08:31:03Z,1789201863,001908335,1908.3,34470,47.4
2026-09-12T08:31:13Z,1789201873,001907286,1907.3,34480,47.4
2026-09-12T08:31:23Z,1789201883,001905433,1905.4,34490,48.0
2026-09-12T08:31:33Z,1789201893,001902905,1902.9,34500,47.4
2026-09-12T08:31:43Z,1789201903,001902054,1902.1,34510,46.9
2026-09-12T08:31:53Z,1789201913,001899935,1899.9,34520,48.0
2026-09-12T08:32:03Z,1789201923,001897606,1897.6,34530,46.9
2026-09-12T08:32:13Z,1789201933,001895065,1895.1,34540,47.4
2026-09-12T08:32:23Z,1789201943,001887888,1887.9,34550,48.0
2026-09-12T08:32:33Z,1789201953,001886239,1886.2,34560,47.4
2026-09-12T08:32:43Z,1789201963,001886603,1886.6,34570,46.3
2026-09-12T08:32:53Z,1789201973,001881571,1881.6,34580,46.3
2026-09-12T08:33:03Z,1789201983,001880346,1880.3,34590,46.9
2026-09-12T08:33:13Z,1789201993,001878542,1878.5,34600,47.4
2026-09-12T08:33:23Z,1789202003,001876452,1876.5,34610,47.4
2026-09-12T08:33:33Z,1789202013,001874616,1874.6,34620,47.4
2026-09-12T08:33:43Z,1789202023,001872347,1872.3,34630,46.9
2026-09-12T08:33:53Z,1789202033,001870443,1870.4,34640,47.4
2026-09-12T08:34:03Z,1789202043,001868644,1868.6,34650,46.9
2026-09-12T08:34:13Z,1789202053,001866652,1866.7,34660,47.4
2026-09-12T08:34:23Z,1789202063,001865415,1865.4,34670,46.9
2026-09-12T08:34:33Z,1789202073,001863839,1863.8,34680,46.9
2026-09-12T08:34:43Z,1789202083,001862739,1862.7,34690,47.4
2026-09-12T08:34:53Z,1789202093,001860874,1860.9,34700,47.4
2026-09-12T08:35:03Z,1789202103,001859837,1859.8,34710,46.9
2026-09-12T08:35:13Z,1789202113,001858405,1858.4,34720,45.2
2026-09-12T08:35:23Z,1789202123,001856598,1856.6,34730,46.3
2026-09-12T08:35:33Z,1789202133,001855434,1855.4,34740,46.9
2026-09-12T08:35:43Z,1789202143,001854044,1854.0,34750,46.3
2026-09-12T08:35:53Z,1789202153,001852685,1852.7,34760,45.8
2026-09-12T08:36:03Z,1789202163,001850710,1850.7,34770,46.3
2026-09-12T08:36:13Z,1789202173,001849971,1850.0,34780,46.3
2026-09-12T08:36:23Z,1789202183,001848580,1848.6,34790,45.8
2026-09-12T08:36:33Z,1789202193,001846869,1846.9,34800,46.3
2026-09-12T08:36:43Z,1789202203,001845765,1845.8,34810,46.3
2026-09-12T08:36:53Z,1789202213,001844046,1844.0,34820,46.9
2026-09-12T08:37:03Z,1789202223,001844304,1844.3,34830,46.3
2026-09-12T08:37:13Z,1789202233,001850428,1850.4,34840,46.3
2026-09-12T08:37:23Z,1789202243,001856714,1856.7,34850,46.3
2026-09-12T08:37:33Z,1789202253,001862758,1862.8,34860,46.9
2026-09-12T08:37:43Z,1789202263,001868543,1868.5,34870,45.2
2026-09-12T08:37:53Z,1789202273,001874053,1874.1,34880,46.3
2026-09-12T08:38:03Z,1789202283,001879809,1879.8,34890,46.3
2026-09-12T08:38:13Z,1789202293,001885907,1885.9,34900,46.3
2026-09-12T08:38:23Z,1789202303,001890941,1890.9,34910,46.3
2026-09-12T08:38:33Z,1789202313,001896025,1896.0,34920,46.9
2026-09-12T08:38:43Z,1789202323,001901734,1901.7,34930,46.9
2026-09-12T08:38:53Z,1789202333,001907239,1907.2,34940,46.3
2026-09-12T08:39:03Z,1789202343,001912281,1912.3,34950,46.9
2026-09-12T08:39:13Z,1789202353,001917327,1917.3,34960,46.3
2026-09-12T08:39:23Z,1789202363,001921877,1921.9,34970,46.3
2026-09-12T08:39:33Z,1789202373,001926935,1926.9,34980,45.2
2026-09-12T08:39:43Z,1789202383,001931593,1931.6,34990,48.0
2026-09-12T08:39:53Z,1789202393,001936098,1936.1,35000,46.3
2026-09-12T08:40:03Z,1789202403,001943040,1943.0,35010,46.3
2026-09-12T08:40:13Z,1789202413,001950164,1950.2,35020,46.9
2026-09-12T08:40:23Z,1789202423,001953397,1953.4,35030,46.9
2026-09-12T08:40:33Z,1789202433,001957890,1957.9,35040,47.4
2026-09-12T08:40:43Z,1789202443,001961903,1961.9,35050,47.4
2026-09-12T08:40:53Z,1789202453,001964624,1964.6,35060,46.3
2026-09-12T08:41:03Z,1789202463,001968146,1968.1,35070,47.4
2026-09-12T08:41:13Z,1789202473,001971786,1971.8,35080,46.3
2026-09-12T08:41:23Z,1789202483,001974990,1975.0,35090,47.4
2026-09-12T08:41:33Z,1789202493,001977261,1977.3,35100,47.4
2026-09-12T08:41:43Z,1789202503,001978987,1979.0,35110,46.9
2026-09-12T08:41:53Z,1789202513,001980839,1980.8,35120,48.5
2026-09-12T08:42:03Z,1789202523,001983779,1983.8,35130,48.0
2026-09-12T08:42:14Z,1789202533,001984995,1985.0,35140,48.0
2026-09-12T08:42:24Z,1789202544,001983304,1983.3,35151,48.0
2026-09-12T08:42:34Z,1789202554,001985013,1985.0,35161,46.9
2026-09-12T08:42:44Z,1789202564,001986669,1986.7,35171,48.0
2026-09-12T08:42:54Z,1789202574,001988237,1988.2,35181,48.0
2026-09-12T08:43:04Z,1789202584,001990051,1990.1,35191,45.8
2026-09-12T08:43:14Z,1789202594,001991741,1991.7,35201,47.4
2026-09-12T08:43:24Z,1789202604,001993235,1993.2,35211,48.0
2026-09-12T08:43:34Z,1789202614,001995312,1995.3,35221,47.4
2026-09-12T08:43:44Z,1789202624,001996400,1996.4,35231,46.9
2026-09-12T08:43:54Z,1789202634,001997981,1998.0,35241,47.4
2026-09-12T08:44:04Z,1789202644,001999482,1999.5,35251,45.8
2026-09-12T08:44:14Z,1789202654,002001497,2001.5,35261,47.4
2026-09-12T08:44:24Z,1789202664,002002621,2002.6,35271,47.4
2026-09-12T08:44:34Z,1789202674,002003871,2003.9,35281,45.8
2026-09-12T08:44:44Z,1789202684,002005232,2005.2,35291,47.4
2026-09-12T08:44:54Z,1789202694,002007185,2007.2,35301,47.4
2026-09-12T08:45:04Z,1789202704,002010731,2010.7,35311,46.3
2026-09-12T08:45:14Z,1789202714,002010280,2010.3,35321,45.8
2026-09-12T08:45:24Z,1789202724,002011351,2011.4,35331,45.8
2026-09-12T08:45:34Z,1789202734,002013092,2013.1,35341,46.9
2026-09-12T08:45:44Z,1789202744,002014043,2014.0,35351,47.4
2026-09-12T08:45:54Z,1789202754,002015906,2015.9,35361,45.8
2026-09-12T08:46:04Z,1789202764,002016796,2016.8,35371,45.2
2026-09-12T08:46:14Z,1789202774,002019267,2019.3,35381,46.3
2026-09-12T08:46:24Z,1789202784,002020082,2020.1,35391,46.9
2026-09-12T08:46:34Z,1789202794,002021331,2021.3,35401,45.2
2026-09-12T08:46:44Z,1789202804,002022851,2022.9,35411,46.9
2026-09-12T08:46:54Z,1789202814,002023919,2023.9,35421,45.8
2026-09-12T08:47:04Z,1789202824,002025075,2025.1,35431,46.3
2026-09-12T08:47:14Z,1789202834,002027020,2027.0,35441,46.3
2026-09-12T08:47:24Z,1789202844,002028258,2028.3,35451,45.8
2026-09-12T08:47:34Z,1789202854,002029900,2029.9,35461,46.9
2026-09-12T08:47:44Z,1789202864,002030372,2030.4,35471,47.4
2026-09-12T08:47:54Z,1789202874,002032102,2032.1,35481,46.9
2026-09-12T08:48:04Z,1789202884,002033312,2033.3,35491,45.2
2026-09-12T08:48:14Z,1789202894,002034651,2034.7,35501,47.4
2026-09-12T08:48:24Z,1789202904,002035175,2035.2,35511,46.3
2026-09-12T08:48:34Z,1789202914,002036793,2036.8,35521,45.8
2026-09-12T08:48:44Z,1789202924,002037523,2037.5,35531,45.2
2026-09-12T08:48:54Z,1789202934,002039108,2039.1,35541,45.2
2026-09-12T08:49:04Z,1789202944,002040121,2040.1,35551,45.2
2026-09-12T08:49:14Z,1789202954,002041583,2041.6,35561,45.2
2026-09-12T08:49:24Z,1789202964,002041808,2041.8,35571,46.3
2026-09-12T08:49:34Z,1789202974,002043131,2043.1,35581,46.3
2026-09-12T08:49:44Z,1789202984,002043884,2043.9,35591,45.2
2026-09-12T08:49:54Z,1789202994,002045126,2045.1,35601,46.9
2026-09-12T08:50:04Z,1789203004,002049875,2049.9,35611,46.3
2026-09-12T08:50:14Z,1789203014,002050871,2050.9,35621,46.9
2026-09-12T08:50:24Z,1789203024,002051987,2052.0,35631,46.9
2026-09-12T08:50:34Z,1789203034,002052981,2053.0,35641,46.3
2026-09-12T08:50:44Z,1789203044,002053540,2053.5,35651,47.4
2026-09-12T08:50:54Z,1789203054,002054127,2054.1,35661,47.4
2026-09-12T08:51:04Z,1789203064,002053242,2053.2,35671,46.3
2026-09-12T08:51:14Z,1789203074,002053684,2053.7,35681,47.4
2026-09-12T08:51:24Z,1789203084,002053451,2053.5,35691,47.4
2026-09-12T08:51:34Z,1789203094,002053340,2053.3,35701,48.0
2026-09-12T08:51:44Z,1789203104,002053427,2053.4,35711,47.4
2026-09-12T08:51:54Z,1789203114,002053656,2053.7,35721,48.0
2026-09-12T08:52:04Z,1789203124,002053288,2053.3,35731,48.0
2026-09-12T08:52:14Z,1789203134,002051840,2051.8,35741,47.4
2026-09-12T08:52:24Z,1789203144,002046739,2046.7,35751,48.0
2026-09-12T08:52:34Z,1789203154,002046431,2046.4,35761,47.4
2026-09-12T08:52:44Z,1789203164,002045860,2045.9,35771,47.4
2026-09-12T08:52:54Z,1789203174,002045155,2045.2,35781,46.3
2026-09-12T08:53:04Z,1789203184,002044819,2044.8,35791,47.4
2026-09-12T08:53:14Z,1789203194,002044554,2044.6,35801,47.4
2026-09-12T08:53:24Z,1789203204,002043658,2043.7,35811,46.9
2026-09-12T08:53:34Z,1789203214,002044038,2044.0,35821,47.4
2026-09-12T08:53:44Z,1789203224,002043324,2043.3,35831,46.9
2026-09-12T08:53:54Z,1789203234,002043404,2043.4,35841,46.3
2026-09-12T08:54:04Z,1789203244,002042783,2042.8,35851,45.8
2026-09-12T08:54:14Z,1789203254,002042696,2042.7,35861,46.9
2026-09-12T08:54:24Z,1789203264,002042020,2042.0,35871,46.3
2026-09-12T08:54:34Z,1789203274,002042379,2042.4,35881,46.9
2026-09-12T08:54:44Z,1789203284,002041777,2041.8,35891,47.4
2026-09-12T08:54:54Z,1789203294,002042324,2042.3,35901,45.8
2026-09-12T08:55:04Z,1789203304,002041780,2041.8,35911,46.3
2026-09-12T08:55:14Z,1789203314,002041775,2041.8,35921,46.9
2026-09-12T08:55:24Z,1789203324,002041736,2041.7,35931,46.3
2026-09-12T08:55:34Z,1789203334,002041995,2042.0,35941,46.3
2026-09-12T08:55:44Z,1789203344,002041073,2041.1,35951,46.9
2026-09-12T08:55:54Z,1789203354,002041171,2041.2,35961,45.8
2026-09-12T08:56:04Z,1789203364,002040755,2040.8,35971,47.4
2026-09-12T08:56:14Z,1789203374,002041306,2041.3,35981,46.3
2026-09-12T08:56:24Z,1789203384,002040324,2040.3,35991,46.9
2026-09-12T08:56:34Z,1789203394,002040549,2040.5,36001,46.3
2026-09-12T08:56:44Z,1789203404,002040355,2040.4,36011,45.2
2026-09-12T08:56:54Z,1789203414,002040535,2040.5,36021,47.4
2026-09-12T08:57:04Z,1789203424,002039831,2039.8,36031,46.9
2026-09-12T08:57:14Z,1789203434,002039985,2040.0,36041,46.9
2026-09-12T08:57:24Z,1789203444,002039366,2039.4,36051,46.9
2026-09-12T08:57:34Z,1789203454,002039217,2039.2,36061,46.3
2026-09-12T08:57:44Z,1789203464,002038740,2038.7,36071,45.8
2026-09-12T08:57:54Z,1789203474,002039566,2039.6,36081,45.2
2026-09-12T08:58:04Z,1789203484,002038991,2039.0,36091,46.3
2026-09-12T08:58:14Z,1789203494,002038812,2038.8,36101,46.9
2026-09-12T08:58:24Z,1789203504,002038770,2038.8,36111,44.6
2026-09-12T08:58:34Z,1789203514,002038958,2039.0,36121,46.3
2026-09-12T08:58:44Z,1789203524,002038634,2038.6,36131,46.3
2026-09-12T08:58:54Z,1789203534,002038670,2038.7,36141,46.9
2026-09-12T08:59:04Z,1789203544,002038289,2038.3,36151,47.4
2026-09-12T08:59:15Z,1789203554,002038377,2038.4,36161,47.4
2026-09-12T08:59:25Z,1789203565,002037579,2037.6,36172,46.3
2026-09-12T08:59:35Z,1789203575,002037406,2037.4,36182,46.3
2026-09-12T08:59:45Z,1789203585,002037723,2037.7,36192,46.3
2026-09-12T08:59:55Z,1789203595,002037698,2037.7,36202,45.2
2026-09-12T09:00:05Z,1789203605,002039237,2039.2,36212,46.3
2026-09-12T09:00:15Z,1789203615,002042509,2042.5,36222,46.9
2026-09-12T09:00:25Z,1789203625,002042326,2042.3,36232,46.9
2026-09-12T09:00:35Z,1789203635,002041468,2041.5,36242,48.5
2026-09-12T09:00:45Z,1789203645,002041194,2041.2,36252,46.9
2026-09-12T09:00:55Z,1789203655,002040412,2040.4,36262,47.4
2026-09-12T09:01:05Z,1789203665,002040010,2040.0,36272,48.0
2026-09-12T09:01:15Z,1789203675,002038822,2038.8,36282,46.9
2026-09-12T09:01:25Z,1789203685,002036997,2037.0,36292,48.5
2026-09-12T09:01:35Z,1789203695,002037868,2037.9,36302,48.5
2026-09-12T09:01:45Z,1789203705,002036415,2036.4,36312,48.5
2026-09-12T09:01:55Z,1789203715,002034511,2034.5,36322,47.4
2026-09-12T09:02:05Z,1789203725,002034285,2034.3,36332,46.9
2026-09-12T09:02:15Z,1789203735,002027311,2027.3,36342,46.3
2026-09-12T09:02:25Z,1789203745,002026385,2026.4,36352,47.4
2026-09-12T09:02:35Z,1789203755,002024637,2024.6,36362,47.4
2026-09-12T09:02:45Z,1789203765,002023106,2023.1,36372,47.4
2026-09-12T09:02:55Z,1789203775,002022103,2022.1,36382,47.4
2026-09-12T09:03:05Z,1789203785,002021336,2021.3,36392,46.9
2026-09-12T09:03:15Z,1789203795,002020172,2020.2,36402,47.4
2026-09-12T09:03:25Z,1789203805,002019040,2019.0,36412,46.3
2026-09-12T09:03:35Z,1789203815,002017957,2018.0,36422,47.4
2026-09-12T09:03:45Z,1789203825,002016683,2016.7,36432,46.3
2026-09-12T09:03:55Z,1789203835,002015773,2015.8,36442,46.9
2026-09-12T09:04:05Z,1789203845,002014838,2014.8,36452,46.9
2026-09-12T09:04:15Z,1789203855,002013712,2013.7,36462,46.3
2026-09-12T09:04:25Z,1789203865,002012749,2012.7,36472,45.8
2026-09-12T09:04:35Z,1789203875,002012464,2012.5,36482,45.8
2026-09-12T09:04:45Z,1789203885,002011730,2011.7,36492,46.3
2026-09-12T09:04:55Z,1789203895,002011083,2011.1,36502,46.3
2026-09-12T09:05:05Z,1789203905,002011283,2011.3,36512,45.2
2026-09-12T09:05:15Z,1789203915,002009662,2009.7,36522,48.0
2026-09-12T09:05:25Z,1789203925,002009018,2009.0,36532,45.8
2026-09-12T09:05:35Z,1789203935,002008425,2008.4,36542,45.8
2026-09-12T09:05:45Z,1789203945,002007790,2007.8,36552,47.4
2026-09-12T09:05:55Z,1789203955,002007261,2007.3,36562,46.9
2026-09-12T09:06:05Z,1789203965,002006524,2006.5,36572,45.8
2026-09-12T09:06:15Z,1789203975,002005727,2005.7,36582,46.9
2026-09-12T09:06:25Z,1789203985,002005426,2005.4,36592,45.2
2026-09-12T09:06:35Z,1789203995,002004638,2004.6,36602,46.3
2026-09-12T09:06:45Z,1789204005,002003809,2003.8,36612,45.2
2026-09-12T09:06:55Z,1789204015,002003514,2003.5,36622,46.3
2026-09-12T09:07:05Z,1789204025,002003325,2003.3,36632,45.8
2026-09-12T09:07:15Z,1789204035,002002928,2002.9,36642,45.2
2026-09-12T09:07:25Z,1789204045,002002305,2002.3,36652,46.9
2026-09-12T09:07:35Z,1789204055,002001789,2001.8,36662,45.8
2026-09-12T09:07:45Z,1789204065,002001547,2001.5,36672,46.9
2026-09-12T09:07:55Z,1789204075,002001080,2001.1,36682,44.6
2026-09-12T09:08:05Z,1789204085,002000591,2000.6,36692,46.9
2026-09-12T09:08:15Z,1789204095,002000227,2000.2,36702,46.9
2026-09-12T09:08:25Z,1789204105,001999711,1999.7,36712,46.3
2026-09-12T09:08:35Z,1789204115,001999286,1999.3,36722,46.9
2026-09-12T09:08:45Z,1789204125,001998393,1998.4,36732,45.2
2026-09-12T09:08:55Z,1789204135,001998478,1998.5,36742,46.3
2026-09-12T09:09:05Z,1789204145,001997986,1998.0,36752,46.9
2026-09-12T09:09:15Z,1789204155,001997528,1997.5,36762,45.2
2026-09-12T09:09:25Z,1789204165,001996363,1996.4,36772,46.3
2026-09-12T09:09:35Z,1789204175,001996566,1996.6,36782,46.3
2026-09-12T09:09:45Z,1789204185,001996247,1996.2,36792,46.3
2026-09-12T09:09:55Z,1789204195,001995407,1995.4,36802,46.3
2026-09-12T09:10:05Z,1789204205,001998137,1998.1,36812,46.3
2026-09-12T09:10:15Z,1789204215,002000273,2000.3,36822,46.9
2026-09-12T09:10:25Z,1789204225,001998739,1998.7,36832,45.8
2026-09-12T09:10:35Z,1789204235,001998479,1998.5,36842,45.8
2026-09-12T09:10:45Z,1789204245,001997718,1997.7,36852,47.4
2026-09-12T09:10:55Z,1789204255,001997212,1997.2,36862,47.4
2026-09-12T09:11:05Z,1789204265,001996871,1996.9,36872,47.4
2026-09-12T09:11:15Z,1789204275,001995741,1995.7,36882,47.4
2026-09-12T09:11:25Z,1789204285,001993350,1993.3,36892,46.3
2026-09-12T09:11:35Z,1789204295,001991650,1991.7,36902,48.5
2026-09-12T09:11:45Z,1789204305,001989697,1989.7,36912,46.9
2026-09-12T09:11:55Z,1789204315,001987029,1987.0,36922,46.3
2026-09-12T09:12:05Z,1789204325,001985109,1985.1,36932,47.4
2026-09-12T09:12:15Z,1789204335,001979658,1979.7,36942,47.4
2026-09-12T09:12:25Z,1789204345,001977249,1977.2,36952,46.3
2026-09-12T09:12:35Z,1789204355,001975329,1975.3,36962,46.9
2026-09-12T09:12:45Z,1789204365,001973489,1973.5,36972,46.3
2026-09-12T09:12:55Z,1789204375,001971543,1971.5,36982,47.4
2026-09-12T09:13:05Z,1789204385,001969270,1969.3,36992,48.5
2026-09-12T09:13:15Z,1789204395,001967706,1967.7,37002,46.9
2026-09-12T09:13:25Z,1789204405,001965333,1965.3,37012,46.9
2026-09-12T09:13:35Z,1789204415,001964262,1964.3,37022,47.4
2026-09-12T09:13:45Z,1789204425,001961919,1961.9,37032,46.3
2026-09-12T09:13:55Z,1789204435,001960247,1960.2,37042,46.9
2026-09-12T09:14:05Z,1789204445,001958377,1958.4,37052,48.0
2026-09-12T09:14:15Z,1789204455,001957123,1957.1,37062,46.3
2026-09-12T09:14:25Z,1789204465,001955633,1955.6,37072,47.4
2026-09-12T09:14:35Z,1789204475,001954388,1954.4,37082,46.3
2026-09-12T09:14:45Z,1789204485,001952316,1952.3,37092,46.3
2026-09-12T09:14:55Z,1789204495,001951599,1951.6,37102,46.3
2026-09-12T09:15:05Z,1789204505,001949943,1949.9,37112,46.3
2026-09-12T09:15:15Z,1789204515,001948921,1948.9,37122,46.9
2026-09-12T09:15:25Z,1789204525,001947570,1947.6,37132,46.3
2026-09-12T09:15:35Z,1789204535,001946297,1946.3,37142,45.8
2026-09-12T09:15:45Z,1789204545,001945066,1945.1,37152,46.9
2026-09-12T09:15:55Z,1789204555,001943894,1943.9,37162,46.9
2026-09-12T09:16:05Z,1789204565,001942542,1942.5,37172,46.3
2026-09-12T09:16:16Z,1789204575,001941322,1941.3,37182,45.8
2026-09-12T09:16:26Z,1789204586,001940432,1940.4,37193,46.9
2026-09-12T09:16:36Z,1789204596,001938906,1938.9,37203,47.4
2026-09-12T09:16:46Z,1789204606,001938162,1938.2,37213,46.9
2026-09-12T09:16:56Z,1789204616,001936681,1936.7,37223,46.3
2026-09-12T09:17:06Z,1789204626,001935573,1935.6,37233,46.9
2026-09-12T09:17:16Z,1789204636,001934469,1934.5,37243,45.2
2026-09-12T09:17:26Z,1789204646,001933184,1933.2,37253,46.9
2026-09-12T09:17:36Z,1789204656,001932124,1932.1,37263,46.9
2026-09-12T09:17:46Z,1789204666,001931087,1931.1,37273,46.3
2026-09-12T09:17:56Z,1789204676,001929959,1930.0,37283,46.9
2026-09-12T09:18:06Z,1789204686,001928853,1928.9,37293,46.9
2026-09-12T09:18:16Z,1789204696,001927325,1927.3,37303,46.3
2026-09-12T09:18:26Z,1789204706,001926818,1926.8,37313,45.8
2026-09-12T09:18:36Z,1789204716,001925351,1925.4,37323,46.3
2026-09-12T09:18:46Z,1789204726,001926283,1926.3,37333,45.2
2026-09-12T09:18:56Z,1789204736,001929200,1929.2,37343,45.8
2026-09-12T09:19:06Z,1789204746,001933676,1933.7,37353,46.9
2026-09-12T09:19:16Z,1789204756,001937009,1937.0,37363,47.4
2026-09-12T09:19:26Z,1789204766,001940980,1941.0,37373,45.2
2026-09-12T09:19:36Z,1789204776,001944016,1944.0,37383,46.9
2026-09-12T09:19:46Z,1789204786,001947711,1947.7,37393,47.4
2026-09-12T09:19:56Z,1789204796,001950696,1950.7,37403,45.8
2026-09-12T09:20:06Z,1789204806,001957621,1957.6,37413,46.3
2026-09-12T09:20:16Z,1789204816,001961246,1961.2,37423,46.9
2026-09-12T09:20:26Z,1789204826,001964333,1964.3,37433,48.0
2026-09-12T09:20:36Z,1789204836,001965587,1965.6,37443,47.4
2026-09-12T09:20:46Z,1789204846,001969397,1969.4,37453,48.5
2026-09-12T09:20:56Z,1789204856,001970951,1971.0,37463,48.0
2026-09-12T09:21:06Z,1789204866,001972472,1972.5,37473,49.0
2026-09-12T09:21:16Z,1789204876,001973943,1973.9,37483,46.9
2026-09-12T09:21:26Z,1789204886,001977070,1977.1,37493,48.0
2026-09-12T09:21:36Z,1789204896,001977889,1977.9,37503,48.5
2026-09-12T09:21:46Z,1789204906,001978959,1979.0,37513,48.5
2026-09-12T09:21:56Z,1789204916,001979761,1979.8,37523,46.9
2026-09-12T09:22:06Z,1789204926,001982075,1982.1,37533,46.9
2026-09-12T09:22:16Z,1789204936,001976958,1977.0,37543,48.0
2026-09-12T09:22:26Z,1789204946,001977393,1977.4,37553,48.0
2026-09-12T09:22:36Z,1789204956,001978454,1978.5,37563,48.0
2026-09-12T09:22:46Z,1789204966,001979476,1979.5,37573,48.0
2026-09-12T09:22:56Z,1789204976,001979812,1979.8,37583,48.5
2026-09-12T09:23:06Z,1789204986,001980556,1980.6,37593,48.0
2026-09-12T09:23:16Z,1789204996,001981208,1981.2,37603,47.4
2026-09-12T09:23:26Z,1789205006,001981733,1981.7,37613,47.4
2026-09-12T09:23:36Z,1789205016,001981539,1981.5,37623,47.4
2026-09-12T09:23:46Z,1789205026,001982554,1982.6,37633,46.9
2026-09-12T09:23:56Z,1789205036,001982314,1982.3,37643,47.4
2026-09-12T09:24:06Z,1789205046,001982934,1982.9,37653,49.0
2026-09-12T09:24:16Z,1789205056,001983392,1983.4,37663,46.9
2026-09-12T09:24:26Z,1789205066,001983675,1983.7,37673,47.4
2026-09-12T09:24:36Z,1789205076,001983449,1983.4,37683,46.9
2026-09-12T09:24:46Z,1789205086,001983584,1983.6,37693,48.0
2026-09-12T09:24:56Z,1789205096,001983526,1983.5,37703,48.0
2026-09-12T09:25:06Z,1789205106,001985184,1985.2,37713,48.0
2026-09-12T09:25:16Z,1789205116,001984003,1984.0,37723,48.0
2026-09-12T09:25:26Z,1789205126,001983687,1983.7,37733,48.0
2026-09-12T09:25:36Z,1789205136,001983700,1983.7,37743,46.9
2026-09-12T09:25:46Z,1789205146,001983896,1983.9,37753,48.0
2026-09-12T09:25:56Z,1789205156,001983625,1983.6,37763,48.0
2026-09-12T09:26:06Z,1789205166,001983371,1983.4,37773,48.0
2026-09-12T09:26:16Z,1789205176,001983597,1983.6,37783,47.4
2026-09-12T09:26:26Z,1789205186,001983343,1983.3,37793,48.5
2026-09-12T09:26:36Z,1789205196,001982847,1982.8,37803,46.9
2026-09-12T09:26:46Z,1789205206,001983056,1983.1,37813,48.0
2026-09-12T09:26:56Z,1789205216,001982268,1982.3,37823,48.0
2026-09-12T09:27:06Z,1789205226,001982073,1982.1,37833,48.5
2026-09-12T09:27:16Z,1789205236,001980938,1980.9,37843,48.5
2026-09-12T09:27:26Z,1789205246,001981343,1981.3,37853,46.9
2026-09-12T09:27:36Z,1789205256,001980475,1980.5,37863,48.5
2026-09-12T09:27:46Z,1789205266,001980223,1980.2,37873,48.0
2026-09-12T09:27:56Z,1789205276,001978810,1978.8,37883,47.4
2026-09-12T09:28:06Z,1789205286,001978663,1978.7,37893,48.5
2026-09-12T09:28:16Z,1789205296,001978005,1978.0,37903,48.5
2026-09-12T09:28:26Z,1789205306,001977371,1977.4,37913,46.9
2026-09-12T09:28:36Z,1789205316,001976413,1976.4,37923,46.9
2026-09-12T09:28:46Z,1789205326,001976186,1976.2,37933,46.9
2026-09-12T09:28:56Z,1789205336,001975245,1975.2,37943,46.9
2026-09-12T09:29:06Z,1789205346,001974334,1974.3,37953,47.4
2026-09-12T09:29:16Z,1789205356,001973690,1973.7,37963,49.0
2026-09-12T09:29:26Z,1789205366,001973206,1973.2,37973,48.5
2026-09-12T09:29:36Z,1789205376,001971863,1971.9,37983,47.4
2026-09-12T09:29:46Z,1789205386,001970940,1970.9,37993,48.0
2026-09-12T09:29:56Z,1789205396,001970213,1970.2,38003,46.9
2026-09-12T09:30:06Z,1789205406,001973073,1973.1,38013,49.0
2026-09-12T09:30:16Z,1789205416,001973095,1973.1,38023,48.0
2026-09-12T09:30:26Z,1789205426,001972556,1972.6,38033,48.5
2026-09-12T09:30:36Z,1789205436,001970772,1970.8,38043,49.6
2026-09-12T09:30:46Z,1789205446,001969466,1969.5,38053,49.0
2026-09-12T09:30:56Z,1789205456,001968212,1968.2,38063,49.6
2026-09-12T09:31:06Z,1789205466,001966602,1966.6,38073,49.0
2026-09-12T09:31:16Z,1789205476,001963805,1963.8,38083,48.5
2026-09-12T09:31:26Z,1789205486,001963598,1963.6,38093,48.0
2026-09-12T09:31:36Z,1789205496,001960334,1960.3,38103,48.0
2026-09-12T09:31:46Z,1789205506,001958753,1958.8,38113,46.9
2026-09-12T09:31:56Z,1789205516,001957505,1957.5,38123,48.0
2026-09-12T09:32:06Z,1789205526,001955181,1955.2,38133,46.9
2026-09-12T09:32:16Z,1789205536,001948136,1948.1,38143,47.4
2026-09-12T09:32:26Z,1789205546,001947183,1947.2,38153,46.9
2026-09-12T09:32:36Z,1789205556,001946044,1946.0,38163,45.8
2026-09-12T09:32:46Z,1789205566,001944926,1944.9,38173,46.9
2026-09-12T09:32:56Z,1789205576,001944030,1944.0,38183,47.4
2026-09-12T09:33:06Z,1789205586,001943247,1943.2,38193,45.2
2026-09-12T09:33:16Z,1789205596,001942374,1942.4,38203,46.3
2026-09-12T09:33:27Z,1789205607,001943010,1943.0,38214,46.9
2026-09-12T09:33:37Z,1789205617,001940510,1940.5,38224,45.8
2026-09-12T09:33:47Z,1789205627,001939603,1939.6,38234,47.4
2026-09-12T09:33:57Z,1789205637,001938072,1938.1,38244,46.9
2026-09-12T09:34:07Z,1789205647,001937248,1937.2,38254,46.3
2026-09-12T09:34:17Z,1789205657,001936722,1936.7,38264,47.4
2026-09-12T09:34:27Z,1789205667,001935628,1935.6,38274,47.4
2026-09-12T09:34:37Z,1789205677,001934537,1934.5,38284,45.8
2026-09-12T09:34:47Z,1789205687,001933525,1933.5,38294,48.0
2026-09-12T09:34:57Z,1789205697,001932442,1932.4,38304,45.8
2026-09-12T09:35:07Z,1789205707,001931311,1931.3,38314,47.4
2026-09-12T09:35:17Z,1789205717,001929758,1929.8,38324,46.9
2026-09-12T09:35:27Z,1789205727,001929044,1929.0,38334,46.9
2026-09-12T09:35:37Z,1789205737,001927799,1927.8,38344,47.4
2026-09-12T09:35:47Z,1789205747,001926560,1926.6,38354,46.3
2026-09-12T09:35:57Z,1789205757,001925234,1925.2,38364,47.4
2026-09-12T09:36:07Z,1789205767,001924100,1924.1,38374,46.9
2026-09-12T09:36:17Z,1789205777,001922862,1922.9,38384,48.5
2026-09-12T09:36:27Z,1789205787,001921224,1921.2,38394,47.4
2026-09-12T09:36:37Z,1789205797,001919278,1919.3,38404,48.0
2026-09-12T09:36:47Z,1789205807,001918468,1918.5,38414,49.6
2026-09-12T09:36:57Z,1789205817,001917038,1917.0,38424,46.9
2026-09-12T09:37:07Z,1789205827,001915318,1915.3,38434,46.9
2026-09-12T09:37:17Z,1789205837,001913883,1913.9,38444,48.0
2026-09-12T09:37:27Z,1789205847,001912551,1912.6,38454,46.9
2026-09-12T09:37:37Z,1789205857,001911263,1911.3,38464,46.9
2026-09-12T09:37:47Z,1789205867,001909299,1909.3,38474,48.0
2026-09-12T09:37:57Z,1789205877,001908214,1908.2,38484,47.4
2026-09-12T09:38:07Z,1789205887,001906731,1906.7,38494,46.3
2026-09-12T09:38:17Z,1789205897,001904775,1904.8,38504,47.4
2026-09-12T09:38:27Z,1789205907,001903589,1903.6,38514,46.3
2026-09-12T09:38:37Z,1789205917,001901893,1901.9,38524,46.9
2026-09-12T09:38:47Z,1789205927,001900336,1900.3,38534,48.0
2026-09-12T09:38:57Z,1789205937,001898623,1898.6,38544,48.0
2026-09-12T09:39:07Z,1789205947,001897086,1897.1,38554,46.3
2026-09-12T09:39:17Z,1789205957,001895375,1895.4,38564,48.0
2026-09-12T09:39:27Z,1789205967,001893675,1893.7,38574,47.4
2026-09-12T09:39:37Z,1789205977,001891650,1891.7,38584,48.0
2026-09-12T09:39:47Z,1789205987,001890304,1890.3,38594,48.0
2026-09-12T09:39:57Z,1789205997,001888561,1888.6,38604,48.0
2026-09-12T09:40:07Z,1789206007,001895810,1895.8,38614,49.0
2026-09-12T09:40:17Z,1789206017,001889775,1889.8,38624,46.3
2026-09-12T09:40:27Z,1789206027,001887380,1887.4,38634,48.0
2026-09-12T09:40:37Z,1789206037,001886237,1886.2,38644,46.9
2026-09-12T09:40:47Z,1789206047,001883884,1883.9,38654,48.0
2026-09-12T09:40:57Z,1789206057,001880783,1880.8,38664,48.5
2026-09-12T09:41:07Z,1789206067,001880083,1880.1,38674,48.5
2026-09-12T09:41:17Z,1789206077,001877340,1877.3,38684,48.0
2026-09-12T09:41:27Z,1789206087,001875219,1875.2,38694,47.4
2026-09-12T09:41:37Z,1789206097,001872704,1872.7,38704,46.9
2026-09-12T09:41:47Z,1789206107,001870052,1870.1,38714,48.5
2026-09-12T09:41:57Z,1789206117,001866747,1866.7,38724,48.5
2026-09-12T09:42:07Z,1789206127,001864713,1864.7,38734,48.0
2026-09-12T09:42:17Z,1789206137,001858025,1858.0,38744,49.0
2026-09-12T09:42:27Z,1789206147,001855332,1855.3,38754,48.0
2026-09-12T09:42:37Z,1789206157,001852929,1852.9,38764,48.5
2026-09-12T09:42:47Z,1789206167,001850039,1850.0,38774,48.5
2026-09-12T09:42:57Z,1789206177,001847644,1847.6,38784,49.0
2026-09-12T09:43:07Z,1789206187,001845596,1845.6,38794,46.9
2026-09-12T09:43:17Z,1789206197,001842560,1842.6,38804,48.5
2026-09-12T09:43:27Z,1789206207,001840409,1840.4,38814,48.0
2026-09-12T09:43:37Z,1789206217,001838290,1838.3,38824,48.0
2026-09-12T09:43:47Z,1789206227,001835461,1835.5,38834,47.4
2026-09-12T09:43:57Z,1789206237,001833333,1833.3,38844,49.0
2026-09-12T09:44:07Z,1789206247,001830977,1831.0,38854,48.0
2026-09-12T09:44:17Z,1789206257,001828376,1828.4,38864,48.5
2026-09-12T09:44:27Z,1789206267,001825844,1825.8,38874,48.5
2026-09-12T09:44:37Z,1789206277,001822715,1822.7,38884,47.4
2026-09-12T09:44:47Z,1789206287,001820953,1821.0,38894,49.0
2026-09-12T09:44:57Z,1789206297,001817945,1817.9,38904,48.0
2026-09-12T09:45:07Z,1789206307,001815543,1815.5,38914,46.9
2026-09-12T09:45:17Z,1789206317,001812935,1812.9,38924,48.5
2026-09-12T09:45:27Z,1789206327,001811008,1811.0,38934,48.5
2026-09-12T09:45:37Z,1789206337,001808132,1808.1,38944,48.0
2026-09-12T09:45:47Z,1789206347,001806123,1806.1,38954,46.9
2026-09-12T09:45:57Z,1789206357,001803443,1803.4,38964,46.9
2026-09-12T09:46:07Z,1789206367,001801019,1801.0,38974,48.0
2026-09-12T09:46:17Z,1789206377,001798128,1798.1,38984,48.0
2026-09-12T09:46:27Z,1789206387,001796084,1796.1,38994,46.9
2026-09-12T09:46:37Z,1789206397,001793354,1793.4,39004,46.9
2026-09-12T09:46:47Z,1789206407,001791304,1791.3,39014,48.0
2026-09-12T09:46:57Z,1789206417,001788881,1788.9,39024,48.0
2026-09-12T09:47:07Z,1789206427,001786455,1786.5,39034,48.0
2026-09-12T09:47:17Z,1789206437,001783488,1783.5,39044,48.0
2026-09-12T09:47:27Z,1789206447,001781555,1781.6,39054,48.0
2026-09-12T09:47:37Z,1789206457,001778897,1778.9,39064,46.9
2026-09-12T09:47:47Z,1789206467,001776513,1776.5,39074,47.4
2026-09-12T09:47:57Z,1789206477,001774515,1774.5,39084,47.4
2026-09-12T09:48:07Z,1789206487,001771810,1771.8,39094,48.5
2026-09-12T09:48:17Z,1789206497,001769455,1769.5,39104,48.5
2026-09-12T09:48:27Z,1789206507,001767449,1767.4,39114,47.4
2026-09-12T09:48:37Z,1789206517,001765051,1765.1,39124,48.0
2026-09-12T09:48:47Z,1789206527,001762595,1762.6,39134,48.0
2026-09-12T09:48:57Z,1789206537,001759821,1759.8,39144,47.4
2026-09-12T09:49:07Z,1789206547,001757470,1757.5,39154,46.9
2026-09-12T09:49:17Z,1789206557,001754988,1755.0,39164,48.0
2026-09-12T09:49:27Z,1789206567,001752633,1752.6,39174,48.5
2026-09-12T09:49:37Z,1789206577,001750256,1750.3,39184,48.5
2026-09-12T09:49:47Z,1789206587,001748248,1748.2,39194,48.5
2026-09-12T09:49:57Z,1789206597,001745848,1745.8,39204,48.0
2026-09-12T09:50:07Z,1789206607,001751871,1751.9,39214,47.4
2026-09-12T09:50:17Z,1789206617,001746411,1746.4,39224,46.9
2026-09-12T09:50:27Z,1789206627,001742264,1742.3,39234,48.0
2026-09-12T09:50:38Z,1789206637,001741540,1741.5,39244,48.5
2026-09-12T09:50:48Z,1789206648,001738140,1738.1,39255,48.0
2026-09-12T09:50:58Z,1789206658,001735856,1735.9,39265,47.4
2026-09-12T09:51:08Z,1789206668,001734385,1734.4,39275,49.6
2026-09-12T09:51:18Z,1789206678,001731394,1731.4,39285,47.4
2026-09-12T09:51:28Z,1789206688,001727437,1727.4,39295,48.5
2026-09-12T09:51:38Z,1789206698,001724386,1724.4,39305,49.0
2026-09-12T09:51:48Z,1789206708,001722870,1722.9,39315,50.1
2026-09-12T09:51:58Z,1789206718,001719501,1719.5,39325,49.0
2026-09-12T09:52:08Z,1789206728,001715111,1715.1,39335,49.6
2026-09-12T09:52:18Z,1789206738,001710497,1710.5,39345,46.9
2026-09-12T09:52:28Z,1789206748,001705418,1705.4,39355,48.5
2026-09-12T09:52:38Z,1789206758,001702986,1703.0,39365,48.5
2026-09-12T09:52:48Z,1789206768,001699886,1699.9,39375,49.0
2026-09-12T09:52:58Z,1789206778,001698166,1698.2,39385,48.5
2026-09-12T09:53:08Z,1789206788,001695926,1695.9,39395,48.5
2026-09-12T09:53:18Z,1789206798,001693541,1693.5,39405,46.9
2026-09-12T09:53:28Z,1789206808,001691790,1691.8,39415,48.0
2026-09-12T09:53:38Z,1789206818,001689952,1690.0,39425,48.0
2026-09-12T09:53:48Z,1789206828,001687432,1687.4,39435,48.5
2026-09-12T09:53:58Z,1789206838,001685474,1685.5,39445,49.0
2026-09-12T09:54:08Z,1789206848,001683336,1683.3,39455,48.0
2026-09-12T09:54:18Z,1789206858,001681313,1681.3,39465,48.5
2026-09-12T09:54:28Z,1789206868,001678686,1678.7,39475,48.5
2026-09-12T09:54:38Z,1789206878,001677101,1677.1,39485,48.5
2026-09-12T09:54:48Z,1789206888,001674949,1674.9,39495,48.0
2026-09-12T09:54:58Z,1789206898,001672582,1672.6,39505,46.9
2026-09-12T09:55:08Z,1789206908,001670497,1670.5,39515,48.0
2026-09-12T09:55:18Z,1789206918,001668754,1668.8,39525,48.0
2026-09-12T09:55:28Z,1789206928,001666740,1666.7,39535,48.5
2026-09-12T09:55:38Z,1789206938,001664697,1664.7,39545,48.5
2026-09-12T09:55:48Z,1789206948,001662068,1662.1,39555,48.5
2026-09-12T09:55:58Z,1789206958,001660522,1660.5,39565,47.4
2026-09-12T09:56:08Z,1789206968,001657593,1657.6,39575,48.0
2026-09-12T09:56:18Z,1789206978,001655989,1656.0,39585,48.5
2026-09-12T09:56:28Z,1789206988,001653485,1653.5,39595,47.4
2026-09-12T09:56:38Z,1789206998,001654231,1654.2,39605,46.9
2026-09-12T09:56:48Z,1789207008,001649282,1649.3,39615,48.0
2026-09-12T09:56:58Z,1789207018,001647212,1647.2,39625,48.0
2026-09-12T09:57:08Z,1789207028,001644910,1644.9,39635,46.9
2026-09-12T09:57:18Z,1789207038,001643341,1643.3,39645,48.0
2026-09-12T09:57:28Z,1789207048,001640928,1640.9,39655,49.0
2026-09-12T09:57:38Z,1789207058,001638915,1638.9,39665,48.0
2026-09-12T09:57:48Z,1789207068,001636596,1636.6,39675,48.5
2026-09-12T09:57:58Z,1789207078,001634751,1634.8,39685,48.5
2026-09-12T09:58:08Z,1789207088,001631768,1631.8,39695,48.0
2026-09-12T09:58:18Z,1789207098,001629720,1629.7,39705,48.5
2026-09-12T09:58:28Z,1789207108,001627387,1627.4,39715,48.0
2026-09-12T09:58:38Z,1789207118,001625546,1625.5,39725,47.4
2026-09-12T09:58:48Z,1789207128,001623050,1623.0,39735,47.4
2026-09-12T09:58:58Z,1789207138,001621657,1621.7,39745,48.0
2026-09-12T09:59:08Z,1789207148,001618959,1619.0,39755,47.4
2026-09-12T09:59:18Z,1789207158,001616997,1617.0,39765,47.4
2026-09-12T09:59:28Z,1789207168,001614804,1614.8,39775,48.0
2026-09-12T09:59:38Z,1789207178,001612382,1612.4,39785,47.4
2026-09-12T09:59:48Z,1789207188,001609991,1610.0,39795,47.4
2026-09-12T09:59:58Z,1789207198,001607981,1608.0,39805,48.5
2026-09-12T10:00:08Z,1789207208,001608595,1608.6,39815,48.0
2026-09-12T10:00:18Z,1789207218,001609109,1609.1,39825,49.6
2026-09-12T10:00:28Z,1789207228,001606080,1606.1,39835,47.4
2026-09-12T10:00:38Z,1789207238,001605231,1605.2,39845,48.5
2026-09-12T10:00:48Z,1789207248,001602486,1602.5,39855,49.6
2026-09-12T10:00:58Z,1789207258,001599717,1599.7,39865,49.0
2026-09-12T10:01:08Z,1789207268,001598071,1598.1,39875,49.0
2026-09-12T10:01:18Z,1789207278,001594179,1594.2,39885,49.0
2026-09-12T10:01:28Z,1789207288,001592189,1592.2,39895,49.0
2026-09-12T10:01:38Z,1789207298,001588971,1589.0,39905,48.0
2026-09-12T10:01:48Z,1789207308,001586359,1586.4,39915,48.0
2026-09-12T10:01:58Z,1789207318,001585297,1585.3,39925,47.4
2026-09-12T10:02:08Z,1789207328,001579693,1579.7,39935,48.5
2026-09-12T10:02:18Z,1789207338,001575306,1575.3,39945,48.0
2026-09-12T10:02:28Z,1789207348,001572691,1572.7,39955,48.0
2026-09-12T10:02:38Z,1789207358,001570684,1570.7,39965,45.8
2026-09-12T10:02:48Z,1789207368,001568578,1568.6,39975,46.3
2026-09-12T10:02:58Z,1789207378,001567319,1567.3,39985,46.9
2026-09-12T10:03:08Z,1789207388,001565853,1565.9,39995,47.4
2026-09-12T10:03:18Z,1789207398,001566233,1566.2,40005,46.3
2026-09-12T10:03:28Z,1789207408,001562721,1562.7,40015,46.3
2026-09-12T10:03:38Z,1789207418,001561389,1561.4,40025,46.3
2026-09-12T10:03:48Z,1789207428,001559330,1559.3,40035,46.9
2026-09-12T10:03:58Z,1789207438,001558175,1558.2,40045,47.4
2026-09-12T10:04:08Z,1789207448,001556090,1556.1,40055,46.9
2026-09-12T10:04:18Z,1789207458,001554834,1554.8,40065,47.4
2026-09-12T10:04:28Z,1789207468,001552333,1552.3,40075,47.4
2026-09-12T10:04:38Z,1789207478,001551681,1551.7,40085,46.3
2026-09-12T10:04:48Z,1789207488,001549469,1549.5,40095,46.3
2026-09-12T10:04:58Z,1789207498,001547920,1547.9,40105,46.3
2026-09-12T10:05:08Z,1789207508,001545830,1545.8,40115,45.8
2026-09-12T10:05:18Z,1789207518,001544495,1544.5,40125,46.9
2026-09-12T10:05:28Z,1789207528,001542028,1542.0,40135,48.0
2026-09-12T10:05:38Z,1789207538,001541076,1541.1,40145,47.4
2026-09-12T10:05:48Z,1789207548,001538491,1538.5,40155,47.4
2026-09-12T10:05:58Z,1789207558,001537514,1537.5,40165,48.0
2026-09-12T10:06:08Z,1789207568,001534847,1534.8,40175,47.4
2026-09-12T10:06:18Z,1789207578,001533364,1533.4,40185,48.0
2026-09-12T10:06:28Z,1789207588,001531470,1531.5,40195,48.0
2026-09-12T10:06:38Z,1789207598,001532850,1532.8,40205,46.9
2026-09-12T10:06:48Z,1789207608,001527653,1527.7,40215,48.0
2026-09-12T10:06:58Z,1789207618,001525638,1525.6,40225,46.3
2026-09-12T10:07:08Z,1789207628,001523806,1523.8,40235,47.4
2026-09-12T10:07:18Z,1789207638,001522323,1522.3,40245,46.9
2026-09-12T10:07:29Z,1789207648,001519521,1519.5,40255,46.9
2026-09-12T10:07:39Z,1789207659,001517371,1517.4,40266,46.3
2026-09-12T10:07:49Z,1789207669,001515583,1515.6,40276,47.4
2026-09-12T10:07:59Z,1789207679,001513774,1513.8,40286,48.0
2026-09-12T10:08:09Z,1789207689,001511611,1511.6,40296,46.9
2026-09-12T10:08:19Z,1789207699,001509685,1509.7,40306,48.0
2026-09-12T10:08:29Z,1789207709,001507499,1507.5,40316,46.3
2026-09-12T10:08:39Z,1789207719,001505550,1505.5,40326,48.5
2026-09-12T10:08:49Z,1789207729,001503543,1503.5,40336,48.0
2026-09-12T10:08:59Z,1789207739,001501571,1501.6,40346,48.0
2026-09-12T10:09:09Z,1789207749,001499375,1499.4,40356,48.5
2026-09-12T10:09:19Z,1789207759,001497250,1497.2,40366,46.9
2026-09-12T10:09:29Z,1789207769,001494919,1494.9,40376,48.0
2026-09-12T10:09:39Z,1789207779,001493272,1493.3,40386,48.0
2026-09-12T10:09:49Z,1789207789,001491215,1491.2,40396,48.0
2026-09-12T10:09:59Z,1789207799,001489100,1489.1,40406,48.0
2026-09-12T10:10:09Z,1789207809,001490298,1490.3,40416,47.4
2026-09-12T10:10:19Z,1789207819,001490606,1490.6,40426,48.5
2026-09-12T10:10:29Z,1789207829,001487578,1487.6,40436,46.9
2026-09-12T10:10:39Z,1789207839,001484529,1484.5,40446,48.5
2026-09-12T10:10:49Z,1789207849,001482572,1482.6,40456,48.0
2026-09-12T10:10:59Z,1789207859,001481316,1481.3,40466,49.6
2026-09-12T10:11:09Z,1789207869,001477465,1477.5,40476,49.6
2026-09-12T10:11:19Z,1789207879,001476095,1476.1,40486,49.6
2026-09-12T10:11:29Z,1789207889,001473500,1473.5,40496,48.5
2026-09-12T10:11:39Z,1789207899,001470145,1470.1,40506,48.5
2026-09-12T10:11:49Z,1789207909,001466769,1466.8,40516,49.0
2026-09-12T10:11:59Z,1789207919,001465633,1465.6,40526,48.5
2026-09-12T10:12:09Z,1789207929,001460402,1460.4,40536,48.0
2026-09-12T10:12:19Z,1789207939,001454818,1454.8,40546,48.0
2026-09-12T10:12:29Z,1789207949,001451806,1451.8,40556,48.0
2026-09-12T10:12:39Z,1789207959,001452441,1452.4,40566,49.0
2026-09-12T10:12:49Z,1789207969,001446852,1446.9,40576,48.0
2026-09-12T10:12:59Z,1789207979,001444188,1444.2,40586,48.5
2026-09-12T10:13:09Z,1789207989,001441004,1441.0,40596,48.0
2026-09-12T10:13:19Z,1789207999,001439058,1439.1,40606,48.0
2026-09-12T10:13:29Z,1789208009,001436390,1436.4,40616,49.0
2026-09-12T10:13:39Z,1789208019,001433887,1433.9,40626,47.4
2026-09-12T10:13:49Z,1789208029,001430846,1430.8,40636,48.5
2026-09-12T10:13:59Z,1789208039,001428284,1428.3,40646,46.3
2026-09-12T10:14:09Z,1789208049,001425647,1425.6,40656,48.0
2026-09-12T10:14:19Z,1789208059,001423287,1423.3,40666,48.5
2026-09-12T10:14:29Z,1789208069,001420185,1420.2,40676,48.0
2026-09-12T10:14:39Z,1789208079,001418008,1418.0,40686,46.9
2026-09-12T10:14:49Z,1789208089,001415700,1415.7,40696,46.3
2026-09-12T10:14:59Z,1789208099,001413205,1413.2,40706,47.4
2026-09-12T10:15:09Z,1789208109,001411117,1411.1,40716,47.4
2026-09-12T10:15:19Z,1789208119,001409046,1409.0,40726,46.9
2026-09-12T10:15:29Z,1789208129,001407382,1407.4,40736,46.3
2026-09-12T10:15:39Z,1789208139,001405365,1405.4,40746,46.3
2026-09-12T10:15:49Z,1789208149,001404030,1404.0,40756,45.2
2026-09-12T10:15:59Z,1789208159,001403196,1403.2,40766,45.2
2026-09-12T10:16:09Z,1789208169,001402584,1402.6,40776,46.3
2026-09-12T10:16:19Z,1789208179,001401377,1401.4,40786,46.3
2026-09-12T10:16:29Z,1789208189,001401039,1401.0,40796,46.3
2026-09-12T10:16:39Z,1789208199,001400460,1400.5,40806,46.9
2026-09-12T10:16:49Z,1789208209,001399566,1399.6,40816,45.2
2026-09-12T10:16:59Z,1789208219,001398744,1398.7,40826,46.3
2026-09-12T10:17:09Z,1789208229,001397422,1397.4,40836,45.8
2026-09-12T10:17:19Z,1789208239,001396932,1396.9,40846,46.3
2026-09-12T10:17:29Z,1789208249,001395830,1395.8,40856,46.9
2026-09-12T10:17:39Z,1789208259,001395283,1395.3,40866,47.4
2026-09-12T10:17:49Z,1789208269,001393846,1393.8,40876,47.4
2026-09-12T10:17:59Z,1789208279,001392797,1392.8,40886,46.9
2026-09-12T10:18:09Z,1789208289,001391729,1391.7,40896,46.9
2026-09-12T10:18:19Z,1789208299,001390975,1391.0,40906,45.8
2026-09-12T10:18:29Z,1789208309,001389886,1389.9,40916,46.3
2026-09-12T10:18:39Z,1789208319,001388445,1388.4,40926,47.4
2026-09-12T10:18:49Z,1789208329,001387559,1387.6,40936,47.4
2026-09-12T10:18:59Z,1789208339,001385636,1385.6,40946,47.4
2026-09-12T10:19:09Z,1789208349,001384785,1384.8,40956,46.9
2026-09-12T10:19:19Z,1789208359,001383119,1383.1,40966,47.4
2026-09-12T10:19:29Z,1789208369,001382101,1382.1,40976,45.8
2026-09-12T10:19:39Z,1789208379,001380730,1380.7,40986,46.3
2026-09-12T10:19:49Z,1789208389,001378951,1379.0,40996,47.4
2026-09-12T10:19:59Z,1789208399,001377634,1377.6,41006,47.4
2026-09-12T10:20:09Z,1789208409,001376835,1376.8,41016,48.0
2026-09-12T10:20:19Z,1789208419,001379388,1379.4,41026,46.3
2026-09-12T10:20:29Z,1789208429,001377643,1377.6,41036,48.0
2026-09-12T10:20:39Z,1789208439,001375694,1375.7,41046,48.5
2026-09-12T10:20:49Z,1789208449,001373763,1373.8,41056,48.5
2026-09-12T10:20:59Z,1789208459,001372536,1372.5,41066,48.0
2026-09-12T10:21:09Z,1789208469,001369326,1369.3,41076,48.0
2026-09-12T10:21:19Z,1789208479,001367875,1367.9,41086,47.4
2026-09-12T10:21:29Z,1789208489,001366386,1366.4,41096,48.5
2026-09-12T10:21:39Z,1789208499,001362545,1362.5,41106,49.0
2026-09-12T10:21:49Z,1789208509,001362111,1362.1,41116,48.5
2026-09-12T10:21:59Z,1789208519,001359528,1359.5,41126,47.4
2026-09-12T10:22:09Z,1789208529,001355575,1355.6,41136,48.5
2026-09-12T10:22:19Z,1789208539,001348621,1348.6,41146,48.5
2026-09-12T10:22:29Z,1789208549,001345981,1346.0,41156,48.5
2026-09-12T10:22:39Z,1789208559,001348433,1348.4,41166,48.5
2026-09-12T10:22:49Z,1789208569,001341756,1341.8,41176,48.5
2026-09-12T10:22:59Z,1789208579,001338763,1338.8,41186,48.5
2026-09-12T10:23:09Z,1789208589,001336862,1336.9,41196,48.5
2026-09-12T10:23:19Z,1789208599,001334572,1334.6,41206,48.5
2026-09-12T10:23:29Z,1789208609,001331855,1331.9,41216,48.0
2026-09-12T10:23:39Z,1789208619,001329693,1329.7,41226,49.0
2026-09-12T10:23:49Z,1789208629,001326661,1326.7,41236,48.5
2026-09-12T10:23:59Z,1789208639,001325072,1325.1,41246,48.5
2026-09-12T10:24:09Z,1789208649,001322503,1322.5,41256,48.0
2026-09-12T10:24:19Z,1789208659,001320099,1320.1,41266,46.9
2026-09-12T10:24:29Z,1789208669,001317547,1317.5,41276,48.5
2026-09-12T10:24:39Z,1789208679,001315198,1315.2,41286,47.4
2026-09-12T10:24:50Z,1789208690,001315119,1315.1,41297,49.6
2026-09-12T10:25:00Z,1789208700,001310010,1310.0,41307,46.9
2026-09-12T10:25:10Z,1789208710,001308216,1308.2,41317,49.6
2026-09-12T10:25:20Z,1789208720,001305180,1305.2,41327,48.0
2026-09-12T10:25:30Z,1789208730,001303367,1303.4,41337,46.9
2026-09-12T10:25:40Z,1789208740,001300015,1300.0,41347,48.0
2026-09-12T10:25:50Z,1789208750,001298831,1298.8,41357,49.0
2026-09-12T10:26:00Z,1789208760,001295553,1295.6,41367,46.9
2026-09-12T10:26:10Z,1789208770,001293220,1293.2,41377,48.5
2026-09-12T10:26:20Z,1789208780,001290386,1290.4,41387,48.5
2026-09-12T10:26:30Z,1789208790,001288700,1288.7,41397,47.4
2026-09-12T10:26:40Z,1789208800,001287607,1287.6,41407,48.5
2026-09-12T10:26:50Z,1789208810,001284012,1284.0,41417,47.4
2026-09-12T10:27:00Z,1789208820,001282634,1282.6,41427,47.4
2026-09-12T10:27:10Z,1789208830,001291858,1291.9,41437,47.4
2026-09-12T10:27:20Z,1789208840,001301129,1301.1,41447,46.9
2026-09-12T10:27:30Z,1789208850,001310818,1310.8,41457,48.0
2026-09-12T10:27:40Z,1789208860,001320617,1320.6,41467,47.4
2026-09-12T10:27:50Z,1789208870,001329770,1329.8,41477,48.5
2026-09-12T10:28:00Z,1789208880,001338446,1338.4,41487,48.0
2026-09-12T10:28:10Z,1789208890,001347559,1347.6,41497,48.5
2026-09-12T10:28:20Z,1789208900,001355944,1355.9,41507,48.5
2026-09-12T10:28:30Z,1789208910,001364291,1364.3,41517,48.0
2026-09-12T10:28:40Z,1789208920,001373659,1373.7,41527,48.0
2026-09-12T10:28:50Z,1789208930,001380698,1380.7,41537,48.5
2026-09-12T10:29:00Z,1789208940,001388729,1388.7,41547,47.4
2026-09-12T10:29:10Z,1789208950,001397735,1397.7,41557,48.5
2026-09-12T10:29:20Z,1789208960,001404072,1404.1,41567,48.5
2026-09-12T10:29:30Z,1789208970,001412169,1412.2,41577,48.0
2026-09-12T10:29:40Z,1789208980,001418844,1418.8,41587,46.3
2026-09-12T10:29:50Z,1789208990,001426248,1426.2,41597,48.0
2026-09-12T10:30:00Z,1789209000,001432922,1432.9,41607,49.6
2026-09-12T10:30:10Z,1789209010,001444961,1445.0,41617,46.9
2026-09-12T10:30:20Z,1789209020,001450979,1451.0,41627,49.0
2026-09-12T10:30:30Z,1789209030,001458312,1458.3,41637,48.5
2026-09-12T10:30:40Z,1789209040,001465223,1465.2,41647,48.0
2026-09-12T10:30:50Z,1789209050,001469881,1469.9,41657,49.0
2026-09-12T10:31:00Z,1789209060,001475696,1475.7,41667,47.4
2026-09-12T10:31:10Z,1789209070,001482560,1482.6,41677,48.5
2026-09-12T10:31:20Z,1789209080,001487457,1487.5,41687,49.6
2026-09-12T10:31:30Z,1789209090,001493759,1493.8,41697,49.6
2026-09-12T10:31:40Z,1789209100,001498618,1498.6,41707,48.0
2026-09-12T10:31:50Z,1789209110,001503629,1503.6,41717,46.9
2026-09-12T10:32:00Z,1789209120,001509368,1509.4,41727,46.3
2026-09-12T10:32:10Z,1789209130,001513485,1513.5,41737,46.9
2026-09-12T10:32:20Z,1789209140,001516206,1516.2,41747,48.5
2026-09-12T10:32:30Z,1789209150,001522124,1522.1,41757,46.3
2026-09-12T10:32:40Z,1789209160,001528669,1528.7,41767,45.2
2026-09-12T10:32:50Z,1789209170,001534175,1534.2,41777,46.3
2026-09-12T10:33:00Z,1789209180,001539850,1539.8,41787,45.2
2026-09-12T10:33:10Z,1789209190,001545787,1545.8,41797,45.2
2026-09-12T10:33:20Z,1789209200,001552099,1552.1,41807,46.3
2026-09-12T10:33:30Z,1789209210,001557753,1557.8,41817,45.2
2026-09-12T10:33:40Z,1789209220,001566119,1566.1,41827,46.9
2026-09-12T10:33:50Z,1789209230,001568403,1568.4,41837,45.8
2026-09-12T10:34:00Z,1789209240,001573257,1573.3,41847,48.0
2026-09-12T10:34:10Z,1789209250,001579849,1579.8,41857,47.4
2026-09-12T10:34:20Z,1789209260,001583586,1583.6,41867,47.4
2026-09-12T10:34:30Z,1789209270,001589509,1589.5,41877,46.9
2026-09-12T10:34:40Z,1789209280,001593675,1593.7,41887,47.4
2026-09-12T10:34:50Z,1789209290,001598641,1598.6,41897,45.8
2026-09-12T10:35:00Z,1789209300,001602780,1602.8,41907,46.9
2026-09-12T10:35:10Z,1789209310,001607703,1607.7,41917,46.3
2026-09-12T10:35:20Z,1789209320,001611487,1611.5,41927,46.3
2026-09-12T10:35:30Z,1789209330,001615874,1615.9,41937,48.0
2026-09-12T10:35:40Z,1789209340,001619292,1619.3,41947,45.8
2026-09-12T10:35:50Z,1789209350,001624224,1624.2,41957,47.4
2026-09-12T10:36:00Z,1789209360,001627540,1627.5,41967,46.3
2026-09-12T10:36:10Z,1789209370,001631485,1631.5,41977,46.9
2026-09-12T10:36:20Z,1789209380,001634837,1634.8,41987,47.4
2026-09-12T10:36:30Z,1789209390,001638598,1638.6,41997,48.0
2026-09-12T10:36:40Z,1789209400,001644175,1644.2,42007,46.9
2026-09-12T10:36:50Z,1789209410,001645739,1645.7,42017,47.4
2026-09-12T10:37:00Z,1789209420,001648714,1648.7,42027,48.0
2026-09-12T10:37:10Z,1789209430,001652511,1652.5,42037,47.4
2026-09-12T10:37:20Z,1789209440,001655001,1655.0,42047,48.0
2026-09-12T10:37:30Z,1789209450,001657926,1657.9,42057,48.0
2026-09-12T10:37:40Z,1789209460,001661306,1661.3,42067,48.5
2026-09-12T10:37:50Z,1789209470,001663828,1663.8,42077,47.4
2026-09-12T10:38:00Z,1789209480,001666436,1666.4,42087,46.3
2026-09-12T10:38:10Z,1789209490,001669354,1669.4,42097,48.0
2026-09-12T10:38:20Z,1789209500,001671640,1671.6,42107,46.9
2026-09-12T10:38:30Z,1789209510,001674331,1674.3,42117,47.4
2026-09-12T10:38:40Z,1789209520,001677520,1677.5,42127,48.0
2026-09-12T10:38:50Z,1789209530,001678637,1678.6,42137,46.9
2026-09-12T10:39:00Z,1789209540,001681124,1681.1,42147,47.4
2026-09-12T10:39:10Z,1789209550,001683909,1683.9,42157,48.5
2026-09-12T10:39:20Z,1789209560,001685439,1685.4,42167,46.9
2026-09-12T10:39:30Z,1789209570,001688249,1688.2,42177,48.0
2026-09-12T10:39:40Z,1789209580,001689678,1689.7,42187,48.0
2026-09-12T10:39:50Z,1789209590,001691909,1691.9,42197,48.0
2026-09-12T10:40:00Z,1789209600,001693220,1693.2,42207,48.0
2026-09-12T10:40:10Z,1789209610,001700225,1700.2,42217,48.5
2026-09-12T10:40:20Z,1789209620,001701628,1701.6,42227,48.5
2026-09-12T10:40:30Z,1789209630,001703485,1703.5,42237,48.0
2026-09-12T10:40:40Z,1789209640,001705131,1705.1,42247,47.4
2026-09-12T10:40:50Z,1789209650,001706547,1706.5,42257,48.5
2026-09-12T10:41:00Z,1789209660,001708013,1708.0,42267,48.0
2026-09-12T10:41:10Z,1789209670,001707622,1707.6,42277,48.5
2026-09-12T10:41:20Z,1789209680,001709097,1709.1,42287,48.5
2026-09-12T10:41:30Z,1789209690,001709958,1710.0,42297,47.4
2026-09-12T10:41:40Z,1789209700,001710686,1710.7,42307,48.0
2026-09-12T10:41:50Z,1789209710,001711708,1711.7,42317,49.0
2026-09-12T10:42:00Z,1789209720,001712933,1712.9,42327,48.0
2026-09-12T10:42:11Z,1789209731,001715846,1715.8,42338,49.6
2026-09-12T10:42:21Z,1789209741,001708788,1708.8,42348,47.4
2026-09-12T10:42:31Z,1789209751,001709788,1709.8,42358,47.4
2026-09-12T10:42:41Z,1789209761,001712493,1712.5,42368,47.4
2026-09-12T10:42:51Z,1789209771,001709700,1709.7,42378,48.0
2026-09-12T10:43:01Z,1789209781,001709355,1709.4,42388,48.5
2026-09-12T10:43:11Z,1789209791,001710440,1710.4,42398,48.5
2026-09-12T10:43:21Z,1789209801,001710288,1710.3,42408,49.0
2026-09-12T10:43:31Z,1789209811,001711178,1711.2,42418,47.4
2026-09-12T10:43:41Z,1789209821,001710833,1710.8,42428,49.6
2026-09-12T10:43:51Z,1789209831,001710512,1710.5,42438,47.4
2026-09-12T10:44:01Z,1789209841,001710532,1710.5,42448,47.4
2026-09-12T10:44:11Z,1789209851,001711059,1711.1,42458,48.5
2026-09-12T10:44:21Z,1789209861,001711890,1711.9,42468,48.5
2026-09-12T10:44:31Z,1789209871,001712564,1712.6,42478,48.5
2026-09-12T10:44:41Z,1789209881,001711043,1711.0,42488,48.0
2026-09-12T10:44:51Z,1789209891,001711179,1711.2,42498,48.0
2026-09-12T10:45:01Z,1789209901,001711474,1711.5,42508,48.0
2026-09-12T10:45:11Z,1789209911,001711352,1711.4,42518,46.3
2026-09-12T10:45:21Z,1789209921,001712077,1712.1,42528,46.9
2026-09-12T10:45:31Z,1789209931,001713887,1713.9,42538,47.4
2026-09-12T10:45:41Z,1789209941,001713506,1713.5,42548,45.2
2026-09-12T10:45:51Z,1789209951,001714784,1714.8,42558,45.8
2026-09-12T10:46:01Z,1789209961,001715743,1715.7,42568,46.3
2026-09-12T10:46:11Z,1789209971,001717068,1717.1,42578,45.8
2026-09-12T10:46:21Z,1789209981,001718870,1718.9,42588,47.4
2026-09-12T10:46:31Z,1789209991,001721352,1721.4,42598,46.3
2026-09-12T10:46:41Z,1789210001,001721127,1721.1,42608,46.9
2026-09-12T10:46:51Z,1789210011,001722195,1722.2,42618,46.3
2026-09-12T10:47:01Z,1789210021,001723149,1723.1,42628,46.9
2026-09-12T10:47:11Z,1789210031,001724417,1724.4,42638,46.9
2026-09-12T10:47:21Z,1789210041,001725441,1725.4,42648,47.4
2026-09-12T10:47:31Z,1789210051,001727778,1727.8,42658,47.4
2026-09-12T10:47:41Z,1789210061,001727634,1727.6,42668,47.4
2026-09-12T10:47:51Z,1789210071,001728025,1728.0,42678,46.3
2026-09-12T10:48:01Z,1789210081,001728842,1728.8,42688,47.4
2026-09-12T10:48:11Z,1789210091,001729992,1730.0,42698,46.9
2026-09-12T10:48:21Z,1789210101,001730605,1730.6,42708,46.9
2026-09-12T10:48:31Z,1789210111,001731978,1732.0,42718,46.3
2026-09-12T10:48:41Z,1789210121,001731334,1731.3,42728,48.0
2026-09-12T10:48:51Z,1789210131,001732339,1732.3,42738,46.9
2026-09-12T10:49:01Z,1789210141,001734124,1734.1,42748,46.9
2026-09-12T10:49:11Z,1789210151,001733097,1733.1,42758,47.4
2026-09-12T10:49:21Z,1789210161,001733089,1733.1,42768,47.4
2026-09-12T10:49:31Z,1789210171,001739474,1739.5,42778,46.3
2026-09-12T10:49:41Z,1789210181,001733731,1733.7,42788,48.5
2026-09-12T10:49:51Z,1789210191,001734437,1734.4,42798,48.0
2026-09-12T10:50:01Z,1789210201,001739646,1739.6,42808,48.5
2026-09-12T10:50:11Z,1789210211,001739637,1739.6,42818,48.0
2026-09-12T10:50:21Z,1789210221,001739521,1739.5,42828,48.5
2026-09-12T10:50:31Z,1789210231,001739131,1739.1,42838,48.0
2026-09-12T10:50:41Z,1789210241,001738487,1738.5,42848,48.5
2026-09-12T10:50:51Z,1789210251,001738663,1738.7,42858,48.0
2026-09-12T10:51:01Z,1789210261,001738159,1738.2,42868,48.5
2026-09-12T10:51:11Z,1789210271,001737604,1737.6,42878,48.5
2026-09-12T10:51:21Z,1789210281,001737000,1737.0,42888,48.5
2026-09-12T10:51:31Z,1789210291,001737346,1737.3,42898,47.4
2026-09-12T10:51:41Z,1789210301,001736421,1736.4,42908,49.0
2026-09-12T10:51:51Z,1789210311,001735465,1735.5,42918,48.5
2026-09-12T10:52:01Z,1789210321,001734441,1734.4,42928,49.6
2026-09-12T10:52:11Z,1789210331,001734036,1734.0,42938,48.5
2026-09-12T10:52:21Z,1789210341,001728230,1728.2,42948,48.5
2026-09-12T10:52:31Z,1789210351,001729062,1729.1,42958,47.4
2026-09-12T10:52:41Z,1789210361,001726530,1726.5,42968,48.0
2026-09-12T10:52:51Z,1789210371,001726266,1726.3,42978,48.0
2026-09-12T10:53:01Z,1789210381,001725806,1725.8,42988,45.8
2026-09-12T10:53:11Z,1789210391,001725725,1725.7,42998,46.3
2026-09-12T10:53:21Z,1789210401,001725726,1725.7,43008,45.8
2026-09-12T10:53:31Z,1789210411,001726550,1726.5,43018,46.3
2026-09-12T10:53:41Z,1789210421,001726717,1726.7,43028,47.4
2026-09-12T10:53:51Z,1789210431,001726374,1726.4,43038,46.9
2026-09-12T10:54:01Z,1789210441,001726670,1726.7,43048,47.4
2026-09-12T10:54:11Z,1789210451,001726789,1726.8,43058,46.3
2026-09-12T10:54:21Z,1789210461,001727141,1727.1,43068,48.0
2026-09-12T10:54:31Z,1789210471,001727596,1727.6,43078,47.4
2026-09-12T10:54:41Z,1789210481,001727356,1727.4,43088,47.4
2026-09-12T10:54:51Z,1789210491,001728422,1728.4,43098,45.8
2026-09-12T10:55:01Z,1789210501,001727629,1727.6,43108,46.3
2026-09-12T10:55:11Z,1789210511,001727956,1728.0,43118,47.4
2026-09-12T10:55:21Z,1789210521,001727425,1727.4,43128,47.4
2026-09-12T10:55:31Z,1789210531,001728476,1728.5,43138,46.3
2026-09-12T10:55:41Z,1789210541,001727688,1727.7,43148,48.0
2026-09-12T10:55:51Z,1789210551,001727634,1727.6,43158,46.9
2026-09-12T10:56:01Z,1789210561,001728775,1728.8,43168,47.4
2026-09-12T10:56:11Z,1789210571,001727483,1727.5,43178,48.0
2026-09-12T10:56:21Z,1789210581,001727258,1727.3,43188,46.9
2026-09-12T10:56:31Z,1789210591,001727063,1727.1,43198,47.4
2026-09-12T10:56:41Z,1789210601,001726583,1726.6,43208,48.5
2026-09-12T10:56:51Z,1789210611,001726227,1726.2,43218,47.4
2026-09-12T10:57:01Z,1789210621,001726234,1726.2,43228,48.0
2026-09-12T10:57:11Z,1789210631,001727290,1727.3,43238,48.0
2026-09-12T10:57:21Z,1789210641,001725118,1725.1,43248,47.4
2026-09-12T10:57:31Z,1789210651,001725810,1725.8,43258,49.0
2026-09-12T10:57:41Z,1789210661,001724089,1724.1,43268,48.0
2026-09-12T10:57:51Z,1789210671,001724175,1724.2,43278,46.9
2026-09-12T10:58:01Z,1789210681,001723737,1723.7,43288,48.0
2026-09-12T10:58:11Z,1789210691,001723277,1723.3,43298,48.0
2026-09-12T10:58:21Z,1789210701,001723792,1723.8,43308,46.9
2026-09-12T10:58:31Z,1789210711,001722948,1722.9,43318,48.0
2026-09-12T10:58:41Z,1789210721,001721656,1721.7,43328,48.5
2026-09-12T10:58:51Z,1789210731,001721172,1721.2,43338,46.9
2026-09-12T10:59:02Z,1789210741,001720184,1720.2,43348,48.0
2026-09-12T10:59:12Z,1789210752,001719883,1719.9,43359,48.5
2026-09-12T10:59:22Z,1789210762,001718662,1718.7,43369,46.9
2026-09-12T10:59:32Z,1789210772,001718585,1718.6,43379,48.0
2026-09-12T10:59:42Z,1789210782,001717391,1717.4,43389,46.9
2026-09-12T10:59:52Z,1789210792,001716747,1716.7,43399,48.0
2026-09-12T11:00:02Z,1789210802,001720192,1720.2,43409,47.4
2026-09-12T11:00:12Z,1789210812,001720817,1720.8,43419,49.0
2026-09-12T11:00:22Z,1789210822,001718624,1718.6,43429,49.0
2026-09-12T11:00:32Z,1789210832,001718648,1718.6,43439,48.0
2026-09-12T11:00:42Z,1789210842,001717408,1717.4,43449,48.5
2026-09-12T11:00:52Z,1789210852,001716220,1716.2,43459,49.6
2026-09-12T11:01:02Z,1789210862,001713788,1713.8,43469,49.0
2026-09-12T11:01:12Z,1789210872,001716988,1717.0,43479,49.0
2026-09-12T11:01:22Z,1789210882,001723284,1723.3,43489,49.6
2026-09-12T11:01:32Z,1789210892,001729437,1729.4,43499,49.0
2026-09-12T11:01:42Z,1789210902,001733615,1733.6,43509,48.5
2026-09-12T11:01:52Z,1789210912,001739913,1739.9,43519,49.6
2026-09-12T11:02:02Z,1789210922,001744889,1744.9,43529,49.6
2026-09-12T11:02:12Z,1789210932,001747879,1747.9,43539,48.5
2026-09-12T11:02:22Z,1789210942,001750756,1750.8,43549,48.0
2026-09-12T11:02:32Z,1789210952,001755687,1755.7,43559,46.9
2026-09-12T11:02:42Z,1789210962,001761196,1761.2,43569,45.8
2026-09-12T11:02:52Z,1789210972,001765948,1765.9,43579,46.9
2026-09-12T11:03:02Z,1789210982,001772022,1772.0,43589,46.9
2026-09-12T11:03:12Z,1789210992,001776715,1776.7,43599,47.4
2026-09-12T11:03:22Z,1789211002,001782529,1782.5,43609,46.3
2026-09-12T11:03:32Z,1789211012,001787726,1787.7,43619,46.9
2026-09-12T11:03:42Z,1789211022,001794250,1794.2,43629,45.2
2026-09-12T11:03:52Z,1789211032,001799422,1799.4,43639,46.3
2026-09-12T11:04:02Z,1789211042,001805795,1805.8,43649,46.9
2026-09-12T11:04:12Z,1789211052,001810838,1810.8,43659,45.2
2026-09-12T11:04:22Z,1789211062,001817771,1817.8,43669,45.2
2026-09-12T11:04:32Z,1789211072,001822967,1823.0,43679,46.3
2026-09-12T11:04:42Z,1789211082,001828485,1828.5,43689,46.3
2026-09-12T11:04:52Z,1789211092,001833827,1833.8,43699,46.9
2026-09-12T11:05:02Z,1789211102,001844157,1844.2,43709,46.3
2026-09-12T11:05:12Z,1789211112,001844279,1844.3,43719,47.4
2026-09-12T11:05:22Z,1789211122,001849560,1849.6,43729,45.2
2026-09-12T11:05:32Z,1789211132,001854227,1854.2,43739,47.4
2026-09-12T11:05:42Z,1789211142,001859649,1859.6,43749,46.9
2026-09-12T11:05:52Z,1789211152,001863460,1863.5,43759,47.4
2026-09-12T11:06:02Z,1789211162,001868326,1868.3,43769,47.4
2026-09-12T11:06:12Z,1789211172,001872416,1872.4,43779,46.3
2026-09-12T11:06:22Z,1789211182,001876676,1876.7,43789,46.3
2026-09-12T11:06:32Z,1789211192,001880866,1880.9,43799,48.5
2026-09-12T11:06:42Z,1789211202,001885062,1885.1,43809,46.3
2026-09-12T11:06:52Z,1789211212,001888654,1888.7,43819,48.5
2026-09-12T11:07:02Z,1789211222,001892643,1892.6,43829,46.9
2026-09-12T11:07:12Z,1789211232,001895272,1895.3,43839,47.4
2026-09-12T11:07:22Z,1789211242,001899799,1899.8,43849,46.3
2026-09-12T11:07:32Z,1789211252,001903081,1903.1,43859,47.4
2026-09-12T11:07:42Z,1789211262,001906487,1906.5,43869,46.3
2026-09-12T11:07:52Z,1789211272,001909575,1909.6,43879,46.9
2026-09-12T11:08:02Z,1789211282,001912676,1912.7,43889,46.9
2026-09-12T11:08:12Z,1789211292,001915685,1915.7,43899,46.9
2026-09-12T11:08:22Z,1789211302,001919285,1919.3,43909,47.4
2026-09-12T11:08:32Z,1789211312,001921589,1921.6,43919,47.4
2026-09-12T11:08:42Z,1789211322,001924821,1924.8,43929,48.0
2026-09-12T11:08:52Z,1789211332,001927759,1927.8,43939,48.5
2026-09-12T11:09:02Z,1789211342,001930868,1930.9,43949,49.6
2026-09-12T11:09:12Z,1789211352,001933369,1933.4,43959,46.9
2026-09-12T11:09:22Z,1789211362,001936377,1936.4,43969,46.9
2026-09-12T11:09:32Z,1789211372,001938873,1938.9,43979,48.0
2026-09-12T11:09:42Z,1789211382,001941690,1941.7,43989,46.3
2026-09-12T11:09:52Z,1789211392,001943479,1943.5,43999,48.5
2026-09-12T11:10:02Z,1789211402,001949852,1949.9,44009,49.0
2026-09-12T11:10:12Z,1789211412,001953494,1953.5,44019,48.5
2026-09-12T11:10:22Z,1789211422,001955981,1956.0,44029,49.0
2026-09-12T11:10:32Z,1789211432,001957332,1957.3,44039,48.5
2026-09-12T11:10:42Z,1789211442,001959454,1959.5,44049,49.0
2026-09-12T11:10:52Z,1789211452,001961979,1962.0,44059,48.0
2026-09-12T11:11:02Z,1789211462,001963482,1963.5,44069,49.6
2026-09-12T11:11:12Z,1789211472,001965333,1965.3,44079,49.6
2026-09-12T11:11:22Z,1789211482,001967034,1967.0,44089,48.5
2026-09-12T11:11:32Z,1789211492,001968344,1968.3,44099,48.0
2026-09-12T11:11:42Z,1789211502,001969597,1969.6,44109,48.5
2026-09-12T11:11:52Z,1789211512,001971017,1971.0,44119,47.4
2026-09-12T11:12:02Z,1789211522,001971845,1971.8,44129,49.0
2026-09-12T11:12:12Z,1789211532,001970730,1970.7,44139,49.0
2026-09-12T11:12:22Z,1789211542,001969431,1969.4,44149,49.6
2026-09-12T11:12:32Z,1789211552,001969505,1969.5,44159,48.5
2026-09-12T11:12:42Z,1789211562,001970805,1970.8,44169,48.0
2026-09-12T11:12:52Z,1789211572,001971553,1971.6,44179,48.0
2026-09-12T11:13:02Z,1789211582,001973232,1973.2,44189,46.9
2026-09-12T11:13:12Z,1789211592,001973934,1973.9,44199,46.9
2026-09-12T11:13:22Z,1789211602,001975809,1975.8,44209,47.4
2026-09-12T11:13:32Z,1789211612,001976616,1976.6,44219,45.8
2026-09-12T11:13:42Z,1789211622,001979597,1979.6,44229,46.9
2026-09-12T11:13:52Z,1789211632,001980604,1980.6,44239,46.9
2026-09-12T11:14:02Z,1789211642,001981860,1981.9,44249,46.9
2026-09-12T11:14:12Z,1789211652,001984031,1984.0,44259,46.9
2026-09-12T11:14:22Z,1789211662,001986157,1986.2,44269,47.4
2026-09-12T11:14:32Z,1789211672,001987347,1987.3,44279,48.0
2026-09-12T11:14:42Z,1789211682,001989049,1989.0,44289,47.4
2026-09-12T11:14:52Z,1789211692,001990039,1990.0,44299,46.9
2026-09-12T11:15:02Z,1789211702,001996632,1996.6,44309,47.4
2026-09-12T11:15:12Z,1789211712,001993182,1993.2,44319,48.0
2026-09-12T11:15:22Z,1789211722,001994319,1994.3,44329,48.0
2026-09-12T11:15:32Z,1789211732,001995782,1995.8,44339,47.4
2026-09-12T11:15:42Z,1789211742,001997168,1997.2,44349,48.0
2026-09-12T11:15:52Z,1789211752,001998084,1998.1,44359,48.0
2026-09-12T11:16:02Z,1789211762,001999460,1999.5,44369,47.4
2026-09-12T11:16:13Z,1789211772,002000332,2000.3,44379,48.0
2026-09-12T11:16:23Z,1789211783,002001504,2001.5,44390,47.4
2026-09-12T11:16:33Z,1789211793,002002108,2002.1,44400,48.0
2026-09-12T11:16:43Z,1789211803,002003542,2003.5,44410,47.4
2026-09-12T11:16:53Z,1789211813,002003827,2003.8,44420,46.3
2026-09-12T11:17:03Z,1789211823,002005442,2005.4,44430,46.3
2026-09-12T11:17:13Z,1789211833,002006149,2006.1,44440,47.4
2026-09-12T11:17:23Z,1789211843,002007115,2007.1,44450,48.0
2026-09-12T11:17:33Z,1789211853,002008450,2008.5,44460,47.4
2026-09-12T11:17:43Z,1789211863,002008599,2008.6,44470,48.0
2026-09-12T11:17:53Z,1789211873,002009842,2009.8,44480,48.5
2026-09-12T11:18:03Z,1789211883,002010529,2010.5,44490,48.0
2026-09-12T11:18:13Z,1789211893,002011384,2011.4,44500,46.3
2026-09-12T11:18:23Z,1789211903,002011610,2011.6,44510,48.0
2026-09-12T11:18:33Z,1789211913,002012671,2012.7,44520,48.0
2026-09-12T11:18:43Z,1789211923,002015790,2015.8,44530,49.6
2026-09-12T11:18:53Z,1789211933,002013596,2013.6,44540,46.9
2026-09-12T11:19:03Z,1789211943,002014164,2014.2,44550,46.9
2026-09-12T11:19:13Z,1789211953,002015196,2015.2,44560,46.9
2026-09-12T11:19:23Z,1789211963,002015753,2015.8,44570,46.9
2026-09-12T11:19:33Z,1789211973,002016014,2016.0,44580,46.9
2026-09-12T11:19:43Z,1789211983,002016187,2016.2,44590,47.4
2026-09-12T11:19:53Z,1789211993,002017234,2017.2,44600,48.0
2026-09-12T11:20:03Z,1789212003,002021546,2021.5,44610,47.4
2026-09-12T11:20:13Z,1789212013,002023509,2023.5,44620,47.4
2026-09-12T11:20:23Z,1789212023,002023793,2023.8,44630,48.5
2026-09-12T11:20:33Z,1789212033,002024451,2024.5,44640,48.5
2026-09-12T11:20:43Z,1789212043,002024467,2024.5,44650,48.0
2026-09-12T11:20:53Z,1789212053,002024026,2024.0,44660,49.6
2026-09-12T11:21:03Z,1789212063,002024257,2024.3,44670,47.4
2026-09-12T11:21:13Z,1789212073,002023735,2023.7,44680,49.0
2026-09-12T11:21:23Z,1789212083,002024015,2024.0,44690,48.5
2026-09-12T11:21:33Z,1789212093,002024025,2024.0,44700,49.0
2026-09-12T11:21:43Z,1789212103,002023855,2023.9,44710,48.5
2026-09-12T11:21:53Z,1789212113,002023360,2023.4,44720,48.0
2026-09-12T11:22:03Z,1789212123,002023038,2023.0,44730,48.0
2026-09-12T11:22:13Z,1789212133,002023058,2023.1,44740,48.0
2026-09-12T11:22:23Z,1789212143,002018122,2018.1,44750,47.4
2026-09-12T11:22:33Z,1789212153,002018545,2018.5,44760,46.9
2026-09-12T11:22:43Z,1789212163,002018977,2019.0,44770,47.4
2026-09-12T11:22:53Z,1789212173,002019788,2019.8,44780,46.9
2026-09-12T11:23:03Z,1789212183,002020532,2020.5,44790,45.2
2026-09-12T11:23:13Z,1789212193,002021452,2021.5,44800,45.2
2026-09-12T11:23:23Z,1789212203,002022159,2022.2,44810,46.9
2026-09-12T11:23:33Z,1789212213,002023264,2023.3,44820,45.2
2026-09-12T11:23:43Z,1789212223,002025193,2025.2,44830,45.2
2026-09-12T11:23:53Z,1789212233,002026465,2026.5,44840,46.9
2026-09-12T11:24:03Z,1789212243,002027617,2027.6,44850,47.4
2026-09-12T11:24:13Z,1789212253,002028870,2028.9,44860,46.9
2026-09-12T11:24:23Z,1789212263,002029874,2029.9,44870,46.9
2026-09-12T11:24:33Z,1789212273,002030685,2030.7,44880,47.4
2026-09-12T11:24:43Z,1789212283,002032136,2032.1,44890,45.8
2026-09-12T11:24:53Z,1789212293,002033208,2033.2,44900,46.3
2026-09-12T11:25:03Z,1789212303,002034254,2034.3,44910,47.4
2026-09-12T11:25:13Z,1789212313,002034571,2034.6,44920,47.4
2026-09-12T11:25:23Z,1789212323,002035823,2035.8,44930,47.4
2026-09-12T11:25:33Z,1789212333,002036791,2036.8,44940,47.4
2026-09-12T11:25:43Z,1789212343,002037584,2037.6,44950,48.0
2026-09-12T11:25:53Z,1789212353,002037722,2037.7,44960,46.9
2026-09-12T11:26:03Z,1789212363,002038928,2038.9,44970,46.3
2026-09-12T11:26:13Z,1789212373,002039533,2039.5,44980,47.4
2026-09-12T11:26:23Z,1789212383,002040021,2040.0,44990,48.0
2026-09-12T11:26:33Z,1789212393,002040113,2040.1,45000,48.5
2026-09-12T11:26:43Z,1789212403,002040884,2040.9,45010,48.0
2026-09-12T11:26:53Z,1789212413,002041371,2041.4,45020,48.0
2026-09-12T11:27:03Z,1789212423,002041795,2041.8,45030,48.0
2026-09-12T11:27:13Z,1789212433,002042270,2042.3,45040,48.0
2026-09-12T11:27:23Z,1789212443,002042516,2042.5,45050,48.5
2026-09-12T11:27:33Z,1789212453,002042256,2042.3,45060,47.4
2026-09-12T11:27:43Z,1789212463,002043120,2043.1,45070,47.4
2026-09-12T11:27:53Z,1789212473,002043368,2043.4,45080,48.0
2026-09-12T11:28:03Z,1789212483,002043571,2043.6,45090,46.9
2026-09-12T11:28:13Z,1789212493,002043696,2043.7,45100,46.9
2026-09-12T11:28:23Z,1789212503,002043390,2043.4,45110,47.4
2026-09-12T11:28:33Z,1789212513,002044097,2044.1,45120,48.0
2026-09-12T11:28:43Z,1789212523,002044169,2044.2,45130,48.0
2026-09-12T11:28:53Z,1789212533,002044144,2044.1,45140,47.4
2026-09-12T11:29:03Z,1789212543,002044316,2044.3,45150,46.9
2026-09-12T11:29:13Z,1789212553,002044263,2044.3,45160,48.0
2026-09-12T11:29:23Z,1789212563,002043981,2044.0,45170,47.4
2026-09-12T11:29:33Z,1789212573,002043992,2044.0,45180,48.5
2026-09-12T11:29:43Z,1789212583,002044406,2044.4,45190,48.0
2026-09-12T11:29:53Z,1789212593,002044352,2044.4,45200,48.5
2026-09-12T11:30:03Z,1789212603,002046461,2046.5,45210,47.4
2026-09-12T11:30:13Z,1789212613,002049176,2049.2,45220,49.0
2026-09-12T11:30:23Z,1789212623,002049998,2050.0,45230,47.4
2026-09-12T11:30:33Z,1789212633,002047723,2047.7,45240,48.0
2026-09-12T11:30:43Z,1789212643,002048463,2048.5,45250,49.6
2026-09-12T11:30:53Z,1789212653,002048069,2048.1,45260,49.0
2026-09-12T11:31:03Z,1789212663,002047726,2047.7,45270,49.0
2026-09-12T11:31:13Z,1789212673,002046843,2046.8,45280,49.0
2026-09-12T11:31:23Z,1789212683,002047123,2047.1,45290,49.0
2026-09-12T11:31:33Z,1789212693,002046176,2046.2,45300,49.0
2026-09-12T11:31:43Z,1789212703,002045967,2046.0,45310,49.0
2026-09-12T11:31:53Z,1789212713,002044680,2044.7,45320,48.5
2026-09-12T11:32:03Z,1789212723,002043890,2043.9,45330,49.6
2026-09-12T11:32:13Z,1789212733,002043874,2043.9,45340,46.9
2026-09-12T11:32:23Z,1789212743,002038355,2038.4,45350,46.3
2026-09-12T11:32:33Z,1789212753,002038277,2038.3,45360,48.0
2026-09-12T11:32:43Z,1789212763,002038473,2038.5,45370,46.9
2026-09-12T11:32:53Z,1789212773,002038537,2038.5,45380,47.4
2026-09-12T11:33:03Z,1789212783,002039412,2039.4,45390,46.9
2026-09-12T11:33:13Z,1789212793,002040451,2040.5,45400,45.8
2026-09-12T11:33:24Z,1789212803,002041617,2041.6,45410,46.3
2026-09-12T11:33:34Z,1789212814,002042821,2042.8,45421,46.3
2026-09-12T11:33:44Z,1789212824,002043981,2044.0,45431,45.2
2026-09-12T11:33:54Z,1789212834,002045749,2045.7,45441,46.3
2026-09-12T11:34:04Z,1789212844,002047440,2047.4,45451,46.3
2026-09-12T11:34:14Z,1789212854,002050202,2050.2,45461,44.6
2026-09-12T11:34:24Z,1789212864,002050980,2051.0,45471,45.2
2026-09-12T11:34:34Z,1789212874,002053015,2053.0,45481,45.2
2026-09-12T11:34:44Z,1789212884,002054751,2054.8,45491,47.4
2026-09-12T11:34:54Z,1789212894,002056744,2056.7,45501,45.8
2026-09-12T11:35:04Z,1789212904,002058605,2058.6,45511,45.2
2026-09-12T11:35:14Z,1789212914,002059926,2059.9,45521,46.9
2026-09-12T11:35:24Z,1789212924,002055206,2055.2,45531,46.9
2026-09-12T11:35:34Z,1789212934,002048529,2048.5,45541,45.8
2026-09-12T11:35:44Z,1789212944,002041444,2041.4,45551,46.9
2026-09-12T11:35:54Z,1789212954,002035396,2035.4,45561,46.9
2026-09-12T11:36:04Z,1789212964,002028842,2028.8,45571,47.4
2026-09-12T11:36:14Z,1789212974,002022745,2022.7,45581,47.4
2026-09-12T11:36:24Z,1789212984,002016269,2016.3,45591,47.4
2026-09-12T11:36:34Z,1789212994,002009762,2009.8,45601,48.0
2026-09-12T11:36:44Z,1789213004,002003706,2003.7,45611,47.4
2026-09-12T11:36:54Z,1789213014,001997910,1997.9,45621,48.0
2026-09-12T11:37:04Z,1789213024,001991857,1991.9,45631,46.9
2026-09-12T11:37:14Z,1789213034,001985449,1985.4,45641,48.0
2026-09-12T11:37:24Z,1789213044,001980203,1980.2,45651,47.4
2026-09-12T11:37:34Z,1789213054,001974268,1974.3,45661,48.0
2026-09-12T11:37:44Z,1789213064,001968843,1968.8,45671,46.9
2026-09-12T11:37:54Z,1789213074,001962888,1962.9,45681,46.9
2026-09-12T11:38:04Z,1789213084,001957681,1957.7,45691,46.3
2026-09-12T11:38:14Z,1789213094,001952017,1952.0,45701,47.4
2026-09-12T11:38:24Z,1789213104,001946947,1946.9,45711,48.0
2026-09-12T11:38:34Z,1789213114,001941378,1941.4,45721,46.9
2026-09-12T11:38:44Z,1789213124,001936086,1936.1,45731,46.9
2026-09-12T11:38:54Z,1789213134,001931532,1931.5,45741,47.4
2026-09-12T11:39:04Z,1789213144,001926307,1926.3,45751,48.0
2026-09-12T11:39:14Z,1789213154,001921910,1921.9,45761,47.4
2026-09-12T11:39:24Z,1789213164,001916263,1916.3,45771,47.4
2026-09-12T11:39:34Z,1789213174,001912089,1912.1,45781,48.0
2026-09-12T11:39:44Z,1789213184,001906829,1906.8,45791,46.3
2026-09-12T11:39:54Z,1789213194,001902780,1902.8,45801,46.3
2026-09-12T11:40:04Z,1789213204,001901661,1901.7,45811,46.9
2026-09-12T11:40:14Z,1789213214,001898211,1898.2,45821,48.5
2026-09-12T11:40:24Z,1789213224,001893373,1893.4,45831,48.5
2026-09-12T11:40:34Z,1789213234,001888647,1888.6,45841,48.0
2026-09-12T11:40:44Z,1789213244,001883789,1883.8,45851,48.0
2026-09-12T11:40:54Z,1789213254,001879725,1879.7,45861,48.5
2026-09-12T11:41:04Z,1789213264,001875230,1875.2,45871,48.5
2026-09-12T11:41:14Z,1789213274,001869323,1869.3,45881,48.0
2026-09-12T11:41:24Z,1789213284,001865686,1865.7,45891,49.0
2026-09-12T11:41:34Z,1789213294,001860374,1860.4,45901,49.0
2026-09-12T11:41:44Z,1789213304,001856034,1856.0,45911,47.4
2026-09-12T11:41:54Z,1789213314,001851146,1851.1,45921,48.5
2026-09-12T11:42:04Z,1789213324,001847098,1847.1,45931,47.4
2026-09-12T11:42:14Z,1789213334,001841944,1841.9,45941,48.5
2026-09-12T11:42:24Z,1789213344,001832832,1832.8,45951,48.0
2026-09-12T11:42:34Z,1789213354,001828203,1828.2,45961,48.0
2026-09-12T11:42:44Z,1789213364,001823836,1823.8,45971,47.4
2026-09-12T11:42:54Z,1789213374,001819470,1819.5,45981,46.9
2026-09-12T11:43:04Z,1789213384,001815511,1815.5,45991,46.3
2026-09-12T11:43:14Z,1789213394,001812364,1812.4,46001,47.4
2026-09-12T11:43:24Z,1789213404,001808530,1808.5,46011,46.9
2026-09-12T11:43:34Z,1789213414,001805674,1805.7,46021,45.8
2026-09-12T11:43:44Z,1789213424,001802684,1802.7,46031,45.8
2026-09-12T11:43:54Z,1789213434,001800244,1800.2,46041,46.9
2026-09-12T11:44:04Z,1789213444,001796945,1796.9,46051,46.3
2026-09-12T11:44:14Z,1789213454,001794973,1795.0,46061,47.4
2026-09-12T11:44:24Z,1789213464,001792695,1792.7,46071,46.3
2026-09-12T11:44:34Z,1789213474,001790483,1790.5,46081,47.4
2026-09-12T11:44:44Z,1789213484,001787594,1787.6,46091,45.8
2026-09-12T11:44:54Z,1789213494,001785341,1785.3,46101,46.9
2026-09-12T11:45:04Z,1789213504,001782318,1782.3,46111,47.4
2026-09-12T11:45:14Z,1789213514,001779912,1779.9,46121,46.9
2026-09-12T11:45:24Z,1789213524,001777695,1777.7,46131,46.9
2026-09-12T11:45:34Z,1789213534,001775168,1775.2,46141,47.4
2026-09-12T11:45:44Z,1789213544,001772181,1772.2,46151,48.5
2026-09-12T11:45:54Z,1789213554,001770178,1770.2,46161,47.4
2026-09-12T11:46:04Z,1789213564,001767325,1767.3,46171,47.4
2026-09-12T11:46:14Z,1789213574,001765455,1765.5,46181,47.4
2026-09-12T11:46:24Z,1789213584,001762344,1762.3,46191,48.0
2026-09-12T11:46:34Z,1789213594,001760047,1760.0,46201,47.4
2026-09-12T11:46:44Z,1789213604,001757249,1757.2,46211,48.0
2026-09-12T11:46:54Z,1789213614,001755524,1755.5,46221,48.0
2026-09-12T11:47:04Z,1789213624,001752296,1752.3,46231,48.0
2026-09-12T11:47:14Z,1789213634,001750065,1750.1,46241,48.0
2026-09-12T11:47:24Z,1789213644,001746904,1746.9,46251,47.4
2026-09-12T11:47:34Z,1789213654,001745090,1745.1,46261,47.4
2026-09-12T11:47:44Z,1789213664,001742327,1742.3,46271,46.9
2026-09-12T11:47:54Z,1789213674,001740410,1740.4,46281,47.4
2026-09-12T11:48:04Z,1789213684,001737134,1737.1,46291,47.4
2026-09-12T11:48:14Z,1789213694,001735796,1735.8,46301,47.4
2026-09-12T11:48:24Z,1789213704,001732784,1732.8,46311,46.9
2026-09-12T11:48:34Z,1789213714,001730338,1730.3,46321,48.0
2026-09-12T11:48:44Z,1789213724,001728124,1728.1,46331,46.9
2026-09-12T11:48:54Z,1789213734,001726031,1726.0,46341,46.3
2026-09-12T11:49:04Z,1789213744,001723353,1723.4,46351,47.4
2026-09-12T11:49:14Z,1789213754,001721332,1721.3,46361,47.4
2026-09-12T11:49:24Z,1789213764,001718819,1718.8,46371,48.0
2026-09-12T11:49:34Z,1789213774,001716757,1716.8,46381,48.0
2026-09-12T11:49:44Z,1789213784,001714257,1714.3,46391,46.9
2026-09-12T11:49:54Z,1789213794,001711931,1711.9,46401,48.0
2026-09-12T11:50:04Z,1789213804,001713240,1713.2,46411,47.4
2026-09-12T11:50:14Z,1789213814,001711851,1711.9,46421,47.4
2026-09-12T11:50:24Z,1789213824,001709355,1709.4,46431,48.0
2026-09-12T11:50:34Z,1789213834,001707382,1707.4,46441,46.9
2026-09-12T11:50:45Z,1789213844,001705617,1705.6,46451,48.0
2026-09-12T11:50:55Z,1789213855,001702735,1702.7,46462,47.4
2026-09-12T11:51:05Z,1789213865,001699664,1699.7,46472,48.5
2026-09-12T11:51:15Z,1789213875,001697947,1697.9,46482,48.5
2026-09-12T11:51:25Z,1789213885,001694917,1694.9,46492,48.0
2026-09-12T11:51:35Z,1789213895,001691649,1691.6,46502,49.0
2026-09-12T11:51:45Z,1789213905,001689011,1689.0,46512,49.0
2026-09-12T11:51:55Z,1789213915,001687412,1687.4,46522,49.0
2026-09-12T11:52:05Z,1789213925,001683869,1683.9,46532,49.0
2026-09-12T11:52:15Z,1789213935,001676937,1676.9,46542,48.5
2026-09-12T11:52:25Z,1789213945,001674097,1674.1,46552,46.3
2026-09-12T11:52:35Z,1789213955,001672905,1672.9,46562,47.4
2026-09-12T11:52:45Z,1789213965,001669528,1669.5,46572,48.0
2026-09-12T11:52:55Z,1789213975,001667519,1667.5,46582,47.4
2026-09-12T11:53:05Z,1789213985,001665602,1665.6,46592,47.4
2026-09-12T11:53:15Z,1789213995,001664127,1664.1,46602,46.3
2026-09-12T11:53:25Z,1789214005,001661965,1662.0,46612,46.9
2026-09-12T11:53:35Z,1789214015,001660709,1660.7,46622,45.2
2026-09-12T11:53:45Z,1789214025,001659318,1659.3,46632,46.9
2026-09-12T11:53:55Z,1789214035,001657963,1658.0,46642,45.8
2026-09-12T11:54:05Z,1789214045,001656919,1656.9,46652,46.9
2026-09-12T11:54:15Z,1789214055,001655279,1655.3,46662,45.8
2026-09-12T11:54:25Z,1789214065,001654190,1654.2,46672,46.9
2026-09-12T11:54:35Z,1789214075,001652448,1652.4,46682,46.9
2026-09-12T11:54:45Z,1789214085,001651333,1651.3,46692,46.9
2026-09-12T11:54:55Z,1789214095,001650045,1650.0,46702,46.3
2026-09-12T11:55:05Z,1789214105,001648364,1648.4,46712,45.8
2026-09-12T11:55:15Z,1789214115,001647270,1647.3,46722,46.9
2026-09-12T11:55:25Z,1789214125,001645465,1645.5,46732,47.4
2026-09-12T11:55:35Z,1789214135,001644472,1644.5,46742,46.9
2026-09-12T11:55:45Z,1789214145,001643064,1643.1,46752,46.9
2026-09-12T11:55:55Z,1789214155,001641577,1641.6,46762,46.9
2026-09-12T11:56:05Z,1789214165,001639359,1639.4,46772,47.4
2026-09-12T11:56:15Z,1789214175,001638580,1638.6,46782,48.0
2026-09-12T11:56:25Z,1789214185,001637034,1637.0,46792,45.8
2026-09-12T11:56:35Z,1789214195,001635518,1635.5,46802,48.0
2026-09-12T11:56:45Z,1789214205,001633865,1633.9,46812,47.4
2026-09-12T11:56:55Z,1789214215,001632538,1632.5,46822,46.9
2026-09-12T11:57:05Z,1789214225,001630888,1630.9,46832,47.4
2026-09-12T11:57:15Z,1789214235,001629082,1629.1,46842,48.0
2026-09-12T11:57:25Z,1789214245,001627324,1627.3,46852,46.9
2026-09-12T11:57:35Z,1789214255,001626408,1626.4,46862,48.0
2026-09-12T11:57:45Z,1789214265,001624873,1624.9,46872,47.4
2026-09-12T11:57:55Z,1789214275,001623126,1623.1,46882,46.9
2026-09-12T11:58:05Z,1789214285,001621925,1621.9,46892,48.0
2026-09-12T11:58:15Z,1789214295,001620584,1620.6,46902,47.4
2026-09-12T11:58:25Z,1789214305,001618513,1618.5,46912,46.9
2026-09-12T11:58:35Z,1789214315,001617043,1617.0,46922,48.0
2026-09-12T11:58:45Z,1789214325,001615915,1615.9,46932,47.4
2026-09-12T11:58:55Z,1789214335,001614499,1614.5,46942,48.0
2026-09-12T11:59:05Z,1789214345,001612943,1612.9,46952,46.3
2026-09-12T11:59:15Z,1789214355,001611414,1611.4,46962,48.0
2026-09-12T11:59:25Z,1789214365,001609968,1610.0,46972,48.0
2026-09-12T11:59:35Z,1789214375,001608400,1608.4,46982,48.0
2026-09-12T11:59:45Z,1789214385,001607006,1607.0,46992,47.4
2026-09-12T11:59:55Z,1789214395,001605713,1605.7,47002,48.0
2026-09-12T12:00:05Z,1789214405,001606427,1606.4,47012,49.0
2026-09-12T12:00:15Z,1789214415,001608018,1608.0,47022,47.4
2026-09-12T12:00:25Z,1789214425,001605506,1605.5,47032,48.5
2026-09-12T12:00:35Z,1789214435,001602853,1602.9,47042,48.0
2026-09-12T12:00:45Z,1789214445,001602744,1602.7,47052,49.0
2026-09-12T12:00:55Z,1789214455,001600975,1601.0,47062,48.0
2026-09-12T12:01:05Z,1789214465,001598768,1598.8,47072,48.0
2026-09-12T12:01:15Z,1789214475,001596752,1596.8,47082,49.6
2026-09-12T12:01:25Z,1789214485,001596299,1596.3,47092,48.5
2026-09-12T12:01:35Z,1789214495,001594000,1594.0,47102,48.0
2026-09-12T12:01:45Z,1789214505,001591300,1591.3,47112,47.4
2026-09-12T12:01:55Z,1789214515,001589014,1589.0,47122,47.4
2026-09-12T12:02:05Z,1789214525,001587770,1587.8,47132,48.0
2026-09-12T12:02:15Z,1789214535,001580718,1580.7,47142,47.4
2026-09-12T12:02:25Z,1789214545,001578856,1578.9,47152,48.0
2026-09-12T12:02:35Z,1789214555,001577036,1577.0,47162,47.4
2026-09-12T12:02:45Z,1789214565,001574686,1574.7,47172,47.4
2026-09-12T12:02:55Z,1789214575,001572914,1572.9,47182,48.5
2026-09-12T12:03:05Z,1789214585,001571462,1571.5,47192,48.0
2026-09-12T12:03:15Z,1789214595,001569685,1569.7,47202,48.0
2026-09-12T12:03:25Z,1789214605,001567391,1567.4,47212,49.0
2026-09-12T12:03:35Z,1789214615,001565659,1565.7,47222,48.5
2026-09-12T12:03:45Z,1789214625,001564246,1564.2,47232,46.9
2026-09-12T12:03:55Z,1789214635,001562005,1562.0,47242,48.0
2026-09-12T12:04:05Z,1789214645,001559991,1560.0,47252,47.4
2026-09-12T12:04:15Z,1789214655,001558833,1558.8,47262,46.9
2026-09-12T12:04:25Z,1789214665,001556958,1557.0,47272,48.0
2026-09-12T12:04:35Z,1789214675,001554753,1554.8,47282,48.5
2026-09-12T12:04:45Z,1789214685,001552888,1552.9,47292,48.5
2026-09-12T12:04:55Z,1789214695,001551080,1551.1,47302,48.5
2026-09-12T12:05:05Z,1789214705,001549295,1549.3,47312,48.5
2026-09-12T12:05:15Z,1789214715,001547700,1547.7,47322,48.0
2026-09-12T12:05:25Z,1789214725,001545443,1545.4,47332,48.5
2026-09-12T12:05:35Z,1789214735,001543948,1543.9,47342,48.0
2026-09-12T12:05:45Z,1789214745,001542200,1542.2,47352,48.5
2026-09-12T12:05:55Z,1789214755,001540787,1540.8,47362,48.5
2026-09-12T12:06:05Z,1789214765,001538729,1538.7,47372,48.5
2026-09-12T12:06:15Z,1789214775,001537101,1537.1,47382,48.0
2026-09-12T12:06:25Z,1789214785,001535293,1535.3,47392,47.4
2026-09-12T12:06:35Z,1789214795,001533542,1533.5,47402,47.4
2026-09-12T12:06:45Z,1789214805,001532166,1532.2,47412,49.0
2026-09-12T12:06:55Z,1789214815,001530515,1530.5,47422,48.0
2026-09-12T12:07:05Z,1789214825,001528386,1528.4,47432,47.4
2026-09-12T12:07:15Z,1789214835,001526464,1526.5,47442,48.0
2026-09-12T12:07:26Z,1789214845,001525416,1525.4,47452,48.0
2026-09-12T12:07:36Z,1789214856,001523494,1523.5,47463,48.0
2026-09-12T12:07:46Z,1789214866,001521637,1521.6,47473,48.0
2026-09-12T12:07:56Z,1789214876,001520190,1520.2,47483,48.0
2026-09-12T12:08:06Z,1789214886,001518728,1518.7,47493,48.0
2026-09-12T12:08:16Z,1789214896,001516306,1516.3,47503,49.6
2026-09-12T12:08:26Z,1789214906,001514868,1514.9,47513,48.0
2026-09-12T12:08:36Z,1789214916,001513452,1513.5,47523,48.5
2026-09-12T12:08:46Z,1789214926,001511649,1511.6,47533,48.0
2026-09-12T12:08:56Z,1789214936,001510015,1510.0,47543,49.6
2026-09-12T12:09:06Z,1789214946,001508441,1508.4,47553,48.0
2026-09-12T12:09:16Z,1789214956,001506424,1506.4,47563,48.5
2026-09-12T12:09:26Z,1789214966,001505481,1505.5,47573,49.0
2026-09-12T12:09:36Z,1789214976,001502427,1502.4,47583,48.5
2026-09-12T12:09:46Z,1789214986,001500146,1500.1,47593,48.0
2026-09-12T12:09:56Z,1789214996,001498082,1498.1,47603,48.5
2026-09-12T12:10:06Z,1789215006,001499717,1499.7,47613,48.5
2026-09-12T12:10:16Z,1789215016,001498588,1498.6,47623,49.6
2026-09-12T12:10:26Z,1789215026,001495582,1495.6,47633,48.5
2026-09-12T12:10:36Z,1789215036,001493774,1493.8,47643,49.0
2026-09-12T12:10:46Z,1789215046,001490738,1490.7,47653,47.4
2026-09-12T12:10:56Z,1789215056,001488085,1488.1,47663,50.1
2026-09-12T12:11:06Z,1789215066,001487073,1487.1,47673,48.5
2026-09-12T12:11:16Z,1789215076,001483369,1483.4,47683,48.0
2026-09-12T12:11:26Z,1789215086,001480622,1480.6,47693,48.0
2026-09-12T12:11:36Z,1789215096,001478996,1479.0,47703,49.0
2026-09-12T12:11:46Z,1789215106,001477734,1477.7,47713,48.0
2026-09-12T12:11:56Z,1789215116,001475908,1475.9,47723,48.0
2026-09-12T12:12:06Z,1789215126,001473519,1473.5,47733,48.0
2026-09-12T12:12:16Z,1789215136,001467011,1467.0,47743,46.3
2026-09-12T12:12:26Z,1789215146,001465532,1465.5,47753,46.9
2026-09-12T12:12:36Z,1789215156,001464654,1464.7,47763,47.4
2026-09-12T12:12:46Z,1789215166,001463547,1463.5,47773,45.2
2026-09-12T12:12:56Z,1789215176,001462968,1463.0,47783,45.8
2026-09-12T12:13:06Z,1789215186,001462823,1462.8,47793,46.3
2026-09-12T12:13:16Z,1789215196,001461818,1461.8,47803,46.3
2026-09-12T12:13:26Z,1789215206,001461396,1461.4,47813,46.3
2026-09-12T12:13:36Z,1789215216,001461279,1461.3,47823,45.8
2026-09-12T12:13:46Z,1789215226,001460893,1460.9,47833,46.9
2026-09-12T12:13:56Z,1789215236,001460274,1460.3,47843,46.3
2026-09-12T12:14:06Z,1789215246,001459499,1459.5,47853,46.9
2026-09-12T12:14:16Z,1789215256,001459434,1459.4,47863,46.3
2026-09-12T12:14:26Z,1789215266,001458952,1459.0,47873,45.8
2026-09-12T12:14:36Z,1789215276,001458329,1458.3,47883,46.3
2026-09-12T12:14:46Z,1789215286,001458011,1458.0,47893,46.3
2026-09-12T12:14:56Z,1789215296,001457294,1457.3,47903,45.2
2026-09-12T12:15:06Z,1789215306,001457675,1457.7,47913,46.3
2026-09-12T12:15:16Z,1789215316,001456009,1456.0,47923,47.4
2026-09-12T12:15:26Z,1789215326,001455110,1455.1,47933,46.9
2026-09-12T12:15:36Z,1789215336,001454588,1454.6,47943,45.8
2026-09-12T12:15:46Z,1789215346,001453646,1453.6,47953,47.4
2026-09-12T12:15:56Z,1789215356,001452674,1452.7,47963,46.9
2026-09-12T12:16:06Z,1789215366,001453099,1453.1,47973,46.3
2026-09-12T12:16:16Z,1789215376,001451474,1451.5,47983,46.3
2026-09-12T12:16:26Z,1789215386,001450355,1450.4,47993,46.9
2026-09-12T12:16:36Z,1789215396,001449465,1449.5,48003,46.9
2026-09-12T12:16:46Z,1789215406,001448803,1448.8,48013,46.9
2026-09-12T12:16:56Z,1789215416,001448055,1448.1,48023,45.2
2026-09-12T12:17:06Z,1789215426,001447701,1447.7,48033,47.4
2026-09-12T12:17:16Z,1789215436,001446299,1446.3,48043,47.4
2026-09-12T12:17:26Z,1789215446,001445383,1445.4,48053,47.4
2026-09-12T12:17:36Z,1789215456,001444194,1444.2,48063,46.3
2026-09-12T12:17:46Z,1789215466,001443308,1443.3,48073,47.4
2026-09-12T12:17:56Z,1789215476,001442631,1442.6,48083,46.9
2026-09-12T12:18:06Z,1789215486,001441922,1441.9,48093,48.0
2026-09-12T12:18:16Z,1789215496,001440588,1440.6,48103,48.0
2026-09-12T12:18:26Z,1789215506,001439371,1439.4,48113,46.3
2026-09-12T12:18:36Z,1789215516,001438732,1438.7,48123,46.9
2026-09-12T12:18:46Z,1789215526,001438062,1438.1,48133,47.4
2026-09-12T12:18:56Z,1789215536,001436544,1436.5,48143,48.5
2026-09-12T12:19:06Z,1789215546,001436272,1436.3,48153,46.9
2026-09-12T12:19:16Z,1789215556,001434338,1434.3,48163,48.0
2026-09-12T12:19:26Z,1789215566,001433038,1433.0,48173,48.5
2026-09-12T12:19:36Z,1789215576,001431816,1431.8,48183,46.3
2026-09-12T12:19:46Z,1789215586,001431358,1431.4,48193,47.4
2026-09-12T12:19:56Z,1789215596,001429849,1429.8,48203,48.0
2026-09-12T12:20:06Z,1789215606,001432640,1432.6,48213,49.0
2026-09-12T12:20:16Z,1789215616,001433231,1433.2,48223,48.5
2026-09-12T12:20:26Z,1789215626,001431308,1431.3,48233,47.4
2026-09-12T12:20:36Z,1789215636,001429723,1429.7,48243,46.9
2026-09-12T12:20:46Z,1789215646,001427511,1427.5,48253,48.5
2026-09-12T12:20:56Z,1789215656,001426174,1426.2,48263,48.5
2026-09-12T12:21:06Z,1789215666,001424729,1424.7,48273,48.5
2026-09-12T12:21:16Z,1789215676,001423640,1423.6,48283,47.4
2026-09-12T12:21:26Z,1789215686,001421017,1421.0,48293,47.4
2026-09-12T12:21:36Z,1789215696,001420805,1420.8,48303,49.6
2026-09-12T12:21:46Z,1789215706,001418282,1418.3,48313,49.0
2026-09-12T12:21:56Z,1789215716,001416207,1416.2,48323,50.7
2026-09-12T12:22:06Z,1789215726,001412894,1412.9,48333,48.5
2026-09-12T12:22:16Z,1789215736,001407363,1407.4,48343,48.5
2026-09-12T12:22:26Z,1789215746,001405371,1405.4,48353,48.5
2026-09-12T12:22:36Z,1789215756,001402864,1402.9,48363,48.5
2026-09-12T12:22:46Z,1789215766,001401341,1401.3,48373,46.9
2026-09-12T12:22:56Z,1789215776,001398895,1398.9,48383,48.5
2026-09-12T12:23:06Z,1789215786,001397601,1397.6,48393,48.0
2026-09-12T12:23:16Z,1789215796,001395383,1395.4,48403,49.0
2026-09-12T12:23:26Z,1789215806,001394317,1394.3,48413,48.0
2026-09-12T12:23:36Z,1789215816,001391771,1391.8,48423,48.0
2026-09-12T12:23:46Z,1789215826,001389730,1389.7,48433,49.6
2026-09-12T12:23:56Z,1789215836,001387504,1387.5,48443,48.5
2026-09-12T12:24:06Z,1789215846,001386837,1386.8,48453,48.5
2026-09-12T12:24:16Z,1789215856,001384192,1384.2,48463,48.5
2026-09-12T12:24:26Z,1789215866,001382530,1382.5,48473,47.4
2026-09-12T12:24:37Z,1789215876,001380297,1380.3,48483,48.0
2026-09-12T12:24:47Z,1789215887,001378368,1378.4,48494,48.0
2026-09-12T12:24:57Z,1789215897,001376455,1376.5,48504,46.9
2026-09-12T12:25:07Z,1789215907,001374544,1374.5,48514,49.0
2026-09-12T12:25:17Z,1789215917,001372672,1372.7,48524,49.0
2026-09-12T12:25:27Z,1789215927,001370950,1371.0,48534,48.0
2026-09-12T12:25:37Z,1789215937,001369046,1369.0,48544,48.5
2026-09-12T12:25:47Z,1789215947,001367254,1367.3,48554,48.5
2026-09-12T12:25:57Z,1789215957,001365539,1365.5,48564,48.0
2026-09-12T12:26:07Z,1789215967,001363696,1363.7,48574,48.5
2026-09-12T12:26:17Z,1789215977,001361449,1361.4,48584,48.0
2026-09-12T12:26:27Z,1789215987,001360036,1360.0,48594,48.0
2026-09-12T12:26:37Z,1789215997,001358162,1358.2,48604,48.5
2026-09-12T12:26:47Z,1789216007,001356531,1356.5,48614,48.5
2026-09-12T12:26:57Z,1789216017,001354698,1354.7,48624,46.9
2026-09-12T12:27:07Z,1789216027,001353015,1353.0,48634,48.0
2026-09-12T12:27:17Z,1789216037,001350667,1350.7,48644,48.5
2026-09-12T12:27:27Z,1789216047,001349505,1349.5,48654,49.0
2026-09-12T12:27:37Z,1789216057,001347698,1347.7,48664,48.5
2026-09-12T12:27:47Z,1789216067,001345985,1346.0,48674,47.4
2026-09-12T12:27:57Z,1789216077,001344162,1344.2,48684,48.5
2026-09-12T12:28:07Z,1789216087,001342582,1342.6,48694,47.4
2026-09-12T12:28:17Z,1789216097,001340837,1340.8,48704,49.0
2026-09-12T12:28:27Z,1789216107,001338889,1338.9,48714,48.5
2026-09-12T12:28:37Z,1789216117,001337240,1337.2,48724,48.5
2026-09-12T12:28:47Z,1789216127,001335258,1335.3,48734,48.0
2026-09-12T12:28:57Z,1789216137,001333760,1333.8,48744,48.5
2026-09-12T12:29:07Z,1789216147,001332263,1332.3,48754,47.4
2026-09-12T12:29:17Z,1789216157,001329750,1329.8,48764,48.5
2026-09-12T12:29:27Z,1789216167,001328292,1328.3,48774,46.9
2026-09-12T12:29:37Z,1789216177,001326948,1326.9,48784,48.5
2026-09-12T12:29:47Z,1789216187,001325308,1325.3,48794,46.9
2026-09-12T12:29:57Z,1789216197,001323577,1323.6,48804,47.4
2026-09-12T12:30:07Z,1789216207,001329440,1329.4,48814,49.0
2026-09-12T12:30:17Z,1789216217,001325341,1325.3,48824,48.0
2026-09-12T12:30:27Z,1789216227,001323706,1323.7,48834,47.4
2026-09-12T12:30:37Z,1789216237,001321832,1321.8,48844,47.4
2026-09-12T12:30:47Z,1789216247,001320496,1320.5,48854,49.0
2026-09-12T12:30:57Z,1789216257,001317569,1317.6,48864,48.5
2026-09-12T12:31:07Z,1789216267,001316032,1316.0,48874,49.0
2026-09-12T12:31:17Z,1789216277,001314514,1314.5,48884,47.4
2026-09-12T12:31:27Z,1789216287,001312350,1312.3,48894,49.6
2026-09-12T12:31:37Z,1789216297,001310871,1310.9,48904,47.4
2026-09-12T12:31:47Z,1789216307,001308413,1308.4,48914,47.4
2026-09-12T12:31:57Z,1789216317,001306714,1306.7,48924,48.5
2026-09-12T12:32:07Z,1789216327,001304035,1304.0,48934,48.0
2026-09-12T12:32:17Z,1789216337,001297580,1297.6,48944,48.0
2026-09-12T12:32:27Z,1789216347,001295791,1295.8,48954,46.9
2026-09-12T12:32:37Z,1789216357,001294023,1294.0,48964,46.3
2026-09-12T12:32:47Z,1789216367,001293051,1293.1,48974,45.8
2026-09-12T12:32:57Z,1789216377,001291914,1291.9,48984,46.3
2026-09-12T12:33:07Z,1789216387,001290760,1290.8,48994,46.9
2026-09-12T12:33:17Z,1789216397,001289957,1290.0,49004,46.3
2026-09-12T12:33:27Z,1789216407,001289786,1289.8,49014,45.2
2026-09-12T12:33:37Z,1789216417,001289467,1289.5,49024,46.9
2026-09-12T12:33:47Z,1789216427,001289019,1289.0,49034,46.9
2026-09-12T12:33:57Z,1789216437,001288109,1288.1,49044,45.8
2026-09-12T12:34:07Z,1789216447,001288534,1288.5,49054,46.3
2026-09-12T12:34:17Z,1789216457,001288089,1288.1,49064,46.9
2026-09-12T12:34:27Z,1789216467,001287423,1287.4,49074,46.9
2026-09-12T12:34:37Z,1789216477,001287386,1287.4,49084,46.9
2026-09-12T12:34:47Z,1789216487,001287036,1287.0,49094,46.9
2026-09-12T12:34:57Z,1789216497,001286520,1286.5,49104,46.9
2026-09-12T12:35:07Z,1789216507,001286152,1286.2,49114,47.4
2026-09-12T12:35:17Z,1789216517,001285064,1285.1,49124,46.9
2026-09-12T12:35:27Z,1789216527,001285216,1285.2,49134,46.9
2026-09-12T12:35:37Z,1789216537,001284628,1284.6,49144,48.0
2026-09-12T12:35:47Z,1789216547,001283931,1283.9,49154,48.0
2026-09-12T12:35:57Z,1789216557,001283585,1283.6,49164,46.9
2026-09-12T12:36:07Z,1789216567,001282722,1282.7,49174,47.4
2026-09-12T12:36:17Z,1789216577,001281581,1281.6,49184,46.9
2026-09-12T12:36:27Z,1789216587,001281293,1281.3,49194,47.4
2026-09-12T12:36:37Z,1789216597,001280395,1280.4,49204,47.4
2026-09-12T12:36:47Z,1789216607,001279663,1279.7,49214,46.9
2026-09-12T12:36:57Z,1789216617,001278840,1278.8,49224,48.0
2026-09-12T12:37:07Z,1789216627,001278054,1278.1,49234,48.0
2026-09-12T12:37:17Z,1789216637,001277251,1277.3,49244,48.0
2026-09-12T12:37:27Z,1789216647,001276336,1276.3,49254,47.4
2026-09-12T12:37:37Z,1789216657,001275126,1275.1,49264,46.9
2026-09-12T12:37:47Z,1789216667,001274528,1274.5,49274,47.4
2026-09-12T12:37:57Z,1789216677,001273004,1273.0,49284,47.4
2026-09-12T12:38:07Z,1789216687,001272573,1272.6,49294,47.4
2026-09-12T12:38:17Z,1789216697,001271791,1271.8,49304,48.0
2026-09-12T12:38:27Z,1789216707,001270640,1270.6,49314,46.3
2026-09-12T12:38:37Z,1789216717,001269784,1269.8,49324,48.0
2026-09-12T12:38:47Z,1789216727,001268652,1268.7,49334,48.0
2026-09-12T12:38:57Z,1789216737,001267612,1267.6,49344,47.4
2026-09-12T12:39:07Z,1789216747,001266629,1266.6,49354,47.4
2026-09-12T12:39:17Z,1789216757,001265998,1266.0,49364,49.0
2026-09-12T12:39:27Z,1789216767,001264589,1264.6,49374,46.9
2026-09-12T12:39:37Z,1789216777,001263588,1263.6,49384,48.0
2026-09-12T12:39:47Z,1789216787,001262421,1262.4,49394,47.4
2026-09-12T12:39:57Z,1789216797,001261699,1261.7,49404,48.5
2026-09-12T12:40:07Z,1789216807,001269885,1269.9,49414,47.4
2026-09-12T12:40:17Z,1789216817,001263923,1263.9,49424,48.5
2026-09-12T12:40:27Z,1789216827,001262961,1263.0,49434,49.0
2026-09-12T12:40:37Z,1789216837,001261667,1261.7,49444,46.9
2026-09-12T12:40:47Z,1789216847,001260965,1261.0,49454,48.5
2026-09-12T12:40:57Z,1789216857,001258930,1258.9,49464,49.0
2026-09-12T12:41:07Z,1789216867,001257989,1258.0,49474,47.4
2026-09-12T12:41:17Z,1789216877,001255140,1255.1,49484,48.0
2026-09-12T12:41:27Z,1789216887,001253792,1253.8,49494,48.0
2026-09-12T12:41:38Z,1789216897,001253203,1253.2,49504,47.4
2026-09-12T12:41:48Z,1789216908,001251280,1251.3,49515,47.4
2026-09-12T12:41:58Z,1789216918,001250359,1250.4,49525,46.9
2026-09-12T12:42:08Z,1789216928,001247364,1247.4,49535,46.9
2026-09-12T12:42:18Z,1789216938,001244072,1244.1,49545,45.2
2026-09-12T12:42:28Z,1789216948,001242133,1242.1,49555,45.2
2026-09-12T12:42:38Z,1789216958,001241972,1242.0,49565,46.3
2026-09-12T12:42:48Z,1789216968,001241089,1241.1,49575,46.9
2026-09-12T12:42:58Z,1789216978,001240688,1240.7,49585,46.9
2026-09-12T12:43:08Z,1789216988,001239991,1240.0,49595,47.4
2026-09-12T12:43:18Z,1789216998,001242368,1242.4,49605,45.8
2026-09-12T12:43:28Z,1789217008,001239005,1239.0,49615,45.8
2026-09-12T12:43:38Z,1789217018,001243508,1243.5,49625,47.4
2026-09-12T12:43:48Z,1789217028,001252770,1252.8,49635,46.9
2026-09-12T12:43:58Z,1789217038,001262836,1262.8,49645,47.4
2026-09-12T12:44:08Z,1789217048,001271913,1271.9,49655,46.9
2026-09-12T12:44:18Z,1789217058,001280967,1281.0,49665,47.4
2026-09-12T12:44:28Z,1789217068,001289649,1289.6,49675,47.4
2026-09-12T12:44:38Z,1789217078,001298668,1298.7,49685,47.4
2026-09-12T12:44:48Z,1789217088,001306969,1307.0,49695,46.9
2026-09-12T12:44:58Z,1789217098,001315427,1315.4,49705,47.4
2026-09-12T12:45:08Z,1789217108,001323600,1323.6,49715,47.4
2026-09-12T12:45:18Z,1789217118,001331807,1331.8,49725,48.0
2026-09-12T12:45:28Z,1789217128,001339364,1339.4,49735,46.9
2026-09-12T12:45:38Z,1789217138,001346868,1346.9,49745,46.3
2026-09-12T12:45:48Z,1789217148,001354524,1354.5,49755,48.0
2026-09-12T12:45:58Z,1789217158,001361892,1361.9,49765,46.9
2026-09-12T12:46:08Z,1789217168,001368845,1368.8,49775,48.0
2026-09-12T12:46:18Z,1789217178,001375421,1375.4,49785,48.0
2026-09-12T12:46:28Z,1789217188,001382605,1382.6,49795,48.0
2026-09-12T12:46:38Z,1789217198,001391993,1392.0,49805,48.0
2026-09-12T12:46:48Z,1789217208,001395698,1395.7,49815,49.6
2026-09-12T12:46:58Z,1789217218,001402129,1402.1,49825,48.5
2026-09-12T12:47:08Z,1789217228,001408252,1408.3,49835,48.0
2026-09-12T12:47:18Z,1789217238,001414589,1414.6,49845,48.0
2026-09-12T12:47:28Z,1789217248,001420178,1420.2,49855,48.0
2026-09-12T12:47:38Z,1789217258,001426596,1426.6,49865,48.0
2026-09-12T12:47:48Z,1789217268,001432049,1432.0,49875,46.3
2026-09-12T12:47:58Z,1789217278,001437742,1437.7,49885,48.0
2026-09-12T12:48:08Z,1789217288,001442864,1442.9,49895,48.5
2026-09-12T12:48:18Z,1789217298,001448416,1448.4,49905,46.9
2026-09-12T12:48:28Z,1789217308,001453881,1453.9,49915,47.4
2026-09-12T12:48:38Z,1789217318,001461409,1461.4,49925,48.0
2026-09-12T12:48:48Z,1789217328,001463559,1463.6,49935,47.4
2026-09-12T12:48:58Z,1789217338,001469111,1469.1,49945,48.5
2026-09-12T12:49:08Z,1789217348,001473713,1473.7,49955,48.0
2026-09-12T12:49:18Z,1789217358,001477850,1477.8,49965,48.5
2026-09-12T12:49:28Z,1789217368,001483042,1483.0,49975,47.4
2026-09-12T12:49:38Z,1789217378,001487680,1487.7,49985,48.5
2026-09-12T12:49:48Z,1789217388,001491913,1491.9,49995,48.0
2026-09-12T12:49:58Z,1789217398,001496002,1496.0,50005,48.5
2026-09-12T12:50:08Z,1789217408,001503005,1503.0,50015,48.5
2026-09-12T12:50:18Z,1789217418,001509535,1509.5,50025,48.0
2026-09-12T12:50:28Z,1789217428,001512630,1512.6,50035,48.5
2026-09-12T12:50:38Z,1789217438,001517310,1517.3,50045,47.4
2026-09-12T12:50:48Z,1789217448,001520041,1520.0,50055,48.5
2026-09-12T12:50:58Z,1789217458,001523785,1523.8,50065,48.5
2026-09-12T12:51:08Z,1789217468,001527471,1527.5,50075,49.0
2026-09-12T12:51:18Z,1789217478,001530990,1531.0,50085,48.0
2026-09-12T12:51:28Z,1789217488,001533713,1533.7,50095,49.0
2026-09-12T12:51:38Z,1789217498,001536048,1536.0,50105,49.6
2026-09-12T12:51:48Z,1789217508,001539313,1539.3,50115,49.0
2026-09-12T12:51:58Z,1789217518,001542730,1542.7,50125,47.4
2026-09-12T12:52:08Z,1789217528,001543597,1543.6,50135,48.0
2026-09-12T12:52:18Z,1789217538,001543879,1543.9,50145,47.4
2026-09-12T12:52:28Z,1789217548,001546429,1546.4,50155,45.8
2026-09-12T12:52:38Z,1789217558,001550081,1550.1,50165,46.3
2026-09-12T12:52:48Z,1789217568,001553004,1553.0,50175,46.9
2026-09-12T12:52:58Z,1789217578,001556901,1556.9,50185,46.3
2026-09-12T12:53:08Z,1789217588,001559849,1559.8,50195,46.3
2026-09-12T12:53:18Z,1789217598,001564775,1564.8,50205,46.3
2026-09-12T12:53:28Z,1789217608,001567734,1567.7,50215,46.3
2026-09-12T12:53:38Z,1789217618,001571285,1571.3,50225,47.4
2026-09-12T12:53:48Z,1789217628,001574873,1574.9,50235,46.9
2026-09-12T12:53:58Z,1789217638,001579053,1579.1,50245,47.4
2026-09-12T12:54:08Z,1789217648,001581605,1581.6,50255,45.2
2026-09-12T12:54:18Z,1789217658,001585290,1585.3,50265,46.9
2026-09-12T12:54:28Z,1789217668,001587941,1587.9,50275,46.3
2026-09-12T12:54:38Z,1789217678,001591689,1591.7,50285,46.9
2026-09-12T12:54:48Z,1789217688,001594351,1594.4,50295,47.4
2026-09-12T12:54:58Z,1789217698,001597501,1597.5,50305,47.4
2026-09-12T12:55:08Z,1789217708,001599788,1599.8,50315,47.4
2026-09-12T12:55:18Z,1789217718,001603175,1603.2,50325,46.9
2026-09-12T12:55:28Z,1789217728,001605499,1605.5,50335,47.4
2026-09-12T12:55:38Z,1789217738,001608555,1608.6,50345,46.3
2026-09-12T12:55:48Z,1789217748,001611104,1611.1,50355,47.4
2026-09-12T12:55:58Z,1789217758,001614072,1614.1,50365,46.3
2026-09-12T12:56:08Z,1789217768,001616294,1616.3,50375,48.5
2026-09-12T12:56:18Z,1789217778,001619510,1619.5,50385,46.3
2026-09-12T12:56:28Z,1789217788,001621149,1621.1,50395,46.9
2026-09-12T12:56:38Z,1789217798,001625711,1625.7,50405,46.3
2026-09-12T12:56:48Z,1789217808,001625362,1625.4,50415,47.4
2026-09-12T12:56:58Z,1789217818,001628179,1628.2,50425,46.9
2026-09-12T12:57:08Z,1789217828,001629717,1629.7,50435,48.0
2026-09-12T12:57:18Z,1789217838,001632236,1632.2,50445,48.0
2026-09-12T12:57:28Z,1789217848,001634126,1634.1,50455,47.4
2026-09-12T12:57:38Z,1789217858,001636629,1636.6,50465,48.0
2026-09-12T12:57:48Z,1789217868,001637838,1637.8,50475,47.4
2026-09-12T12:57:58Z,1789217878,001639993,1640.0,50485,47.4
2026-09-12T12:58:08Z,1789217888,001641503,1641.5,50495,48.0
2026-09-12T12:58:18Z,1789217898,001643555,1643.6,50505,46.9
2026-09-12T12:58:28Z,1789217908,001645018,1645.0,50515,46.9
2026-09-12T12:58:39Z,1789217918,001646635,1646.6,50525,47.4
2026-09-12T12:58:49Z,1789217929,001648458,1648.5,50536,47.4
2026-09-12T12:58:59Z,1789217939,001650102,1650.1,50546,49.0
2026-09-12T12:59:09Z,1789217949,001651420,1651.4,50556,48.5
2026-09-12T12:59:19Z,1789217959,001652524,1652.5,50566,46.9
2026-09-12T12:59:29Z,1789217969,001654191,1654.2,50576,46.9
2026-09-12T12:59:39Z,1789217979,001655626,1655.6,50586,48.0
2026-09-12T12:59:49Z,1789217989,001656461,1656.5,50596,47.4
2026-09-12T12:59:59Z,1789217999,001658156,1658.2,50606,48.0
2026-09-12T13:00:09Z,1789218009,001663899,1663.9,50616,49.6
2026-09-12T13:00:19Z,1789218019,001664746,1664.7,50626,49.0
2026-09-12T13:00:29Z,1789218029,001666881,1666.9,50636,49.0
2026-09-12T13:00:39Z,1789218039,001666270,1666.3,50646,47.4
2026-09-12T13:00:49Z,1789218049,001667245,1667.2,50656,49.6
2026-09-12T13:00:59Z,1789218059,001668695,1668.7,50666,48.0
2026-09-12T13:01:09Z,1789218069,001668974,1669.0,50676,47.4
2026-09-12T13:01:19Z,1789218079,001669600,1669.6,50686,48.5
2026-09-12T13:01:29Z,1789218089,001670370,1670.4,50696,47.4
2026-09-12T13:01:39Z,1789218099,001670599,1670.6,50706,48.0
2026-09-12T13:01:49Z,1789218109,001670825,1670.8,50716,47.4
2026-09-12T13:01:59Z,1789218119,001672788,1672.8,50726,48.0
2026-09-12T13:02:09Z,1789218129,001670453,1670.5,50736,48.0
2026-09-12T13:02:19Z,1789218139,001668152,1668.2,50746,46.9
2026-09-12T13:02:29Z,1789218149,001669294,1669.3,50756,46.9
2026-09-12T13:02:39Z,1789218159,001670472,1670.5,50766,46.3
2026-09-12T13:02:49Z,1789218169,001671427,1671.4,50776,46.9
2026-09-12T13:02:59Z,1789218179,001672955,1673.0,50786,45.8
2026-09-12T13:03:09Z,1789218189,001674761,1674.8,50796,44.6
2026-09-12T13:03:19Z,1789218199,001677085,1677.1,50806,46.3
2026-09-12T13:03:29Z,1789218209,001678743,1678.7,50816,47.4
2026-09-12T13:03:39Z,1789218219,001680700,1680.7,50826,46.3
2026-09-12T13:03:49Z,1789218229,001681858,1681.9,50836,46.3
2026-09-12T13:03:59Z,1789218239,001683928,1683.9,50846,46.3
2026-09-12T13:04:09Z,1789218249,001685536,1685.5,50856,45.8
2026-09-12T13:04:19Z,1789218259,001687758,1687.8,50866,47.4
2026-09-12T13:04:29Z,1789218269,001689352,1689.4,50876,46.9
2026-09-12T13:04:39Z,1789218279,001690598,1690.6,50886,47.4
2026-09-12T13:04:49Z,1789218289,001692067,1692.1,50896,47.4
2026-09-12T13:04:59Z,1789218299,001694060,1694.1,50906,45.8
2026-09-12T13:05:09Z,1789218309,001694871,1694.9,50916,46.9
2026-09-12T13:05:19Z,1789218319,001696612,1696.6,50926,47.4
2026-09-12T13:05:29Z,1789218329,001697801,1697.8,50936,46.3
2026-09-12T13:05:39Z,1789218339,001699218,1699.2,50946,46.3
2026-09-12T13:05:49Z,1789218349,001700732,1700.7,50956,47.4
2026-09-12T13:05:59Z,1789218359,001701862,1701.9,50966,47.4
2026-09-12T13:06:09Z,1789218369,001702386,1702.4,50976,47.4
2026-09-12T13:06:19Z,1789218379,001703712,1703.7,50986,48.0
2026-09-12T13:06:29Z,1789218389,001705044,1705.0,50996,46.9
2026-09-12T13:06:39Z,1789218399,001705900,1705.9,51006,46.9
2026-09-12T13:06:49Z,1789218409,001706893,1706.9,51016,48.0
2026-09-12T13:06:59Z,1789218419,001707337,1707.3,51026,48.0
2026-09-12T13:07:09Z,1789218429,001708175,1708.2,51036,48.0
2026-09-12T13:07:19Z,1789218439,001709263,1709.3,51046,47.4
2026-09-12T13:07:29Z,1789218449,001710153,1710.2,51056,46.3
2026-09-12T13:07:39Z,1789218459,001710847,1710.8,51066,46.9
2026-09-12T13:07:49Z,1789218469,001710772,1710.8,51076,46.9
2026-09-12T13:07:59Z,1789218479,001711667,1711.7,51086,48.0
2026-09-12T13:08:09Z,1789218489,001712626,1712.6,51096,47.4
2026-09-12T13:08:19Z,1789218499,001713241,1713.2,51106,48.0
2026-09-12T13:08:29Z,1789218509,001713717,1713.7,51116,46.9
2026-09-12T13:08:39Z,1789218519,001714275,1714.3,51126,47.4
2026-09-12T13:08:49Z,1789218529,001714693,1714.7,51136,47.4
2026-09-12T13:08:59Z,1789218539,001714863,1714.9,51146,48.0
2026-09-12T13:09:09Z,1789218549,001715596,1715.6,51156,48.0
2026-09-12T13:09:19Z,1789218559,001715968,1716.0,51166,48.0
2026-09-12T13:09:29Z,1789218569,001716370,1716.4,51176,47.4
2026-09-12T13:09:39Z,1789218579,001716336,1716.3,51186,48.0
2026-09-12T13:09:49Z,1789218589,001716756,1716.8,51196,48.5
2026-09-12T13:09:59Z,1789218599,001717539,1717.5,51206,48.5
2026-09-12T13:10:09Z,1789218609,001722054,1722.1,51216,47.4
2026-09-12T13:10:19Z,1789218619,001722672,1722.7,51226,48.0
2026-09-12T13:10:29Z,1789218629,001723319,1723.3,51236,48.5
2026-09-12T13:10:39Z,1789218639,001722810,1722.8,51246,49.6
2026-09-12T13:10:49Z,1789218649,001723497,1723.5,51256,49.0
2026-09-12T13:10:59Z,1789218659,001722492,1722.5,51266,48.0
2026-09-12T13:11:09Z,1789218669,001721776,1721.8,51276,49.6
2026-09-12T13:11:19Z,1789218679,001723219,1723.2,51286,49.0
2026-09-12T13:11:29Z,1789218689,001722247,1722.2,51296,48.5
2026-09-12T13:11:39Z,1789218699,001721232,1721.2,51306,49.0
2026-09-12T13:11:49Z,1789218709,001722562,1722.6,51316,48.0
2026-09-12T13:11:59Z,1789218719,001721792,1721.8,51326,49.0
2026-09-12T13:12:09Z,1789218729,001718998,1719.0,51336,48.5
2026-09-12T13:12:19Z,1789218739,001715290,1715.3,51346,47.4
2026-09-12T13:12:29Z,1789218749,001715075,1715.1,51356,48.5
2026-09-12T13:12:39Z,1789218759,001714354,1714.4,51366,47.4
2026-09-12T13:12:49Z,1789218769,001714201,1714.2,51376,48.5
2026-09-12T13:12:59Z,1789218779,001713765,1713.8,51386,48.0
2026-09-12T13:13:09Z,1789218789,001712767,1712.8,51396,47.4
2026-09-12T13:13:19Z,1789218799,001712931,1712.9,51406,48.5
2026-09-12T13:13:29Z,1789218809,001712570,1712.6,51416,48.5
2026-09-12T13:13:39Z,1789218819,001711982,1712.0,51426,48.5
2026-09-12T13:13:49Z,1789218829,001711609,1711.6,51436,48.0
2026-09-12T13:13:59Z,1789218839,001711140,1711.1,51446,47.4
2026-09-12T13:14:09Z,1789218849,001710221,1710.2,51456,48.5
2026-09-12T13:14:19Z,1789218859,001710223,1710.2,51466,48.0
2026-09-12T13:14:29Z,1789218869,001709090,1709.1,51476,48.0
2026-09-12T13:14:39Z,1789218879,001709212,1709.2,51486,50.1
2026-09-12T13:14:49Z,1789218889,001707977,1708.0,51496,49.0
2026-09-12T13:14:59Z,1789218899,001708163,1708.2,51506,47.4
2026-09-12T13:15:09Z,1789218909,001707067,1707.1,51516,49.6
2026-09-12T13:15:19Z,1789218919,001706799,1706.8,51526,47.4
2026-09-12T13:15:29Z,1789218929,001706565,1706.6,51536,48.5
2026-09-12T13:15:39Z,1789218939,001706104,1706.1,51546,48.0
2026-09-12T13:15:50Z,1789218949,001705397,1705.4,51556,48.5
2026-09-12T13:16:00Z,1789218960,001704547,1704.5,51567,47.4
2026-09-12T13:16:10Z,1789218970,001704535,1704.5,51577,48.5
2026-09-12T13:16:20Z,1789218980,001704021,1704.0,51587,49.0
2026-09-12T13:16:30Z,1789218990,001703483,1703.5,51597,48.0
2026-09-12T13:16:40Z,1789219000,001706942,1706.9,51607,48.0
2026-09-12T13:16:50Z,1789219010,001702397,1702.4,51617,48.5
2026-09-12T13:17:00Z,1789219020,001701829,1701.8,51627,48.0
2026-09-12T13:17:10Z,1789219030,001701425,1701.4,51637,48.5
2026-09-12T13:17:20Z,1789219040,001700999,1701.0,51647,47.4
2026-09-12T13:17:30Z,1789219050,001700605,1700.6,51657,47.4
2026-09-12T13:17:40Z,1789219060,001699765,1699.8,51667,48.5
2026-09-12T13:17:50Z,1789219070,001698621,1698.6,51677,48.5
2026-09-12T13:18:00Z,1789219080,001697820,1697.8,51687,46.9
2026-09-12T13:18:10Z,1789219090,001696952,1697.0,51697,48.5
2026-09-12T13:18:20Z,1789219100,001695865,1695.9,51707,48.5
2026-09-12T13:18:30Z,1789219110,001694971,1695.0,51717,49.0
2026-09-12T13:18:40Z,1789219120,001699748,1699.7,51727,49.0
2026-09-12T13:18:50Z,1789219130,001693716,1693.7,51737,46.9
2026-09-12T13:19:00Z,1789219140,001691764,1691.8,51747,47.4
2026-09-12T13:19:10Z,1789219150,001691724,1691.7,51757,48.5
2026-09-12T13:19:20Z,1789219160,001690301,1690.3,51767,48.0
2026-09-12T13:19:30Z,1789219170,001689549,1689.5,51777,48.5
2026-09-12T13:19:40Z,1789219180,001688153,1688.2,51787,48.0
2026-09-12T13:19:50Z,1789219190,001687837,1687.8,51797,48.5
2026-09-12T13:20:00Z,1789219200,001686840,1686.8,51807,48.0
2026-09-12T13:20:10Z,1789219210,001690719,1690.7,51817,47.4
2026-09-12T13:20:20Z,1789219220,001688991,1689.0,51827,47.4
2026-09-12T13:20:30Z,1789219230,001688619,1688.6,51837,49.0
2026-09-12T13:20:40Z,1789219240,001688437,1688.4,51847,48.0
2026-09-12T13:20:50Z,1789219250,001686685,1686.7,51857,48.5
2026-09-12T13:21:00Z,1789219260,001686159,1686.2,51867,48.0
2026-09-12T13:21:10Z,1789219270,001685249,1685.2,51877,48.0
2026-09-12T13:21:20Z,1789219280,001684991,1685.0,51887,46.9
2026-09-12T13:21:30Z,1789219290,001683811,1683.8,51897,46.9
2026-09-12T13:21:40Z,1789219300,001683635,1683.6,51907,47.4
2026-09-12T13:21:50Z,1789219310,001683926,1683.9,51917,47.4
2026-09-12T13:22:00Z,1789219320,001682738,1682.7,51927,46.3
2026-09-12T13:22:10Z,1789219330,001683722,1683.7,51937,45.2
2026-09-12T13:22:20Z,1789219340,001678023,1678.0,51947,46.3
2026-09-12T13:22:30Z,1789219350,001678495,1678.5,51957,46.3
2026-09-12T13:22:40Z,1789219360,001679526,1679.5,51967,45.2
2026-09-12T13:22:50Z,1789219370,001680413,1680.4,51977,46.3
2026-09-12T13:23:00Z,1789219380,001680932,1680.9,51987,46.9
2026-09-12T13:23:10Z,1789219390,001682139,1682.1,51997,46.9
2026-09-12T13:23:20Z,1789219400,001682739,1682.7,52007,46.3
2026-09-12T13:23:30Z,1789219410,001683545,1683.5,52017,46.3
2026-09-12T13:23:40Z,1789219420,001684836,1684.8,52027,46.9
2026-09-12T13:23:50Z,1789219430,001684945,1684.9,52037,46.9
2026-09-12T13:24:00Z,1789219440,001685224,1685.2,52047,48.0
2026-09-12T13:24:10Z,1789219450,001685894,1685.9,52057,46.9
2026-09-12T13:24:20Z,1789219460,001686197,1686.2,52067,46.9
2026-09-12T13:24:30Z,1789219470,001686947,1686.9,52077,46.3
2026-09-12T13:24:40Z,1789219480,001686756,1686.8,52087,46.9
2026-09-12T13:24:50Z,1789219490,001687808,1687.8,52097,48.5
2026-09-12T13:25:00Z,1789219500,001688029,1688.0,52107,47.4
2026-09-12T13:25:10Z,1789219510,001688531,1688.5,52117,46.9
2026-09-12T13:25:20Z,1789219520,001688738,1688.7,52127,47.4
2026-09-12T13:25:30Z,1789219530,001689207,1689.2,52137,46.9
2026-09-12T13:25:40Z,1789219540,001689124,1689.1,52147,45.8
2026-09-12T13:25:50Z,1789219550,001689579,1689.6,52157,46.3
2026-09-12T13:26:00Z,1789219560,001689815,1689.8,52167,48.5
2026-09-12T13:26:10Z,1789219570,001690220,1690.2,52177,46.9
2026-09-12T13:26:20Z,1789219580,001690183,1690.2,52187,48.0
2026-09-12T13:26:30Z,1789219590,001690518,1690.5,52197,48.0
2026-09-12T13:26:40Z,1789219600,001690819,1690.8,52207,47.4
2026-09-12T13:26:50Z,1789219610,001690899,1690.9,52217,48.0
2026-09-12T13:27:00Z,1789219620,001690741,1690.7,52227,47.4
2026-09-12T13:27:10Z,1789219630,001690899,1690.9,52237,48.5
2026-09-12T13:27:20Z,1789219640,001691115,1691.1,52247,48.0
2026-09-12T13:27:30Z,1789219650,001691019,1691.0,52257,48.5
2026-09-12T13:27:40Z,1789219660,001691294,1691.3,52267,46.3
2026-09-12T13:27:50Z,1789219670,001691461,1691.5,52277,46.9
2026-09-12T13:28:00Z,1789219680,001691369,1691.4,52287,48.0
2026-09-12T13:28:10Z,1789219690,001691539,1691.5,52297,48.5
2026-09-12T13:28:20Z,1789219700,001691637,1691.6,52307,48.0
2026-09-12T13:28:30Z,1789219710,001691626,1691.6,52317,46.9
2026-09-12T13:28:40Z,1789219720,001693208,1693.2,52327,47.4
2026-09-12T13:28:50Z,1789219730,001691903,1691.9,52337,48.0
2026-09-12T13:29:00Z,1789219740,001691268,1691.3,52347,48.0
2026-09-12T13:29:10Z,1789219750,001693041,1693.0,52357,48.5
2026-09-12T13:29:20Z,1789219760,001691722,1691.7,52367,46.9
2026-09-12T13:29:30Z,1789219770,001691387,1691.4,52377,48.5
2026-09-12T13:29:40Z,1789219780,001691201,1691.2,52387,46.9
2026-09-12T13:29:50Z,1789219790,001691666,1691.7,52397,49.0
2026-09-12T13:30:00Z,1789219800,001691484,1691.5,52407,48.0
2026-09-12T13:30:10Z,1789219810,001696506,1696.5,52417,47.4
2026-09-12T13:30:20Z,1789219820,001695289,1695.3,52427,48.5
2026-09-12T13:30:30Z,1789219830,001695852,1695.9,52437,48.0
2026-09-12T13:30:40Z,1789219840,001696323,1696.3,52447,48.5
2026-09-12T13:30:50Z,1789219850,001695592,1695.6,52457,49.6
2026-09-12T13:31:00Z,1789219860,001695418,1695.4,52467,48.0
2026-09-12T13:31:10Z,1789219870,001694319,1694.3,52477,49.0
2026-09-12T13:31:20Z,1789219880,001693777,1693.8,52487,48.0
2026-09-12T13:31:30Z,1789219890,001693384,1693.4,52497,49.6
2026-09-12T13:31:40Z,1789219900,001692141,1692.1,52507,49.0
2026-09-12T13:31:50Z,1789219910,001691491,1691.5,52517,49.0
2026-09-12T13:32:00Z,1789219920,001692231,1692.2,52527,48.5
2026-09-12T13:32:10Z,1789219930,001690714,1690.7,52537,48.5
2026-09-12T13:32:20Z,1789219940,001684956,1685.0,52547,48.5
2026-09-12T13:32:30Z,1789219950,001684219,1684.2,52557,47.4
2026-09-12T13:32:40Z,1789219960,001684630,1684.6,52567,48.5
2026-09-12T13:32:50Z,1789219970,001682710,1682.7,52577,47.4
2026-09-12T13:33:00Z,1789219980,001681772,1681.8,52587,48.5
2026-09-12T13:33:11Z,1789219991,001681980,1682.0,52598,48.5
2026-09-12T13:33:21Z,1789220001,001680265,1680.3,52608,47.4
2026-09-12T13:33:31Z,1789220011,001680590,1680.6,52618,47.4
2026-09-12T13:33:41Z,1789220021,001678711,1678.7,52628,47.4
2026-09-12T13:33:51Z,1789220031,001678778,1678.8,52638,49.0
2026-09-12T13:34:01Z,1789220041,001677957,1678.0,52648,49.0
2026-09-12T13:34:11Z,1789220051,001677340,1677.3,52658,48.0
2026-09-12T13:34:21Z,1789220061,001676594,1676.6,52668,47.4
2026-09-12T13:34:31Z,1789220071,001676295,1676.3,52678,48.5
2026-09-12T13:34:41Z,1789220081,001675329,1675.3,52688,47.4
2026-09-12T13:34:51Z,1789220091,001674623,1674.6,52698,48.0
2026-09-12T13:35:01Z,1789220101,001673937,1673.9,52708,48.0
2026-09-12T13:35:11Z,1789220111,001672899,1672.9,52718,48.0
2026-09-12T13:35:21Z,1789220121,001672604,1672.6,52728,48.5
2026-09-12T13:35:31Z,1789220131,001672715,1672.7,52738,48.0
2026-09-12T13:35:41Z,1789220141,001670977,1671.0,52748,48.5
2026-09-12T13:35:51Z,1789220151,001670979,1671.0,52758,47.4
2026-09-12T13:36:01Z,1789220161,001670020,1670.0,52768,49.0
2026-09-12T13:36:11Z,1789220171,001669449,1669.4,52778,47.4
2026-09-12T13:36:21Z,1789220181,001668639,1668.6,52788,46.9
2026-09-12T13:36:31Z,1789220191,001672848,1672.8,52798,48.0
2026-09-12T13:36:41Z,1789220201,001667539,1667.5,52808,48.5
2026-09-12T13:36:51Z,1789220211,001666787,1666.8,52818,48.0
2026-09-12T13:37:01Z,1789220221,001666054,1666.1,52828,48.0
2026-09-12T13:37:11Z,1789220231,001664802,1664.8,52838,48.5
2026-09-12T13:37:21Z,1789220241,001664496,1664.5,52848,49.0
2026-09-12T13:37:31Z,1789220251,001665209,1665.2,52858,48.5
2026-09-12T13:37:41Z,1789220261,001662848,1662.8,52868,49.0
2026-09-12T13:37:51Z,1789220271,001662729,1662.7,52878,48.0
2026-09-12T13:38:01Z,1789220281,001662240,1662.2,52888,47.4
2026-09-12T13:38:11Z,1789220291,001661270,1661.3,52898,48.5
2026-09-12T13:38:21Z,1789220301,001660930,1660.9,52908,48.0
2026-09-12T13:38:31Z,1789220311,001661721,1661.7,52918,47.4
2026-09-12T13:38:41Z,1789220321,001659530,1659.5,52928,48.5
2026-09-12T13:38:51Z,1789220331,001658655,1658.7,52938,48.5
2026-09-12T13:39:01Z,1789220341,001657947,1657.9,52948,46.9
2026-09-12T13:39:11Z,1789220351,001657962,1658.0,52958,47.4
2026-09-12T13:39:21Z,1789220361,001657162,1657.2,52968,48.0
2026-09-12T13:39:31Z,1789220371,001656381,1656.4,52978,48.5
2026-09-12T13:39:41Z,1789220381,001655934,1655.9,52988,46.9
2026-09-12T13:39:51Z,1789220391,001655062,1655.1,52998,49.0
2026-09-12T13:40:01Z,1789220401,001660116,1660.1,53008,49.0
2026-09-12T13:40:11Z,1789220411,001659430,1659.4,53018,49.0
2026-09-12T13:40:21Z,1789220421,001657707,1657.7,53028,49.0
2026-09-12T13:40:31Z,1789220431,001657096,1657.1,53038,48.0
2026-09-12T13:40:41Z,1789220441,001656652,1656.7,53048,48.0
2026-09-12T13:40:51Z,1789220451,001656264,1656.3,53058,48.5
2026-09-12T13:41:01Z,1789220461,001655765,1655.8,53068,47.4
2026-09-12T13:41:11Z,1789220471,001655563,1655.6,53078,47.4
2026-09-12T13:41:21Z,1789220481,001653491,1653.5,53088,49.0
2026-09-12T13:41:31Z,1789220491,001652660,1652.7,53098,46.9
2026-09-12T13:41:41Z,1789220501,001653329,1653.3,53108,47.4
2026-09-12T13:41:51Z,1789220511,001652054,1652.1,53118,47.4
2026-09-12T13:42:01Z,1789220521,001651965,1652.0,53128,46.3
2026-09-12T13:42:11Z,1789220531,001651135,1651.1,53138,47.4
2026-09-12T13:42:21Z,1789220541,001647009,1647.0,53148,45.8
2026-09-12T13:42:31Z,1789220551,001648329,1648.3,53158,46.9
2026-09-12T13:42:41Z,1789220561,001647741,1647.7,53168,45.2
2026-09-12T13:42:51Z,1789220571,001648375,1648.4,53178,46.3
2026-09-12T13:43:01Z,1789220581,001648584,1648.6,53188,47.4
2026-09-12T13:43:11Z,1789220591,001649535,1649.5,53198,47.4
2026-09-12T13:43:21Z,1789220601,001649781,1649.8,53208,45.8
2026-09-12T13:43:31Z,1789220611,001651843,1651.8,53218,46.3
2026-09-12T13:43:41Z,1789220621,001650831,1650.8,53228,46.3
2026-09-12T13:43:51Z,1789220631,001651190,1651.2,53238,47.4
2026-09-12T13:44:01Z,1789220641,001651623,1651.6,53248,46.3
2026-09-12T13:44:11Z,1789220651,001652482,1652.5,53258,46.3
2026-09-12T13:44:21Z,1789220661,001652285,1652.3,53268,47.4
2026-09-12T13:44:31Z,1789220671,001653257,1653.3,53278,48.0
2026-09-12T13:44:41Z,1789220681,001652987,1653.0,53288,48.0
2026-09-12T13:44:51Z,1789220691,001653236,1653.2,53298,47.4
2026-09-12T13:45:01Z,1789220701,001653449,1653.4,53308,47.4
2026-09-12T13:45:11Z,1789220711,001653569,1653.6,53318,47.4
2026-09-12T13:45:21Z,1789220721,001653689,1653.7,53328,47.4
2026-09-12T13:45:31Z,1789220731,001655754,1655.8,53338,48.0
2026-09-12T13:45:41Z,1789220741,001653912,1653.9,53348,48.0
2026-09-12T13:45:51Z,1789220751,001654534,1654.5,53358,48.0
2026-09-12T13:46:01Z,1789220761,001654599,1654.6,53368,46.9
2026-09-12T13:46:11Z,1789220771,001654554,1654.6,53378,48.0
2026-09-12T13:46:21Z,1789220781,001654453,1654.5,53388,48.0
2026-09-12T13:46:31Z,1789220791,001655001,1655.0,53398,46.9
2026-09-12T13:46:41Z,1789220801,001654790,1654.8,53408,48.0
2026-09-12T13:46:51Z,1789220811,001654579,1654.6,53418,48.5
2026-09-12T13:47:01Z,1789220821,001654183,1654.2,53428,48.5
2026-09-12T13:47:11Z,1789220831,001654714,1654.7,53438,48.0
2026-09-12T13:47:21Z,1789220841,001654169,1654.2,53448,48.0
2026-09-12T13:47:31Z,1789220851,001655311,1655.3,53458,47.4
2026-09-12T13:47:41Z,1789220861,001654064,1654.1,53468,46.9
2026-09-12T13:47:51Z,1789220871,001655298,1655.3,53478,48.0
2026-09-12T13:48:01Z,1789220881,001654311,1654.3,53488,48.5
2026-09-12T13:48:11Z,1789220891,001655176,1655.2,53498,48.0
2026-09-12T13:48:21Z,1789220901,001653614,1653.6,53508,48.0
2026-09-12T13:48:31Z,1789220911,001655109,1655.1,53518,47.4
2026-09-12T13:48:41Z,1789220921,001653677,1653.7,53528,46.9
2026-09-12T13:48:51Z,1789220931,001653505,1653.5,53538,47.4
2026-09-12T13:49:01Z,1789220941,001653223,1653.2,53548,48.0
2026-09-12T13:49:11Z,1789220951,001654015,1654.0,53558,48.0
2026-09-12T13:49:21Z,1789220961,001653195,1653.2,53568,48.0
2026-09-12T13:49:31Z,1789220971,001654153,1654.2,53578,47.4
2026-09-12T13:49:41Z,1789220981,001652667,1652.7,53588,48.5
2026-09-12T13:49:51Z,1789220991,001652719,1652.7,53598,48.5
2026-09-12T13:50:01Z,1789221001,001658307,1658.3,53608,48.0
2026-09-12T13:50:11Z,1789221011,001657136,1657.1,53618,48.5
2026-09-12T13:50:22Z,1789221021,001657688,1657.7,53628,47.4
2026-09-12T13:50:32Z,1789221032,001656537,1656.5,53639,49.0
2026-09-12T13:50:42Z,1789221042,001656052,1656.1,53649,47.4
2026-09-12T13:50:52Z,1789221052,001654975,1655.0,53659,48.5
2026-09-12T13:51:02Z,1789221062,001656083,1656.1,53669,49.0
2026-09-12T13:51:12Z,1789221072,001654654,1654.7,53679,48.5
2026-09-12T13:51:22Z,1789221082,001653873,1653.9,53689,49.6
2026-09-12T13:51:32Z,1789221092,001654648,1654.6,53699,49.0
2026-09-12T13:51:42Z,1789221102,001653052,1653.1,53709,49.6
2026-09-12T13:51:52Z,1789221112,001652792,1652.8,53719,48.0
2026-09-12T13:52:02Z,1789221122,001652921,1652.9,53729,48.5
2026-09-12T13:52:12Z,1789221132,001651479,1651.5,53739,47.4
2026-09-12T13:52:22Z,1789221142,001648297,1648.3,53749,47.4
2026-09-12T13:52:32Z,1789221152,001648951,1649.0,53759,48.5
2026-09-12T13:52:42Z,1789221162,001649108,1649.1,53769,48.0
2026-09-12T13:52:52Z,1789221172,001649472,1649.5,53779,49.0
2026-09-12T13:53:02Z,1789221182,001649153,1649.2,53789,48.5
2026-09-12T13:53:12Z,1789221192,001649708,1649.7,53799,47.4
2026-09-12T13:53:22Z,1789221202,001650508,1650.5,53809,47.4
2026-09-12T13:53:32Z,1789221212,001651146,1651.1,53819,46.3
2026-09-12T13:53:42Z,1789221222,001651695,1651.7,53829,46.3
2026-09-12T13:53:52Z,1789221232,001652453,1652.5,53839,46.9
2026-09-12T13:54:02Z,1789221242,001653697,1653.7,53849,46.3
2026-09-12T13:54:12Z,1789221252,001655280,1655.3,53859,46.3
2026-09-12T13:54:22Z,1789221262,001656368,1656.4,53869,46.3
2026-09-12T13:54:32Z,1789221272,001658147,1658.1,53879,45.2
2026-09-12T13:54:42Z,1789221282,001660136,1660.1,53889,45.8
2026-09-12T13:54:52Z,1789221292,001662390,1662.4,53899,46.3
2026-09-12T13:55:02Z,1789221302,001669521,1669.5,53909,46.3
2026-09-12T13:55:12Z,1789221312,001667807,1667.8,53919,46.3
2026-09-12T13:55:22Z,1789221322,001669896,1669.9,53929,45.2
2026-09-12T13:55:32Z,1789221332,001672289,1672.3,53939,45.2
2026-09-12T13:55:42Z,1789221342,001673910,1673.9,53949,46.9
2026-09-12T13:55:52Z,1789221352,001676410,1676.4,53959,46.9
2026-09-12T13:56:02Z,1789221362,001678474,1678.5,53969,46.9
2026-09-12T13:56:12Z,1789221372,001680656,1680.7,53979,48.0
2026-09-12T13:56:22Z,1789221382,001682588,1682.6,53989,47.4
2026-09-12T13:56:32Z,1789221392,001684380,1684.4,53999,46.3
2026-09-12T13:56:42Z,1789221402,001685661,1685.7,54009,46.9
2026-09-12T13:56:52Z,1789221412,001687748,1687.7,54019,46.9
2026-09-12T13:57:02Z,1789221422,001689381,1689.4,54029,47.4
2026-09-12T13:57:12Z,1789221432,001690931,1690.9,54039,48.0
2026-09-12T13:57:22Z,1789221442,001692100,1692.1,54049,46.9
2026-09-12T13:57:32Z,1789221452,001693798,1693.8,54059,47.4
2026-09-12T13:57:42Z,1789221462,001695432,1695.4,54069,47.4
2026-09-12T13:57:52Z,1789221472,001696779,1696.8,54079,46.9
2026-09-12T13:58:02Z,1789221482,001698136,1698.1,54089,46.9
2026-09-12T13:58:12Z,1789221492,001698892,1698.9,54099,46.9
2026-09-12T13:58:22Z,1789221502,001700492,1700.5,54109,48.5
2026-09-12T13:58:32Z,1789221512,001701787,1701.8,54119,48.0
2026-09-12T13:58:42Z,1789221522,001702964,1703.0,54129,46.3
2026-09-12T13:58:52Z,1789221532,001704059,1704.1,54139,46.9
2026-09-12T13:59:02Z,1789221542,001704831,1704.8,54149,47.4
2026-09-12T13:59:12Z,1789221552,001705819,1705.8,54159,48.0
2026-09-12T13:59:22Z,1789221562,001706743,1706.7,54169,48.0
2026-09-12T13:59:32Z,1789221572,001708328,1708.3,54179,48.0
2026-09-12T13:59:42Z,1789221582,001709053,1709.1,54189,47.4
2026-09-12T13:59:52Z,1789221592,001710067,1710.1,54199,47.4
2026-09-12T14:00:02Z,1789221602,001713631,1713.6,54209,48.0
2026-09-12T14:00:12Z,1789221612,001711484,1711.5,54219,48.5
2026-09-12T14:00:22Z,1789221622,001712183,1712.2,54229,48.0
2026-09-12T14:00:32Z,1789221632,001713523,1713.5,54239,48.0
2026-09-12T14:00:42Z,1789221642,001714061,1714.1,54249,48.5
2026-09-12T14:00:52Z,1789221652,001714389,1714.4,54259,48.0
2026-09-12T14:01:02Z,1789221662,001715341,1715.3,54269,49.0
2026-09-12T14:01:12Z,1789221672,001716065,1716.1,54279,46.9
2026-09-12T14:01:22Z,1789221682,001716228,1716.2,54289,47.4
2026-09-12T14:01:32Z,1789221692,001717050,1717.0,54299,48.5
2026-09-12T14:01:42Z,1789221702,001717776,1717.8,54309,49.6
2026-09-12T14:01:52Z,1789221712,001717940,1717.9,54319,48.5
2026-09-12T14:02:02Z,1789221722,001718933,1718.9,54329,48.0
2026-09-12T14:02:12Z,1789221732,001719328,1719.3,54339,48.5
2026-09-12T14:02:22Z,1789221742,001719958,1720.0,54349,48.0
2026-09-12T14:02:32Z,1789221752,001720380,1720.4,54359,46.9
2026-09-12T14:02:42Z,1789221762,001720815,1720.8,54369,48.5
2026-09-12T14:02:52Z,1789221772,001721060,1721.1,54379,48.0
2026-09-12T14:03:02Z,1789221782,001721429,1721.4,54389,48.0
2026-09-12T14:03:12Z,1789221792,001722110,1722.1,54399,48.0
2026-09-12T14:03:22Z,1789221802,001722471,1722.5,54409,48.5
2026-09-12T14:03:32Z,1789221812,001722642,1722.6,54419,48.5
2026-09-12T14:03:42Z,1789221822,001723383,1723.4,54429,48.5
2026-09-12T14:03:52Z,1789221832,001724083,1724.1,54439,48.5
2026-09-12T14:04:02Z,1789221842,001724390,1724.4,54449,48.5
2026-09-12T14:04:12Z,1789221852,001724544,1724.5,54459,48.5
2026-09-12T14:04:22Z,1789221862,001724841,1724.8,54469,46.9
2026-09-12T14:04:32Z,1789221872,001725266,1725.3,54479,49.0
2026-09-12T14:04:42Z,1789221882,001725371,1725.4,54489,48.0
2026-09-12T14:04:52Z,1789221892,001725992,1726.0,54499,47.4
2026-09-12T14:05:02Z,1789221902,001731127,1731.1,54509,48.5
2026-09-12T14:05:12Z,1789221912,001726869,1726.9,54519,47.4
2026-09-12T14:05:22Z,1789221922,001727089,1727.1,54529,49.0
2026-09-12T14:05:32Z,1789221932,001727398,1727.4,54539,46.9
2026-09-12T14:05:42Z,1789221942,001728130,1728.1,54549,48.5
2026-09-12T14:05:52Z,1789221952,001728191,1728.2,54559,47.4
2026-09-12T14:06:02Z,1789221962,001728380,1728.4,54569,47.4
2026-09-12T14:06:12Z,1789221972,001728898,1728.9,54579,48.0
2026-09-12T14:06:22Z,1789221982,001729412,1729.4,54589,47.4
2026-09-12T14:06:32Z,1789221992,001729369,1729.4,54599,48.5
2026-09-12T14:06:42Z,1789222002,001729656,1729.7,54609,48.0
2026-09-12T14:06:52Z,1789222012,001730365,1730.4,54619,47.4
2026-09-12T14:07:02Z,1789222022,001730516,1730.5,54629,47.4
2026-09-12T14:07:12Z,1789222032,001730757,1730.8,54639,49.0
2026-09-12T14:07:23Z,1789222043,001731545,1731.5,54650,49.6
2026-09-12T14:07:33Z,1789222053,001730632,1730.6,54660,48.0
2026-09-12T14:07:43Z,1789222063,001730975,1731.0,54670,48.5
2026-09-12T14:07:53Z,1789222073,001731316,1731.3,54680,47.4
2026-09-12T14:08:03Z,1789222083,001731635,1731.6,54690,48.0
2026-09-12T14:08:13Z,1789222093,001731822,1731.8,54700,48.0
2026-09-12T14:08:23Z,1789222103,001732080,1732.1,54710,48.0
2026-09-12T14:08:33Z,1789222113,001732392,1732.4,54720,48.0
2026-09-12T14:08:43Z,1789222123,001731886,1731.9,54730,48.0
2026-09-12T14:08:53Z,1789222133,001732434,1732.4,54740,48.0
2026-09-12T14:09:03Z,1789222143,001732535,1732.5,54750,48.5
2026-09-12T14:09:13Z,1789222153,001732356,1732.4,54760,46.9
2026-09-12T14:09:23Z,1789222163,001732952,1733.0,54770,48.0
2026-09-12T14:09:33Z,1789222173,001733101,1733.1,54780,49.6
2026-09-12T14:09:43Z,1789222183,001733193,1733.2,54790,48.5
2026-09-12T14:09:53Z,1789222193,001733043,1733.0,54800,48.5
2026-09-12T14:10:03Z,1789222203,001738538,1738.5,54810,49.0
2026-09-12T14:10:13Z,1789222213,001733420,1733.4,54820,48.5
2026-09-12T14:10:23Z,1789222223,001733596,1733.6,54830,48.5
2026-09-12T14:10:33Z,1789222233,001733604,1733.6,54840,48.5
2026-09-12T14:10:43Z,1789222243,001733739,1733.7,54850,48.5
2026-09-12T14:10:53Z,1789222253,001733299,1733.3,54860,48.5
2026-09-12T14:11:03Z,1789222263,001733542,1733.5,54870,48.5
2026-09-12T14:11:13Z,1789222273,001733987,1734.0,54880,47.4
2026-09-12T14:11:23Z,1789222283,001734115,1734.1,54890,48.0
2026-09-12T14:11:33Z,1789222293,001734149,1734.1,54900,48.0
2026-09-12T14:11:43Z,1789222303,001734107,1734.1,54910,48.5
2026-09-12T14:11:53Z,1789222313,001734100,1734.1,54920,48.0
2026-09-12T14:12:03Z,1789222323,001734147,1734.1,54930,48.0
2026-09-12T14:12:13Z,1789222333,001733785,1733.8,54940,48.0
2026-09-12T14:12:23Z,1789222343,001734274,1734.3,54950,48.5
2026-09-12T14:12:33Z,1789222353,001734224,1734.2,54960,47.4
2026-09-12T14:12:43Z,1789222363,001733821,1733.8,54970,49.6
2026-09-12T14:12:53Z,1789222373,001734138,1734.1,54980,47.4
2026-09-12T14:13:03Z,1789222383,001733806,1733.8,54990,48.5
2026-09-12T14:13:13Z,1789222393,001734028,1734.0,55000,48.0
2026-09-12T14:13:23Z,1789222403,001733970,1734.0,55010,49.6
2026-09-12T14:13:33Z,1789222413,001733708,1733.7,55020,48.5
2026-09-12T14:13:43Z,1789222423,001733963,1734.0,55030,47.4
2026-09-12T14:13:53Z,1789222433,001733976,1734.0,55040,48.5
2026-09-12T14:14:03Z,1789222443,001733395,1733.4,55050,47.4
2026-09-12T14:14:13Z,1789222453,001733052,1733.1,55060,49.0
2026-09-12T14:14:23Z,1789222463,001733451,1733.5,55070,49.0
2026-09-12T14:14:33Z,1789222473,001733310,1733.3,55080,48.0
2026-09-12T14:14:43Z,1789222483,001732983,1733.0,55090,47.4
2026-09-12T14:14:53Z,1789222493,001732823,1732.8,55100,48.5
2026-09-12T14:15:03Z,1789222503,001734252,1734.3,55110,49.0
2026-09-12T14:15:13Z,1789222513,001732403,1732.4,55120,49.0
2026-09-12T14:15:23Z,1789222523,001731702,1731.7,55130,49.0
2026-09-12T14:15:33Z,1789222533,001731721,1731.7,55140,49.0
2026-09-12T14:15:43Z,1789222543,001731517,1731.5,55150,49.0
2026-09-12T14:15:53Z,1789222553,001730849,1730.8,55160,48.5
2026-09-12T14:16:03Z,1789222563,001730958,1731.0,55170,49.0
2026-09-12T14:16:13Z,1789222573,001730566,1730.6,55180,48.5
2026-09-12T14:16:23Z,1789222583,001730321,1730.3,55190,49.0
2026-09-12T14:16:33Z,1789222593,001729537,1729.5,55200,46.9
2026-09-12T14:16:43Z,1789222603,001729642,1729.6,55210,49.0
2026-09-12T14:16:53Z,1789222613,001729468,1729.5,55220,46.3
2026-09-12T14:17:03Z,1789222623,001729442,1729.4,55230,48.0
2026-09-12T14:17:13Z,1789222633,001728544,1728.5,55240,47.4
2026-09-12T14:17:23Z,1789222643,001728090,1728.1,55250,48.0
2026-09-12T14:17:33Z,1789222653,001728098,1728.1,55260,46.9
2026-09-12T14:17:43Z,1789222663,001727716,1727.7,55270,49.0
2026-09-12T14:17:53Z,1789222673,001726962,1727.0,55280,49.6
2026-09-12T14:18:03Z,1789222683,001726986,1727.0,55290,48.5
2026-09-12T14:18:13Z,1789222693,001726084,1726.1,55300,49.0
2026-09-12T14:18:23Z,1789222703,001726272,1726.3,55310,47.4
2026-09-12T14:18:33Z,1789222713,001725627,1725.6,55320,48.5
2026-09-12T14:18:43Z,1789222723,001725907,1725.9,55330,48.5
2026-09-12T14:18:53Z,1789222733,001725261,1725.3,55340,48.5
2026-09-12T14:19:03Z,1789222743,001724836,1724.8,55350,49.0
2026-09-12T14:19:13Z,1789222753,001724650,1724.7,55360,47.4
2026-09-12T14:19:23Z,1789222763,001723947,1723.9,55370,48.5
2026-09-12T14:19:33Z,1789222773,001724038,1724.0,55380,47.4
2026-09-12T14:19:43Z,1789222783,001723221,1723.2,55390,47.4
2026-09-12T14:19:53Z,1789222793,001723292,1723.3,55400,47.4
2026-09-12T14:20:03Z,1789222803,001728141,1728.1,55410,48.0
2026-09-12T14:20:13Z,1789222813,001722656,1722.7,55420,48.0
2026-09-12T14:20:23Z,1789222823,001721836,1721.8,55430,49.0
2026-09-12T14:20:33Z,1789222833,001721609,1721.6,55440,49.6
2026-09-12T14:20:43Z,1789222843,001721511,1721.5,55450,48.5
2026-09-12T14:20:53Z,1789222853,001721226,1721.2,55460,48.5
2026-09-12T14:21:03Z,1789222863,001720738,1720.7,55470,48.0
2026-09-12T14:21:13Z,1789222873,001720416,1720.4,55480,48.5
2026-09-12T14:21:23Z,1789222883,001719575,1719.6,55490,50.1
2026-09-12T14:21:33Z,1789222893,001719400,1719.4,55500,49.0
2026-09-12T14:21:43Z,1789222903,001719373,1719.4,55510,48.5
2026-09-12T14:21:53Z,1789222913,001718955,1719.0,55520,48.5
2026-09-12T14:22:03Z,1789222923,001718279,1718.3,55530,48.0
2026-09-12T14:22:13Z,1789222933,001718361,1718.4,55540,47.4
2026-09-12T14:22:23Z,1789222943,001717998,1718.0,55550,48.5
2026-09-12T14:22:33Z,1789222953,001717190,1717.2,55560,47.4
2026-09-12T14:22:43Z,1789222963,001716993,1717.0,55570,48.5
2026-09-12T14:22:53Z,1789222973,001716536,1716.5,55580,47.4
2026-09-12T14:23:03Z,1789222983,001716560,1716.6,55590,48.5
2026-09-12T14:23:13Z,1789222993,001716195,1716.2,55600,48.5
2026-09-12T14:23:23Z,1789223003,001715978,1716.0,55610,48.5
2026-09-12T14:23:33Z,1789223013,001715519,1715.5,55620,48.5
2026-09-12T14:23:43Z,1789223023,001715264,1715.3,55630,48.5
2026-09-12T14:23:53Z,1789223033,001714860,1714.9,55640,48.5
2026-09-12T14:24:03Z,1789223043,001714548,1714.5,55650,48.5
2026-09-12T14:24:13Z,1789223053,001714273,1714.3,55660,49.0
2026-09-12T14:24:23Z,1789223063,001714035,1714.0,55670,47.4
2026-09-12T14:24:33Z,1789223073,001713592,1713.6,55680,47.4
2026-09-12T14:24:44Z,1789223083,001712853,1712.9,55690,48.5
2026-09-12T14:24:54Z,1789223094,001712838,1712.8,55701,49.0
2026-09-12T14:25:04Z,1789223104,001712524,1712.5,55711,47.4
2026-09-12T14:25:14Z,1789223114,001712431,1712.4,55721,48.0
2026-09-12T14:25:24Z,1789223124,001711321,1711.3,55731,48.0
2026-09-12T14:25:34Z,1789223134,001711913,1711.9,55741,48.5
2026-09-12T14:25:44Z,1789223144,001710708,1710.7,55751,48.0
2026-09-12T14:25:54Z,1789223154,001710800,1710.8,55761,47.4
2026-09-12T14:26:04Z,1789223164,001716965,1717.0,55771,47.4
2026-09-12T14:26:14Z,1789223174,001727616,1727.6,55781,48.5
2026-09-12T14:26:24Z,1789223184,001737362,1737.4,55791,48.5
2026-09-12T14:26:34Z,1789223194,001747744,1747.7,55801,48.0
2026-09-12T14:26:44Z,1789223204,001757116,1757.1,55811,49.0
2026-09-12T14:26:54Z,1789223214,001767167,1767.2,55821,48.5
2026-09-12T14:27:04Z,1789223224,001775827,1775.8,55831,48.5
2026-09-12T14:27:14Z,1789223234,001785339,1785.3,55841,48.5
2026-09-12T14:27:24Z,1789223244,001794503,1794.5,55851,49.0
2026-09-12T14:27:34Z,1789223254,001803840,1803.8,55861,48.5
2026-09-12T14:27:44Z,1789223264,001811947,1811.9,55871,47.4
2026-09-12T14:27:54Z,1789223274,001820955,1821.0,55881,47.4
2026-09-12T14:28:04Z,1789223284,001829387,1829.4,55891,49.6
2026-09-12T14:28:14Z,1789223294,001838024,1838.0,55901,47.4
2026-09-12T14:28:24Z,1789223304,001845848,1845.8,55911,48.5
2026-09-12T14:28:34Z,1789223314,001853994,1854.0,55921,49.0
2026-09-12T14:28:44Z,1789223324,001861223,1861.2,55931,48.5
2026-09-12T14:28:54Z,1789223334,001869925,1869.9,55941,46.9
2026-09-12T14:29:04Z,1789223344,001877272,1877.3,55951,48.5
2026-09-12T14:29:14Z,1789223354,001884931,1884.9,55961,49.0
2026-09-12T14:29:24Z,1789223364,001891684,1891.7,55971,48.5
2026-09-12T14:29:34Z,1789223374,001899497,1899.5,55981,48.5
2026-09-12T14:29:44Z,1789223384,001906426,1906.4,55991,48.0
2026-09-12T14:29:54Z,1789223394,001913881,1913.9,56001,48.5
2026-09-12T14:30:04Z,1789223404,001920421,1920.4,56011,48.5
2026-09-12T14:30:14Z,1789223414,001927511,1927.5,56021,47.4
2026-09-12T14:30:24Z,1789223424,001933523,1933.5,56031,48.0
2026-09-12T14:30:34Z,1789223434,001940683,1940.7,56041,47.4
2026-09-12T14:30:44Z,1789223444,001946898,1946.9,56051,48.5
2026-09-12T14:30:54Z,1789223454,001953506,1953.5,56061,48.5
2026-09-12T14:31:04Z,1789223464,001959378,1959.4,56071,48.5
2026-09-12T14:31:14Z,1789223474,001965850,1965.8,56081,48.0
2026-09-12T14:31:24Z,1789223484,001971571,1971.6,56091,48.5
2026-09-12T14:31:34Z,1789223494,001977896,1977.9,56101,49.6
2026-09-12T14:31:44Z,1789223504,001983271,1983.3,56111,48.5
2026-09-12T14:31:54Z,1789223514,001989367,1989.4,56121,49.0
2026-09-12T14:32:04Z,1789223524,001994626,1994.6,56131,47.4
2026-09-12T14:32:14Z,1789223534,002000071,2000.1,56141,48.5
2026-09-12T14:32:24Z,1789223544,002005536,2005.5,56151,49.6
2026-09-12T14:32:34Z,1789223554,002011116,2011.1,56161,47.4
2026-09-12T14:32:44Z,1789223564,002016146,2016.1,56171,48.5
2026-09-12T14:32:54Z,1789223574,002021647,2021.6,56181,48.5
2026-09-12T14:33:04Z,1789223584,002026396,2026.4,56191,48.0
2026-09-12T14:33:14Z,1789223594,002031767,2031.8,56201,47.4
2026-09-12T14:33:24Z,1789223604,002036391,2036.4,56211,49.0
2026-09-12T14:33:34Z,1789223614,002041677,2041.7,56221,48.5
2026-09-12T14:33:44Z,1789223624,002046069,2046.1,56231,46.9
2026-09-12T14:33:54Z,1789223634,002051165,2051.2,56241,46.9
2026-09-12T14:34:04Z,1789223644,002055112,2055.1,56251,48.0
2026-09-12T14:34:14Z,1789223654,002060466,2060.5,56261,48.5
2026-09-12T14:34:24Z,1789223664,002064731,2064.7,56271,49.0
2026-09-12T14:34:34Z,1789223674,002069370,2069.4,56281,47.4
2026-09-12T14:34:44Z,1789223684,002073107,2073.1,56291,48.0
2026-09-12T14:34:54Z,1789223694,002078146,2078.1,56301,48.5
2026-09-12T14:35:04Z,1789223704,002082138,2082.1,56311,46.9
2026-09-12T14:35:14Z,1789223714,002086657,2086.7,56321,46.9
2026-09-12T14:35:24Z,1789223724,002089816,2089.8,56331,48.5
2026-09-12T14:35:34Z,1789223734,002094931,2094.9,56341,48.5
2026-09-12T14:35:44Z,1789223744,002098522,2098.5,56351,48.5
2026-09-12T14:35:54Z,1789223754,002102646,2102.6,56361,48.5
2026-09-12T14:36:04Z,1789223764,002106506,2106.5,56371,49.0
2026-09-12T14:36:14Z,1789223774,002110346,2110.3,56381,47.4
2026-09-12T14:36:24Z,1789223784,002114093,2114.1,56391,48.5
2026-09-12T14:36:34Z,1789223794,002117931,2117.9,56401,48.0
2026-09-12T14:36:44Z,1789223804,002121420,2121.4,56411,47.4
2026-09-12T14:36:54Z,1789223814,002125095,2125.1,56421,48.5
2026-09-12T14:37:04Z,1789223824,002128588,2128.6,56431,48.0
2026-09-12T14:37:14Z,1789223834,002131808,2131.8,56441,47.4
2026-09-12T14:37:24Z,1789223844,002135514,2135.5,56451,48.5
2026-09-12T14:37:34Z,1789223854,002139319,2139.3,56461,48.0
2026-09-12T14:37:44Z,1789223864,002142335,2142.3,56471,48.5
2026-09-12T14:37:54Z,1789223874,002145322,2145.3,56481,48.5
2026-09-12T14:38:04Z,1789223884,002148891,2148.9,56491,48.0
2026-09-12T14:38:14Z,1789223894,002152194,2152.2,56501,48.5
2026-09-12T14:38:24Z,1789223904,002154895,2154.9,56511,48.0
2026-09-12T14:38:34Z,1789223914,002158775,2158.8,56521,48.5
2026-09-12T14:38:44Z,1789223924,002161630,2161.6,56531,48.0
2026-09-12T14:38:54Z,1789223934,002164757,2164.8,56541,46.9
2026-09-12T14:39:04Z,1789223944,002167584,2167.6,56551,47.4
2026-09-12T14:39:14Z,1789223954,002170816,2170.8,56561,46.9
2026-09-12T14:39:24Z,1789223964,002173506,2173.5,56571,48.0
2026-09-12T14:39:34Z,1789223974,002176583,2176.6,56581,48.5
2026-09-12T14:39:44Z,1789223984,002178882,2178.9,56591,48.5
2026-09-12T14:39:54Z,1789223994,002182365,2182.4,56601,48.0
2026-09-12T14:40:04Z,1789224004,002185090,2185.1,56611,46.9
2026-09-12T14:40:14Z,1789224014,002188148,2188.1,56621,47.4
2026-09-12T14:40:24Z,1789224024,002190523,2190.5,56631,48.0
2026-09-12T14:40:34Z,1789224034,002193696,2193.7,56641,48.0
2026-09-12T14:40:44Z,1789224044,002195946,2195.9,56651,48.5
2026-09-12T14:40:54Z,1789224054,002198349,2198.3,56661,48.0
2026-09-12T14:41:04Z,1789224064,002201070,2201.1,56671,48.5
2026-09-12T14:41:14Z,1789224074,002203703,2203.7,56681,48.5
2026-09-12T14:41:24Z,1789224084,002205805,2205.8,56691,48.5
2026-09-12T14:41:34Z,1789224094,002208413,2208.4,56701,49.6
2026-09-12T14:41:44Z,1789224104,002211232,2211.2,56711,47.4
2026-09-12T14:41:54Z,1789224114,002213761,2213.8,56721,49.0
2026-09-12T14:42:04Z,1789224124,002216113,2216.1,56731,48.0
2026-09-12T14:42:15Z,1789224134,002218770,2218.8,56741,48.5
2026-09-12T14:42:25Z,1789224145,002221123,2221.1,56752,48.5
2026-09-12T14:42:35Z,1789224155,002223370,2223.4,56762,46.9
2026-09-12T14:42:45Z,1789224165,002225275,2225.3,56772,47.4
2026-09-12T14:42:55Z,1789224175,002228024,2228.0,56782,48.5
2026-09-12T14:43:05Z,1789224185,002230155,2230.2,56792,48.0
2026-09-12T14:43:15Z,1789224195,002232315,2232.3,56802,46.9
2026-09-12T14:43:25Z,1789224205,002234599,2234.6,56812,49.0
2026-09-12T14:43:35Z,1789224215,002237007,2237.0,56822,48.5
2026-09-12T14:43:45Z,1789224225,002238891,2238.9,56832,48.0
2026-09-12T14:43:55Z,1789224235,002240770,2240.8,56842,48.0
2026-09-12T14:44:05Z,1789224245,002242626,2242.6,56852,48.5
2026-09-12T14:44:15Z,1789224255,002245015,2245.0,56862,48.5
2026-09-12T14:44:25Z,1789224265,002247066,2247.1,56872,47.4
2026-09-12T14:44:35Z,1789224275,002249393,2249.4,56882,48.5
2026-09-12T14:44:45Z,1789224285,002250846,2250.8,56892,48.0
2026-09-12T14:44:55Z,1789224295,002253223,2253.2,56902,48.0
2026-09-12T14:45:05Z,1789224305,002255154,2255.2,56912,48.5
2026-09-12T14:45:15Z,1789224315,002257009,2257.0,56922,47.4
2026-09-12T14:45:25Z,1789224325,002258992,2259.0,56932,48.5
2026-09-12T14:45:35Z,1789224335,002261030,2261.0,56942,48.0
2026-09-12T14:45:45Z,1789224345,002263235,2263.2,56952,48.0
2026-09-12T14:45:55Z,1789224355,002264957,2265.0,56962,49.0
2026-09-12T14:46:05Z,1789224365,002266847,2266.8,56972,49.0
2026-09-12T14:46:15Z,1789224375,002268719,2268.7,56982,49.0
2026-09-12T14:46:25Z,1789224385,002270592,2270.6,56992,48.0
2026-09-12T14:46:35Z,1789224395,002272299,2272.3,57002,47.4
2026-09-12T14:46:45Z,1789224405,002273953,2274.0,57012,49.6
2026-09-12T14:46:55Z,1789224415,002275776,2275.8,57022,46.9
2026-09-12T14:47:05Z,1789224425,002277415,2277.4,57032,48.5
2026-09-12T14:47:15Z,1789224435,002279520,2279.5,57042,48.5
2026-09-12T14:47:25Z,1789224445,002280925,2280.9,57052,47.4
2026-09-12T14:47:35Z,1789224455,002283055,2283.1,57062,48.5
2026-09-12T14:47:45Z,1789224465,002284300,2284.3,57072,48.0
2026-09-12T14:47:55Z,1789224475,002286141,2286.1,57082,48.5
2026-09-12T14:48:05Z,1789224485,002287986,2288.0,57092,48.0
2026-09-12T14:48:15Z,1789224495,002289799,2289.8,57102,48.0
2026-09-12T14:48:25Z,1789224505,002290986,2291.0,57112,48.0
2026-09-12T14:48:35Z,1789224515,002293067,2293.1,57122,48.5
2026-09-12T14:48:45Z,1789224525,002294339,2294.3,57132,47.4
2026-09-12T14:48:55Z,1789224535,002296339,2296.3,57142,48.5
2026-09-12T14:49:05Z,1789224545,002297955,2298.0,57152,49.6
2026-09-12T14:49:15Z,1789224555,002299614,2299.6,57162,48.0
2026-09-12T14:49:25Z,1789224565,002301095,2301.1,57172,48.5
2026-09-12T14:49:35Z,1789224575,002302303,2302.3,57182,48.0
2026-09-12T14:49:45Z,1789224585,002303853,2303.9,57192,48.5
2026-09-12T14:49:55Z,1789224595,002305483,2305.5,57202,47.4
2026-09-12T14:50:05Z,1789224605,002307453,2307.5,57212,46.9
2026-09-12T14:50:15Z,1789224615,002308449,2308.4,57222,48.5
2026-09-12T14:50:25Z,1789224625,002310009,2310.0,57232,48.5
2026-09-12T14:50:35Z,1789224635,002311483,2311.5,57242,48.5
2026-09-12T14:50:45Z,1789224645,002312910,2312.9,57252,48.5
2026-09-12T14:50:55Z,1789224655,002314364,2314.4,57262,47.4
2026-09-12T14:51:05Z,1789224665,002316197,2316.2,57272,48.5
2026-09-12T14:51:15Z,1789224675,002317761,2317.8,57282,48.0
2026-09-12T14:51:25Z,1789224685,002319129,2319.1,57292,48.5
2026-09-12T14:51:35Z,1789224695,002320098,2320.1,57302,47.4
2026-09-12T14:51:45Z,1789224705,002322022,2322.0,57312,48.5
2026-09-12T14:51:55Z,1789224715,002323455,2323.5,57322,48.5
2026-09-12T14:52:05Z,1789224725,002324787,2324.8,57332,46.9
2026-09-12T14:52:15Z,1789224735,002325979,2326.0,57342,48.0
2026-09-12T14:52:25Z,1789224745,002327589,2327.6,57352,49.0
2026-09-12T14:52:35Z,1789224755,002328654,2328.7,57362,48.0
2026-09-12T14:52:45Z,1789224765,002330414,2330.4,57372,47.4
2026-09-12T14:52:55Z,1789224775,002331888,2331.9,57382,48.0
2026-09-12T14:53:05Z,1789224785,002333187,2333.2,57392,47.4
2026-09-12T14:53:15Z,1789224795,002334498,2334.5,57402,48.0
2026-09-12T14:53:25Z,1789224805,002335485,2335.5,57412,48.0
2026-09-12T14:53:35Z,1789224815,002337298,2337.3,57422,48.0
2026-09-12T14:53:45Z,1789224825,002338178,2338.2,57432,48.5
2026-09-12T14:53:55Z,1789224835,002339810,2339.8,57442,48.5
2026-09-12T14:54:05Z,1789224845,002340750,2340.8,57452,48.0
2026-09-12T14:54:15Z,1789224855,002342349,2342.3,57462,48.0
2026-09-12T14:54:25Z,1789224865,002343793,2343.8,57472,46.9
2026-09-12T14:54:35Z,1789224875,002345064,2345.1,57482,48.0
2026-09-12T14:54:45Z,1789224885,002346384,2346.4,57492,48.5
2026-09-12T14:54:55Z,1789224895,002347661,2347.7,57502,46.9
2026-09-12T14:55:05Z,1789224905,002348986,2349.0,57512,48.0
2026-09-12T14:55:15Z,1789224915,002349935,2349.9,57522,48.0
2026-09-12T14:55:25Z,1789224925,002351341,2351.3,57532,49.0
2026-09-12T14:55:35Z,1789224935,002352463,2352.5,57542,48.5
2026-09-12T14:55:45Z,1789224945,002353951,2354.0,57552,48.5
2026-09-12T14:55:55Z,1789224955,002354783,2354.8,57562,49.0
2026-09-12T14:56:05Z,1789224965,002356295,2356.3,57572,48.5
2026-09-12T14:56:15Z,1789224975,002356824,2356.8,57582,48.5
2026-09-12T14:56:25Z,1789224985,002354659,2354.7,57592,48.5
2026-09-12T14:56:35Z,1789224995,002352894,2352.9,57602,48.5
2026-09-12T14:56:45Z,1789225005,002351213,2351.2,57612,49.0
2026-09-12T14:56:55Z,1789225015,002349522,2349.5,57622,48.5
2026-09-12T14:57:05Z,1789225025,002347560,2347.6,57632,48.0
2026-09-12T14:57:15Z,1789225035,002346420,2346.4,57642,48.5
2026-09-12T14:57:25Z,1789225045,002344805,2344.8,57652,47.4
2026-09-12T14:57:35Z,1789225055,002343306,2343.3,57662,48.5
2026-09-12T14:57:45Z,1789225065,002341849,2341.8,57672,46.9
2026-09-12T14:57:55Z,1789225075,002340246,2340.2,57682,48.5
2026-09-12T14:58:05Z,1789225085,002338906,2338.9,57692,47.4
2026-09-12T14:58:15Z,1789225095,002337753,2337.8,57702,46.9
2026-09-12T14:58:25Z,1789225105,002336027,2336.0,57712,48.5
2026-09-12T14:58:35Z,1789225115,002335301,2335.3,57722,48.5
2026-09-12T14:58:45Z,1789225125,002333964,2334.0,57732,48.0
2026-09-12T14:58:55Z,1789225135,002332683,2332.7,57742,48.5
2026-09-12T14:59:05Z,1789225145,002331677,2331.7,57752,46.9
2026-09-12T14:59:15Z,1789225155,002330335,2330.3,57762,47.4
2026-09-12T14:59:25Z,1789225165,002329509,2329.5,57772,48.5
2026-09-12T14:59:35Z,1789225175,002328105,2328.1,57782,48.5
2026-09-12T14:59:46Z,1789225185,002327493,2327.5,57792,48.0
2026-09-12T14:59:56Z,1789225196,002325934,2325.9,57803,48.5
2026-09-12T15:00:06Z,1789225206,002328518,2328.5,57813,49.0
2026-09-12T15:00:16Z,1789225216,002330541,2330.5,57823,48.0
2026-09-12T15:00:26Z,1789225226,002329686,2329.7,57833,48.5
2026-09-12T15:00:36Z,1789225236,002325805,2325.8,57843,48.5
2026-09-12T15:00:46Z,1789225246,002322602,2322.6,57853,48.5
2026-09-12T15:00:56Z,1789225256,002321001,2321.0,57863,48.5
2026-09-12T15:01:06Z,1789225266,002320280,2320.3,57873,48.5
2026-09-12T15:01:16Z,1789225276,002319031,2319.0,57883,47.4
2026-09-12T15:01:26Z,1789225286,002318456,2318.5,57893,48.0
2026-09-12T15:01:36Z,1789225296,002318130,2318.1,57903,49.6
2026-09-12T15:01:46Z,1789225306,002317479,2317.5,57913,48.5
2026-09-12T15:01:56Z,1789225316,002316667,2316.7,57923,48.5
2026-09-12T15:02:06Z,1789225326,002315788,2315.8,57933,47.4
2026-09-12T15:02:16Z,1789225336,002315118,2315.1,57943,49.0
2026-09-12T15:02:26Z,1789225346,002314972,2315.0,57953,48.5
2026-09-12T15:02:36Z,1789225356,002314034,2314.0,57963,47.4
2026-09-12T15:02:46Z,1789225366,002313694,2313.7,57973,48.0
2026-09-12T15:02:56Z,1789225376,002313432,2313.4,57983,49.6
2026-09-12T15:03:06Z,1789225386,002312599,2312.6,57993,48.0
2026-09-12T15:03:16Z,1789225396,002312492,2312.5,58003,48.0
2026-09-12T15:03:26Z,1789225406,002312239,2312.2,58013,48.0
2026-09-12T15:03:36Z,1789225416,002311711,2311.7,58023,48.5
2026-09-12T15:03:46Z,1789225426,002311314,2311.3,58033,49.0
2026-09-12T15:03:56Z,1789225436,002310456,2310.5,58043,49.0
2026-09-12T15:04:06Z,1789225446,002310857,2310.9,58053,47.4
2026-09-12T15:04:16Z,1789225456,002309798,2309.8,58063,47.4
2026-09-12T15:04:26Z,1789225466,002309534,2309.5,58073,47.4
2026-09-12T15:04:36Z,1789225476,002309123,2309.1,58083,48.5
2026-09-12T15:04:46Z,1789225486,002308952,2309.0,58093,48.5
2026-09-12T15:04:56Z,1789225496,002308576,2308.6,58103,48.0
2026-09-12T15:05:06Z,1789225506,002308978,2309.0,58113,48.0
2026-09-12T15:05:16Z,1789225516,002308377,2308.4,58123,49.6
2026-09-12T15:05:26Z,1789225526,002307924,2307.9,58133,47.4
2026-09-12T15:05:36Z,1789225536,002308061,2308.1,58143,49.0
2026-09-12T15:05:46Z,1789225546,002307954,2308.0,58153,48.5
2026-09-12T15:05:56Z,1789225556,002307697,2307.7,58163,49.6
2026-09-12T15:06:06Z,1789225566,002307511,2307.5,58173,48.5
2026-09-12T15:06:16Z,1789225576,002307266,2307.3,58183,48.5
2026-09-12T15:06:26Z,1789225586,002307222,2307.2,58193,48.0
2026-09-12T15:06:36Z,1789225596,002307006,2307.0,58203,48.0
2026-09-12T15:06:46Z,1789225606,002307082,2307.1,58213,48.5
2026-09-12T15:06:56Z,1789225616,002306526,2306.5,58223,48.5
2026-09-12T15:07:06Z,1789225626,002306593,2306.6,58233,49.0
2026-09-12T15:07:16Z,1789225636,002306823,2306.8,58243,48.0
2026-09-12T15:07:26Z,1789225646,002306899,2306.9,58253,48.5
2026-09-12T15:07:36Z,1789225656,002306358,2306.4,58263,49.0
2026-09-12T15:07:46Z,1789225666,002306830,2306.8,58273,48.5
2026-09-12T15:07:56Z,1789225676,002306685,2306.7,58283,48.5
2026-09-12T15:08:06Z,1789225686,002306775,2306.8,58293,49.6
2026-09-12T15:08:16Z,1789225696,002306321,2306.3,58303,47.4
2026-09-12T15:08:26Z,1789225706,002306952,2307.0,58313,49.0
2026-09-12T15:08:36Z,1789225716,002307004,2307.0,58323,47.4
2026-09-12T15:08:46Z,1789225726,002306677,2306.7,58333,47.4
2026-09-12T15:08:56Z,1789225736,002307121,2307.1,58343,48.0
2026-09-12T15:09:06Z,1789225746,002307428,2307.4,58353,48.5
2026-09-12T15:09:16Z,1789225756,002307338,2307.3,58363,48.5
2026-09-12T15:09:26Z,1789225766,002307610,2307.6,58373,48.0
2026-09-12T15:09:36Z,1789225776,002307578,2307.6,58383,48.5
2026-09-12T15:09:46Z,1789225786,002307833,2307.8,58393,47.4
2026-09-12T15:09:56Z,1789225796,002307821,2307.8,58403,48.5
2026-09-12T15:10:06Z,1789225806,002308301,2308.3,58413,48.5
2026-09-12T15:10:16Z,1789225816,002308123,2308.1,58423,47.4
2026-09-12T15:10:26Z,1789225826,002308361,2308.4,58433,49.0
2026-09-12T15:10:36Z,1789225836,002308498,2308.5,58443,48.0
2026-09-12T15:10:46Z,1789225846,002308514,2308.5,58453,48.0
2026-09-12T15:10:56Z,1789225856,002308705,2308.7,58463,48.0
2026-09-12T15:11:06Z,1789225866,002308998,2309.0,58473,46.9
2026-09-12T15:11:16Z,1789225876,002308744,2308.7,58483,49.0
2026-09-12T15:11:26Z,1789225886,002309609,2309.6,58493,48.0
2026-09-12T15:11:36Z,1789225896,002309593,2309.6,58503,48.5
2026-09-12T15:11:46Z,1789225906,002309992,2310.0,58513,49.0
2026-09-12T15:11:56Z,1789225916,002309605,2309.6,58523,48.0
2026-09-12T15:12:06Z,1789225926,002310445,2310.4,58533,48.0
2026-09-12T15:12:16Z,1789225936,002310554,2310.6,58543,47.4
2026-09-12T15:12:26Z,1789225946,002310854,2310.9,58553,48.0
2026-09-12T15:12:36Z,1789225956,002310644,2310.6,58563,47.4
2026-09-12T15:12:46Z,1789225966,002311699,2311.7,58573,48.0
2026-09-12T15:12:56Z,1789225976,002311725,2311.7,58583,48.0
2026-09-12T15:13:06Z,1789225986,002311646,2311.6,58593,48.5
2026-09-12T15:13:16Z,1789225996,002312277,2312.3,58603,49.0
2026-09-12T15:13:26Z,1789226006,002312861,2312.9,58613,47.4
2026-09-12T15:13:36Z,1789226016,002312764,2312.8,58623,48.0
2026-09-12T15:13:46Z,1789226026,002313323,2313.3,58633,49.0
2026-09-12T15:13:56Z,1789226036,002313590,2313.6,58643,48.5
2026-09-12T15:14:06Z,1789226046,002314273,2314.3,58653,48.5
2026-09-12T15:14:16Z,1789226056,002314276,2314.3,58663,48.0
2026-09-12T15:14:26Z,1789226066,002314395,2314.4,58673,48.0
2026-09-12T15:14:36Z,1789226076,002315114,2315.1,58683,46.9
2026-09-12T15:14:46Z,1789226086,002315708,2315.7,58693,48.5
2026-09-12T15:14:56Z,1789226096,002316066,2316.1,58703,47.4
2026-09-12T15:15:06Z,1789226106,002317004,2317.0,58713,47.4
2026-09-12T15:15:16Z,1789226116,002317077,2317.1,58723,48.5
2026-09-12T15:15:26Z,1789226126,002317637,2317.6,58733,47.4
2026-09-12T15:15:36Z,1789226136,002317794,2317.8,58743,48.0
2026-09-12T15:15:46Z,1789226146,002318938,2318.9,58753,47.4
2026-09-12T15:15:56Z,1789226156,002319457,2319.5,58763,48.0
2026-09-12T15:16:06Z,1789226166,002320204,2320.2,58773,48.0
2026-09-12T15:16:16Z,1789226176,002320788,2320.8,58783,46.9
2026-09-12T15:16:26Z,1789226186,002321488,2321.5,58793,48.0
2026-09-12T15:16:36Z,1789226196,002322082,2322.1,58803,48.0
2026-09-12T15:16:46Z,1789226206,002323124,2323.1,58813,47.4
2026-09-12T15:16:56Z,1789226216,002323523,2323.5,58823,46.9
2026-09-12T15:17:06Z,1789226226,002324962,2325.0,58833,48.0
2026-09-12T15:17:17Z,1789226237,002326919,2326.9,58844,48.0
2026-09-12T15:17:27Z,1789226247,002325775,2325.8,58854,46.9
2026-09-12T15:17:37Z,1789226257,002326358,2326.4,58864,48.0
2026-09-12T15:17:47Z,1789226267,002327148,2327.1,58874,48.0
2026-09-12T15:17:57Z,1789226277,002328275,2328.3,58884,47.4
2026-09-12T15:18:07Z,1789226287,002328739,2328.7,58894,47.4
2026-09-12T15:18:17Z,1789226297,002329540,2329.5,58904,46.9
2026-09-12T15:18:27Z,1789226307,002330752,2330.8,58914,48.0
2026-09-12T15:18:37Z,1789226317,002331579,2331.6,58924,47.4
2026-09-12T15:18:47Z,1789226327,002332353,2332.4,58934,48.5
2026-09-12T15:18:57Z,1789226337,002332966,2333.0,58944,47.4
2026-09-12T15:19:07Z,1789226347,002333803,2333.8,58954,47.4
2026-09-12T15:19:17Z,1789226357,002335088,2335.1,58964,46.9
2026-09-12T15:19:27Z,1789226367,002336007,2336.0,58974,46.3
2026-09-12T15:19:37Z,1789226377,002336983,2337.0,58984,48.0
2026-09-12T15:19:47Z,1789226387,002338000,2338.0,58994,48.0
2026-09-12T15:19:57Z,1789226397,002338538,2338.5,59004,46.9
2026-09-12T15:20:07Z,1789226407,002339913,2339.9,59014,47.4
2026-09-12T15:20:17Z,1789226417,002340901,2340.9,59024,48.0
2026-09-12T15:20:27Z,1789226427,002341449,2341.4,59034,47.4
2026-09-12T15:20:37Z,1789226437,002342351,2342.4,59044,46.9
2026-09-12T15:20:47Z,1789226447,002343422,2343.4,59054,46.9
2026-09-12T15:20:57Z,1789226457,002344885,2344.9,59064,46.9
2026-09-12T15:21:07Z,1789226467,002345721,2345.7,59074,47.4
2026-09-12T15:21:17Z,1789226477,002346098,2346.1,59084,46.3
2026-09-12T15:21:27Z,1789226487,002347864,2347.9,59094,48.5
2026-09-12T15:21:37Z,1789226497,002348745,2348.7,59104,48.0
2026-09-12T15:21:47Z,1789226507,002349387,2349.4,59114,48.5
2026-09-12T15:21:57Z,1789226517,002350884,2350.9,59124,48.0
2026-09-12T15:22:07Z,1789226527,002352031,2352.0,59134,47.4
2026-09-12T15:22:17Z,1789226537,002352588,2352.6,59144,48.0
2026-09-12T15:22:27Z,1789226547,002354129,2354.1,59154,47.4
2026-09-12T15:22:37Z,1789226557,002354894,2354.9,59164,47.4
2026-09-12T15:22:47Z,1789226567,002356347,2356.3,59174,48.0
2026-09-12T15:22:57Z,1789226577,002357561,2357.6,59184,47.4
2026-09-12T15:23:07Z,1789226587,002358333,2358.3,59194,48.0
2026-09-12T15:23:17Z,1789226597,002359588,2359.6,59204,47.4
2026-09-12T15:23:27Z,1789226607,002361309,2361.3,59214,47.4
2026-09-12T15:23:37Z,1789226617,002362420,2362.4,59224,47.4
2026-09-12T15:23:47Z,1789226627,002363810,2363.8,59234,46.9
2026-09-12T15:23:57Z,1789226637,002365018,2365.0,59244,47.4
2026-09-12T15:24:07Z,1789226647,002366283,2366.3,59254,46.9
2026-09-12T15:24:17Z,1789226657,002367568,2367.6,59264,46.3
2026-09-12T15:24:27Z,1789226667,002368744,2368.7,59274,48.0
2026-09-12T15:24:37Z,1789226677,002369904,2369.9,59284,47.4
2026-09-12T15:24:47Z,1789226687,002370954,2371.0,59294,47.4
2026-09-12T15:24:57Z,1789226697,002372153,2372.2,59304,46.9
2026-09-12T15:25:07Z,1789226707,002373596,2373.6,59314,48.0
2026-09-12T15:25:17Z,1789226717,002375095,2375.1,59324,47.4
2026-09-12T15:25:27Z,1789226727,002376151,2376.2,59334,47.4
2026-09-12T15:25:37Z,1789226737,002377691,2377.7,59344,48.0
2026-09-12T15:25:47Z,1789226747,002378991,2379.0,59354,47.4
2026-09-12T15:25:57Z,1789226757,002380071,2380.1,59364,47.4
2026-09-12T15:26:07Z,1789226767,002381189,2381.2,59374,48.0
2026-09-12T15:26:17Z,1789226777,002382421,2382.4,59384,47.4
2026-09-12T15:26:27Z,1789226787,002383708,2383.7,59394,46.3
2026-09-12T15:26:37Z,1789226797,002385404,2385.4,59404,48.5
2026-09-12T15:26:47Z,1789226807,002386306,2386.3,59414,46.9
2026-09-12T15:26:57Z,1789226817,002387616,2387.6,59424,46.3
2026-09-12T15:27:07Z,1789226827,002389299,2389.3,59434,46.3
2026-09-12T15:27:17Z,1789226837,002390186,2390.2,59444,48.0
2026-09-12T15:27:27Z,1789226847,002391834,2391.8,59454,47.4
2026-09-12T15:27:37Z,1789226857,002393204,2393.2,59464,45.8
2026-09-12T15:27:47Z,1789226867,002394558,2394.6,59474,47.4
2026-09-12T15:27:57Z,1789226877,002395488,2395.5,59484,48.0
2026-09-12T15:28:07Z,1789226887,002397437,2397.4,59494,46.9
2026-09-12T15:28:17Z,1789226897,002398664,2398.7,59504,46.3
2026-09-12T15:28:27Z,1789226907,002400115,2400.1,59514,48.0
2026-09-12T15:28:37Z,1789226917,002401326,2401.3,59524,46.3
2026-09-12T15:28:47Z,1789226927,002402816,2402.8,59534,48.0
2026-09-12T15:28:57Z,1789226937,002404233,2404.2,59544,47.4
2026-09-12T15:29:07Z,1789226947,002405689,2405.7,59554,47.4
2026-09-12T15:29:17Z,1789226957,002406497,2406.5,59564,46.9
2026-09-12T15:29:27Z,1789226967,002408677,2408.7,59574,48.0
2026-09-12T15:29:37Z,1789226977,002409987,2410.0,59584,46.9
2026-09-12T15:29:47Z,1789226987,002411484,2411.5,59594,46.9
2026-09-12T15:29:57Z,1789226997,002412999,2413.0,59604,46.9
2026-09-12T15:30:07Z,1789227007,002414405,2414.4,59614,46.3
2026-09-12T15:30:17Z,1789227017,002415886,2415.9,59624,47.4
2026-09-12T15:30:27Z,1789227027,002405267,2405.3,59634,48.0
2026-09-12T15:30:37Z,1789227037,002392784,2392.8,59644,46.9
2026-09-12T15:30:47Z,1789227047,002380287,2380.3,59654,47.4
2026-09-12T15:30:57Z,1789227057,002367642,2367.6,59664,47.4
2026-09-12T15:31:07Z,1789227067,002355566,2355.6,59674,47.4
2026-09-12T15:31:17Z,1789227077,002344166,2344.2,59684,47.4
2026-09-12T15:31:27Z,1789227087,002332529,2332.5,59694,46.9
2026-09-12T15:31:37Z,1789227097,002321115,2321.1,59704,48.0
2026-09-12T15:31:47Z,1789227107,002310104,2310.1,59714,48.0
2026-09-12T15:31:57Z,1789227117,002299066,2299.1,59724,47.4
2026-09-12T15:32:07Z,1789227127,002288237,2288.2,59734,48.0
2026-09-12T15:32:17Z,1789227137,002277356,2277.4,59744,47.4
2026-09-12T15:32:27Z,1789227147,002267491,2267.5,59754,47.4
2026-09-12T15:32:37Z,1789227157,002257249,2257.2,59764,47.4
2026-09-12T15:32:47Z,1789227167,002247294,2247.3,59774,47.4
2026-09-12T15:32:57Z,1789227177,002237214,2237.2,59784,48.0
2026-09-12T15:33:07Z,1789227187,002228025,2228.0,59794,46.9
2026-09-12T15:33:17Z,1789227197,002218610,2218.6,59804,47.4
2026-09-12T15:33:27Z,1789227207,002209376,2209.4,59814,48.0
2026-09-12T15:33:37Z,1789227217,002200446,2200.4,59824,45.8
2026-09-12T15:33:47Z,1789227227,002191634,2191.6,59834,45.8
2026-09-12T15:33:57Z,1789227237,002182472,2182.5,59844,48.0
2026-09-12T15:34:07Z,1789227247,002174032,2174.0,59854,48.0
2026-09-12T15:34:17Z,1789227257,002165977,2166.0,59864,46.3
2026-09-12T15:34:27Z,1789227267,002157747,2157.7,59874,46.9
2026-09-12T15:34:38Z,1789227277,002149803,2149.8,59884,47.4
2026-09-12T15:34:48Z,1789227288,002141081,2141.1,59895,46.9
2026-09-12T15:34:58Z,1789227298,002133770,2133.8,59905,47.4
2026-09-12T15:35:08Z,1789227308,002125756,2125.8,59915,46.3
2026-09-12T15:35:18Z,1789227318,002118830,2118.8,59925,46.3
2026-09-12T15:35:28Z,1789227328,002111083,2111.1,59935,45.8
2026-09-12T15:35:38Z,1789227338,002104345,2104.3,59945,45.8
2026-09-12T15:35:48Z,1789227348,002096910,2096.9,59955,47.4
2026-09-12T15:35:58Z,1789227358,002090275,2090.3,59965,47.4
2026-09-12T15:36:08Z,1789227368,002083290,2083.3,59975,46.9
2026-09-12T15:36:18Z,1789227378,002077136,2077.1,59985,46.3
2026-09-12T15:36:28Z,1789227388,002070090,2070.1,59995,46.3
2026-09-12T15:36:38Z,1789227398,002066371,2066.4,60005,46.9
2026-09-12T15:36:48Z,1789227408,002057644,2057.6,60015,47.4
2026-09-12T15:36:58Z,1789227418,002051571,2051.6,60025,46.3
2026-09-12T15:37:08Z,1789227428,002045116,2045.1,60035,47.4
2026-09-12T15:37:18Z,1789227438,002039479,2039.5,60045,47.4
2026-09-12T15:37:28Z,1789227448,002033695,2033.7,60055,45.8
2026-09-12T15:37:38Z,1789227458,002028667,2028.7,60065,46.9
2026-09-12T15:37:48Z,1789227468,002022544,2022.5,60075,46.9
2026-09-12T15:37:58Z,1789227478,002017583,2017.6,60085,46.3
2026-09-12T15:38:08Z,1789227488,002011946,2011.9,60095,46.9
2026-09-12T15:38:18Z,1789227498,002007079,2007.1,60105,48.0
2026-09-12T15:38:28Z,1789227508,002001700,2001.7,60115,47.4
2026-09-12T15:38:38Z,1789227518,001997251,1997.3,60125,46.3
2026-09-12T15:38:48Z,1789227528,001991658,1991.7,60135,46.9
2026-09-12T15:38:58Z,1789227538,001987326,1987.3,60145,46.3
2026-09-12T15:39:08Z,1789227548,001981918,1981.9,60155,47.4
2026-09-12T15:39:18Z,1789227558,001978176,1978.2,60165,48.0
2026-09-12T15:39:28Z,1789227568,001973168,1973.2,60175,47.4
2026-09-12T15:39:38Z,1789227578,001968842,1968.8,60185,47.4
2026-09-12T15:39:48Z,1789227588,001964026,1964.0,60195,46.3
2026-09-12T15:39:58Z,1789227598,001960442,1960.4,60205,46.3
2026-09-12T15:40:08Z,1789227608,001955458,1955.5,60215,47.4
2026-09-12T15:40:18Z,1789227618,001952165,1952.2,60225,48.0
2026-09-12T15:40:28Z,1789227628,001947768,1947.8,60235,47.4
2026-09-12T15:40:38Z,1789227638,001944242,1944.2,60245,46.3
2026-09-12T15:40:48Z,1789227648,001939921,1939.9,60255,46.9
2026-09-12T15:40:58Z,1789227658,001936473,1936.5,60265,47.4
2026-09-12T15:41:08Z,1789227668,001932152,1932.2,60275,46.9
2026-09-12T15:41:18Z,1789227678,001929216,1929.2,60285,46.9
2026-09-12T15:41:28Z,1789227688,001924981,1925.0,60295,46.9
2026-09-12T15:41:38Z,1789227698,001921907,1921.9,60305,46.9
2026-09-12T15:41:48Z,1789227708,001918419,1918.4,60315,46.9
2026-09-12T15:41:58Z,1789227718,001915608,1915.6,60325,48.0
2026-09-12T15:42:08Z,1789227728,001911862,1911.9,60335,46.9
2026-09-12T15:42:18Z,1789227738,001908995,1909.0,60345,46.3
2026-09-12T15:42:28Z,1789227748,001905393,1905.4,60355,45.8
2026-09-12T15:42:38Z,1789227758,001902833,1902.8,60365,47.4
2026-09-12T15:42:48Z,1789227768,001898835,1898.8,60375,48.0
2026-09-12T15:42:58Z,1789227778,001896542,1896.5,60385,47.4
2026-09-12T15:43:08Z,1789227788,001893344,1893.3,60395,46.3
2026-09-12T15:43:18Z,1789227798,001890388,1890.4,60405,48.0
2026-09-12T15:43:28Z,1789227808,001887765,1887.8,60415,47.4
2026-09-12T15:43:38Z,1789227818,001885289,1885.3,60425,46.9
2026-09-12T15:43:48Z,1789227828,001882143,1882.1,60435,46.9
2026-09-12T15:43:58Z,1789227838,001879440,1879.4,60445,46.9
2026-09-12T15:44:08Z,1789227848,001876899,1876.9,60455,47.4
2026-09-12T15:44:18Z,1789227858,001874648,1874.6,60465,47.4
2026-09-12T15:44:28Z,1789227868,001871835,1871.8,60475,46.9
2026-09-12T15:44:38Z,1789227878,001869385,1869.4,60485,46.9
2026-09-12T15:44:48Z,1789227888,001867076,1867.1,60495,47.4
2026-09-12T15:44:58Z,1789227898,001865035,1865.0,60505,47.4
2026-09-12T15:45:08Z,1789227908,001862688,1862.7,60515,46.3
2026-09-12T15:45:18Z,1789227918,001860479,1860.5,60525,45.8
2026-09-12T15:45:28Z,1789227928,001857628,1857.6,60535,47.4
2026-09-12T15:45:38Z,1789227938,001855745,1855.7,60545,47.4
2026-09-12T15:45:48Z,1789227948,001853572,1853.6,60555,47.4
2026-09-12T15:45:58Z,1789227958,001851310,1851.3,60565,47.4
2026-09-12T15:46:08Z,1789227968,001849347,1849.3,60575,48.5
2026-09-12T15:46:18Z,1789227978,001847721,1847.7,60585,48.0
2026-09-12T15:46:28Z,1789227988,001845301,1845.3,60595,47.4
2026-09-12T15:46:38Z,1789227998,001845697,1845.7,60605,48.0
2026-09-12T15:46:48Z,1789228008,001841556,1841.6,60615,47.4
2026-09-12T15:46:58Z,1789228018,001839988,1840.0,60625,47.4
2026-09-12T15:47:08Z,1789228028,001837846,1837.8,60635,47.4
2026-09-12T15:47:18Z,1789228038,001836424,1836.4,60645,45.8
2026-09-12T15:47:28Z,1789228048,001834333,1834.3,60655,46.3
2026-09-12T15:47:38Z,1789228058,001832924,1832.9,60665,47.4
2026-09-12T15:47:48Z,1789228068,001830807,1830.8,60675,46.3
2026-09-12T15:47:58Z,1789228078,001829372,1829.4,60685,48.0
2026-09-12T15:48:08Z,1789228088,001827506,1827.5,60695,46.3
2026-09-12T15:48:18Z,1789228098,001826356,1826.4,60705,45.8
2026-09-12T15:48:28Z,1789228108,001823941,1823.9,60715,46.9
2026-09-12T15:48:38Z,1789228118,001823333,1823.3,60725,45.8
2026-09-12T15:48:48Z,1789228128,001821515,1821.5,60735,46.3
2026-09-12T15:48:58Z,1789228138,001820189,1820.2,60745,45.8
2026-09-12T15:49:08Z,1789228148,001818669,1818.7,60755,48.0
2026-09-12T15:49:18Z,1789228158,001817788,1817.8,60765,47.4
2026-09-12T15:49:28Z,1789228168,001816045,1816.0,60775,48.5
2026-09-12T15:49:38Z,1789228178,001814904,1814.9,60785,46.9
2026-09-12T15:49:48Z,1789228188,001813603,1813.6,60795,48.0
2026-09-12T15:49:58Z,1789228198,001812699,1812.7,60805,47.4
2026-09-12T15:50:08Z,1789228208,001810913,1810.9,60815,47.4
2026-09-12T15:50:18Z,1789228218,001809856,1809.9,60825,46.9
2026-09-12T15:50:28Z,1789228228,001808766,1808.8,60835,46.9
2026-09-12T15:50:38Z,1789228238,001807442,1807.4,60845,47.4
2026-09-12T15:50:48Z,1789228248,001806548,1806.5,60855,47.4
2026-09-12T15:50:58Z,1789228258,001805382,1805.4,60865,46.9
2026-09-12T15:51:08Z,1789228268,001804663,1804.7,60875,46.3
2026-09-12T15:51:18Z,1789228278,001803949,1803.9,60885,46.9
2026-09-12T15:51:28Z,1789228288,001802404,1802.4,60895,47.4
2026-09-12T15:51:38Z,1789228298,001801788,1801.8,60905,46.9
2026-09-12T15:51:48Z,1789228308,001800470,1800.5,60915,46.9
2026-09-12T15:51:58Z,1789228318,001799766,1799.8,60925,47.4
2026-09-12T15:52:09Z,1789228328,001798581,1798.6,60935,47.4
2026-09-12T15:52:19Z,1789228339,001797300,1797.3,60946,46.3
2026-09-12T15:52:29Z,1789228349,001796712,1796.7,60956,46.3
2026-09-12T15:52:39Z,1789228359,001795828,1795.8,60966,46.9
2026-09-12T15:52:49Z,1789228369,001794519,1794.5,60976,47.4
2026-09-12T15:52:59Z,1789228379,001794263,1794.3,60986,45.8
2026-09-12T15:53:09Z,1789228389,001793285,1793.3,60996,47.4
2026-09-12T15:53:19Z,1789228399,001792269,1792.3,61006,47.4
2026-09-12T15:53:29Z,1789228409,001791437,1791.4,61016,47.4
2026-09-12T15:53:39Z,1789228419,001791084,1791.1,61026,46.3
2026-09-12T15:53:49Z,1789228429,001789952,1790.0,61036,47.4
2026-09-12T15:53:59Z,1789228439,001789243,1789.2,61046,45.8
2026-09-12T15:54:09Z,1789228449,001788810,1788.8,61056,47.4
2026-09-12T15:54:19Z,1789228459,001788187,1788.2,61066,47.4
2026-09-12T15:54:29Z,1789228469,001786933,1786.9,61076,46.3
2026-09-12T15:54:39Z,1789228479,001786582,1786.6,61086,47.4
2026-09-12T15:54:49Z,1789228489,001786282,1786.3,61096,46.9
2026-09-12T15:54:59Z,1789228499,001785812,1785.8,61106,46.3
2026-09-12T15:55:09Z,1789228509,001785004,1785.0,61116,48.0
2026-09-12T15:55:19Z,1789228519,001784691,1784.7,61126,47.4
2026-09-12T15:55:29Z,1789228529,001783910,1783.9,61136,46.9
2026-09-12T15:55:39Z,1789228539,001783310,1783.3,61146,46.9
2026-09-12T15:55:49Z,1789228549,001782092,1782.1,61156,47.4
2026-09-12T15:55:59Z,1789228559,001782166,1782.2,61166,46.9
2026-09-12T15:56:09Z,1789228569,001781177,1781.2,61176,46.3
2026-09-12T15:56:19Z,1789228579,001782127,1782.1,61186,47.4
2026-09-12T15:56:29Z,1789228589,001780034,1780.0,61196,47.4
2026-09-12T15:56:39Z,1789228599,001779581,1779.6,61206,46.3
2026-09-12T15:56:49Z,1789228609,001779381,1779.4,61216,48.0
2026-09-12T15:56:59Z,1789228619,001778822,1778.8,61226,47.4
2026-09-12T15:57:09Z,1789228629,001777608,1777.6,61236,46.3
2026-09-12T15:57:19Z,1789228639,001777885,1777.9,61246,45.8
2026-09-12T15:57:29Z,1789228649,001776989,1777.0,61256,47.4
2026-09-12T15:57:39Z,1789228659,001776843,1776.8,61266,46.3
2026-09-12T15:57:49Z,1789228669,001776412,1776.4,61276,46.3
2026-09-12T15:57:59Z,1789228679,001775268,1775.3,61286,48.0
2026-09-12T15:58:09Z,1789228689,001775116,1775.1,61296,47.4
2026-09-12T15:58:19Z,1789228699,001774677,1774.7,61306,46.3
2026-09-12T15:58:29Z,1789228709,001774007,1774.0,61316,46.3
2026-09-12T15:58:39Z,1789228719,001774069,1774.1,61326,48.0
2026-09-12T15:58:49Z,1789228729,001773417,1773.4,61336,47.4
2026-09-12T15:58:59Z,1789228739,001772941,1772.9,61346,46.3
2026-09-12T15:59:09Z,1789228749,001772956,1773.0,61356,48.0
2026-09-12T15:59:19Z,1789228759,001772609,1772.6,61366,47.4
2026-09-12T15:59:29Z,1789228769,001771844,1771.8,61376,46.3
2026-09-12T15:59:39Z,1789228779,001771438,1771.4,61386,46.9
2026-09-12T15:59:49Z,1789228789,001771246,1771.2,61396,47.4
2026-09-12T15:59:59Z,1789228799,001771283,1771.3,61406,46.9
2026-09-12T16:00:09Z,1789228809,001770458,1770.5,61416,46.9
2026-09-12T16:00:19Z,1789228819,001770436,1770.4,61426,47.4
2026-09-12T16:00:29Z,1789228829,001769794,1769.8,61436,46.3
2026-09-12T16:00:39Z,1789228839,001770083,1770.1,61446,47.4
2026-09-12T16:00:49Z,1789228849,001769418,1769.4,61456,47.4
2026-09-12T16:00:59Z,1789228859,001768963,1769.0,61466,45.8
2026-09-12T16:01:09Z,1789228869,001768553,1768.6,61476,47.4
2026-09-12T16:01:19Z,1789228879,001768629,1768.6,61486,46.9
2026-09-12T16:01:29Z,1789228889,001768399,1768.4,61496,46.3
2026-09-12T16:01:39Z,1789228899,001770230,1770.2,61506,45.8
2026-09-12T16:01:49Z,1789228909,001768086,1768.1,61516,48.0
2026-09-12T16:01:59Z,1789228919,001767764,1767.8,61526,45.8
2026-09-12T16:02:09Z,1789228929,001767577,1767.6,61536,46.3
2026-09-12T16:02:19Z,1789228939,001767081,1767.1,61546,46.9
2026-09-12T16:02:29Z,1789228949,001766833,1766.8,61556,46.9
2026-09-12T16:02:39Z,1789228959,001766627,1766.6,61566,45.8
2026-09-12T16:02:49Z,1789228969,001766667,1766.7,61576,47.4
2026-09-12T16:02:59Z,1789228979,001766751,1766.8,61586,46.9
2026-09-12T16:03:09Z,1789228989,001766006,1766.0,61596,45.8
2026-09-12T16:03:19Z,1789228999,001766082,1766.1,61606,47.4
2026-09-12T16:03:29Z,1789229009,001765959,1766.0,61616,45.8
2026-09-12T16:03:39Z,1789229019,001766322,1766.3,61626,45.8
2026-09-12T16:03:49Z,1789229029,001765543,1765.5,61636,47.4
2026-09-12T16:03:59Z,1789229039,001765751,1765.8,61646,47.4
2026-09-12T16:04:09Z,1789229049,001766037,1766.0,61656,46.9
2026-09-12T16:04:19Z,1789229059,001765920,1765.9,61666,46.9
2026-09-12T16:04:29Z,1789229069,001765652,1765.7,61676,46.3
2026-09-12T16:04:39Z,1789229079,001768147,1768.1,61686,47.4
2026-09-12T16:04:49Z,1789229089,001769891,1769.9,61696,46.9
2026-09-12T16:04:59Z,1789229099,001771386,1771.4,61706,46.9
2026-09-12T16:05:09Z,1789229109,001772870,1772.9,61716,46.9
2026-09-12T16:05:19Z,1789229119,001774938,1774.9,61726,46.9
2026-09-12T16:05:29Z,1789229129,001777072,1777.1,61736,46.9
2026-09-12T16:05:39Z,1789229139,001778587,1778.6,61746,47.4
2026-09-12T16:05:49Z,1789229149,001779613,1779.6,61756,46.9
2026-09-12T16:05:59Z,1789229159,001784541,1784.5,61766,47.4
2026-09-12T16:06:09Z,1789229169,001783073,1783.1,61776,47.4
2026-09-12T16:06:19Z,1789229179,001784636,1784.6,61786,46.9
2026-09-12T16:06:29Z,1789229189,001785954,1786.0,61796,47.4
2026-09-12T16:06:39Z,1789229199,001788248,1788.2,61806,46.9
2026-09-12T16:06:49Z,1789229209,001789722,1789.7,61816,47.4
2026-09-12T16:06:59Z,1789229219,001791101,1791.1,61826,46.3
2026-09-12T16:07:09Z,1789229229,001792587,1792.6,61836,48.5
2026-09-12T16:07:19Z,1789229239,001793774,1793.8,61846,46.9
2026-09-12T16:07:29Z,1789229249,001795253,1795.3,61856,46.3
2026-09-12T16:07:39Z,1789229259,001797009,1797.0,61866,46.9
2026-09-12T16:07:49Z,1789229269,001798208,1798.2,61876,46.9
2026-09-12T16:07:59Z,1789229279,001800109,1800.1,61886,45.8
2026-09-12T16:08:09Z,1789229289,001801508,1801.5,61896,47.4
2026-09-12T16:08:19Z,1789229299,001803018,1803.0,61906,46.9
2026-09-12T16:08:29Z,1789229309,001803806,1803.8,61916,48.0
2026-09-12T16:08:39Z,1789229319,001805778,1805.8,61926,47.4
2026-09-12T16:08:49Z,1789229329,001807271,1807.3,61936,46.3
2026-09-12T16:08:59Z,1789229339,001808485,1808.5,61946,46.3
2026-09-12T16:09:09Z,1789229349,001809386,1809.4,61956,47.4
2026-09-12T16:09:19Z,1789229359,001811326,1811.3,61966,46.9
2026-09-12T16:09:29Z,1789229369,001812619,1812.6,61976,46.9
2026-09-12T16:09:40Z,1789229379,001813618,1813.6,61986,46.3
2026-09-12T16:09:50Z,1789229390,001815369,1815.4,61997,46.3
2026-09-12T16:10:00Z,1789229400,001816538,1816.5,62007,46.3
2026-09-12T16:10:10Z,1789229410,001817562,1817.6,62017,47.4
2026-09-12T16:10:20Z,1789229420,001819108,1819.1,62027,46.9
2026-09-12T16:10:30Z,1789229430,001820380,1820.4,62037,47.4
2026-09-12T16:10:40Z,1789229440,001821360,1821.4,62047,47.4
2026-09-12T16:10:50Z,1789229450,001822159,1822.2,62057,46.3
2026-09-12T16:11:00Z,1789229460,001823220,1823.2,62067,46.3
2026-09-12T16:11:10Z,1789229470,001830677,1830.7,62077,46.9
2026-09-12T16:11:20Z,1789229480,001825323,1825.3,62087,46.3
2026-09-12T16:11:30Z,1789229490,001826420,1826.4,62097,45.8
2026-09-12T16:11:40Z,1789229500,001829076,1829.1,62107,47.4
2026-09-12T16:11:50Z,1789229510,001828684,1828.7,62117,45.8
2026-09-12T16:12:00Z,1789229520,001829761,1829.8,62127,46.3
2026-09-12T16:12:10Z,1789229530,001830806,1830.8,62137,47.4
2026-09-12T16:12:20Z,1789229540,001831525,1831.5,62147,47.4
2026-09-12T16:12:30Z,1789229550,001832659,1832.7,62157,46.3
2026-09-12T16:12:40Z,1789229560,001833521,1833.5,62167,47.4
2026-09-12T16:12:50Z,1789229570,001835001,1835.0,62177,46.3
2026-09-12T16:13:00Z,1789229580,001835508,1835.5,62187,46.9
2026-09-12T16:13:10Z,1789229590,001836614,1836.6,62197,46.9
2026-09-12T16:13:20Z,1789229600,001837859,1837.9,62207,47.4
2026-09-12T16:13:30Z,1789229610,001838797,1838.8,62217,46.9
2026-09-12T16:13:40Z,1789229620,001840169,1840.2,62227,46.9
2026-09-12T16:13:50Z,1789229630,001840383,1840.4,62237,45.8
2026-09-12T16:14:00Z,1789229640,001841531,1841.5,62247,46.9
2026-09-12T16:14:10Z,1789229650,001843484,1843.5,62257,47.4
2026-09-12T16:14:20Z,1789229660,001843058,1843.1,62267,46.3
2026-09-12T16:14:30Z,1789229670,001843974,1844.0,62277,46.9
2026-09-12T16:14:40Z,1789229680,001844807,1844.8,62287,46.9
2026-09-12T16:14:50Z,1789229690,001846112,1846.1,62297,47.4
2026-09-12T16:15:00Z,1789229700,001846890,1846.9,62307,47.4
2026-09-12T16:15:10Z,1789229710,001848030,1848.0,62317,46.9
2026-09-12T16:15:20Z,1789229720,001848846,1848.8,62327,46.3
2026-09-12T16:15:30Z,1789229730,001849433,1849.4,62337,46.9
2026-09-12T16:15:40Z,1789229740,001850549,1850.5,62347,46.3
2026-09-12T16:15:50Z,1789229750,001850933,1850.9,62357,46.9
2026-09-12T16:16:00Z,1789229760,001852366,1852.4,62367,45.8
2026-09-12T16:16:10Z,1789229770,001855421,1855.4,62377,48.0
2026-09-12T16:16:20Z,1789229780,001853654,1853.7,62387,46.9
2026-09-12T16:16:30Z,1789229790,001854602,1854.6,62397,47.4
2026-09-12T16:16:40Z,1789229800,001856819,1856.8,62407,46.3
2026-09-12T16:16:50Z,1789229810,001856641,1856.6,62417,47.4
2026-09-12T16:17:00Z,1789229820,001857382,1857.4,62427,45.8
2026-09-12T16:17:10Z,1789229830,001858412,1858.4,62437,46.3
2026-09-12T16:17:20Z,1789229840,001858602,1858.6,62447,46.3
2026-09-12T16:17:30Z,1789229850,001859471,1859.5,62457,46.9
2026-09-12T16:17:40Z,1789229860,001860538,1860.5,62467,46.9
2026-09-12T16:17:50Z,1789229870,001861301,1861.3,62477,47.4
2026-09-12T16:18:00Z,1789229880,001861744,1861.7,62487,47.4
2026-09-12T16:18:10Z,1789229890,001862608,1862.6,62497,46.3
2026-09-12T16:18:20Z,1789229900,001863724,1863.7,62507,45.8
2026-09-12T16:18:30Z,1789229910,001864611,1864.6,62517,46.3
2026-09-12T16:18:40Z,1789229920,001866549,1866.5,62527,46.3
2026-09-12T16:18:50Z,1789229930,001865686,1865.7,62537,47.4
2026-09-12T16:19:00Z,1789229940,001866705,1866.7,62547,48.0
2026-09-12T16:19:10Z,1789229950,001868497,1868.5,62557,45.8
2026-09-12T16:19:20Z,1789229960,001868228,1868.2,62567,46.9
2026-09-12T16:19:30Z,1789229970,001868750,1868.8,62577,46.9
2026-09-12T16:19:40Z,1789229980,001869415,1869.4,62587,46.9
2026-09-12T16:19:50Z,1789229990,001870631,1870.6,62597,46.9
2026-09-12T16:20:00Z,1789230000,001871175,1871.2,62607,46.3
2026-09-12T16:20:10Z,1789230010,001872233,1872.2,62617,46.9
2026-09-12T16:20:20Z,1789230020,001872657,1872.7,62627,47.4
2026-09-12T16:20:30Z,1789230030,001873427,1873.4,62637,47.4
2026-09-12T16:20:40Z,1789230040,001873953,1874.0,62647,46.9
2026-09-12T16:20:50Z,1789230050,001874956,1875.0,62657,46.9
2026-09-12T16:21:00Z,1789230060,001875343,1875.3,62667,46.9
2026-09-12T16:21:10Z,1789230070,001880949,1880.9,62677,46.3
2026-09-12T16:21:20Z,1789230080,001876809,1876.8,62687,46.9
2026-09-12T16:21:30Z,1789230090,001877128,1877.1,62697,45.8
2026-09-12T16:21:40Z,1789230100,001879777,1879.8,62707,47.4
2026-09-12T16:21:50Z,1789230110,001878773,1878.8,62717,46.9
2026-09-12T16:22:00Z,1789230120,001879451,1879.5,62727,45.8
2026-09-12T16:22:10Z,1789230130,001880255,1880.3,62737,46.9
2026-09-12T16:22:20Z,1789230140,001880259,1880.3,62747,46.9
2026-09-12T16:22:30Z,1789230150,001881351,1881.4,62757,48.0
2026-09-12T16:22:40Z,1789230160,001881848,1881.8,62767,45.8
2026-09-12T16:22:50Z,1789230170,001882674,1882.7,62777,48.0
2026-09-12T16:23:00Z,1789230180,001883071,1883.1,62787,45.8
2026-09-12T16:23:10Z,1789230190,001883797,1883.8,62797,47.4
2026-09-12T16:23:20Z,1789230200,001884169,1884.2,62807,46.3
2026-09-12T16:23:30Z,1789230210,001884889,1884.9,62817,46.9
2026-09-12T16:23:40Z,1789230220,001884959,1885.0,62827,47.4
2026-09-12T16:23:50Z,1789230230,001886488,1886.5,62837,47.4
2026-09-12T16:24:00Z,1789230240,001886662,1886.7,62847,46.9
2026-09-12T16:24:10Z,1789230250,001888981,1889.0,62857,46.9
2026-09-12T16:24:20Z,1789230260,001887241,1887.2,62867,46.9
2026-09-12T16:24:30Z,1789230270,001888574,1888.6,62877,46.3
2026-09-12T16:24:40Z,1789230280,001888736,1888.7,62887,46.3
2026-09-12T16:24:50Z,1789230290,001889358,1889.4,62897,47.4
2026-09-12T16:25:00Z,1789230300,001889404,1889.4,62907,47.4
2026-09-12T16:25:10Z,1789230310,001891206,1891.2,62917,47.4
2026-09-12T16:25:20Z,1789230320,001890969,1891.0,62927,46.9
2026-09-12T16:25:30Z,1789230330,001891618,1891.6,62937,46.3
2026-09-12T16:25:40Z,1789230340,001892005,1892.0,62947,47.4
2026-09-12T16:25:50Z,1789230350,001892742,1892.7,62957,47.4
2026-09-12T16:26:00Z,1789230360,001893032,1893.0,62967,46.9
2026-09-12T16:26:10Z,1789230370,001896023,1896.0,62977,46.3
2026-09-12T16:26:20Z,1789230380,001893512,1893.5,62987,47.4
2026-09-12T16:26:30Z,1789230390,001894851,1894.9,62997,46.3
2026-09-12T16:26:40Z,1789230400,001898835,1898.8,63007,47.4
2026-09-12T16:26:50Z,1789230410,001895632,1895.6,63017,47.4
2026-09-12T16:27:00Z,1789230420,001896261,1896.3,63027,47.4
2026-09-12T16:27:11Z,1789230430,001897090,1897.1,63037,46.9
2026-09-12T16:27:21Z,1789230441,001897467,1897.5,63048,45.8
2026-09-12T16:27:31Z,1789230451,001897978,1898.0,63058,47.4
2026-09-12T16:27:41Z,1789230461,001899524,1899.5,63068,46.3
2026-09-12T16:27:51Z,1789230471,001898919,1898.9,63078,47.4
2026-09-12T16:28:01Z,1789230481,001899405,1899.4,63088,45.2
2026-09-12T16:28:11Z,1789230491,001899927,1899.9,63098,47.4
2026-09-12T16:28:21Z,1789230501,001899688,1899.7,63108,46.9
2026-09-12T16:28:31Z,1789230511,001901539,1901.5,63118,46.9
2026-09-12T16:28:41Z,1789230521,001901166,1901.2,63128,46.9
2026-09-12T16:28:51Z,1789230531,001902959,1903.0,63138,46.9
2026-09-12T16:29:01Z,1789230541,001902341,1902.3,63148,46.9
2026-09-12T16:29:11Z,1789230551,001903001,1903.0,63158,48.0
2026-09-12T16:29:21Z,1789230561,001903029,1903.0,63168,46.9
2026-09-12T16:29:31Z,1789230571,001904074,1904.1,63178,47.4
2026-09-12T16:29:41Z,1789230581,001904469,1904.5,63188,46.9
2026-09-12T16:29:51Z,1789230591,001904862,1904.9,63198,47.4
2026-09-12T16:30:01Z,1789230601,001910810,1910.8,63208,45.8
2026-09-12T16:30:11Z,1789230611,001905979,1906.0,63218,47.4
2026-09-12T16:30:21Z,1789230621,001906443,1906.4,63228,47.4
2026-09-12T16:30:31Z,1789230631,001906830,1906.8,63238,46.9
2026-09-12T16:30:41Z,1789230641,001907364,1907.4,63248,47.4
2026-09-12T16:30:51Z,1789230651,001907879,1907.9,63258,47.4
2026-09-12T16:31:01Z,1789230661,001908429,1908.4,63268,46.9
2026-09-12T16:31:11Z,1789230671,001909200,1909.2,63278,47.4
2026-09-12T16:31:21Z,1789230681,001909304,1909.3,63288,46.9
2026-09-12T16:31:31Z,1789230691,001911406,1911.4,63298,46.9
2026-09-12T16:31:41Z,1789230701,001910062,1910.1,63308,45.8
2026-09-12T16:31:51Z,1789230711,001910809,1910.8,63318,47.4
2026-09-12T16:32:01Z,1789230721,001910982,1911.0,63328,46.9
2026-09-12T16:32:11Z,1789230731,001911876,1911.9,63338,46.3
2026-09-12T16:32:21Z,1789230741,001912842,1912.8,63348,47.4
2026-09-12T16:32:31Z,1789230751,001915030,1915.0,63358,45.8
2026-09-12T16:32:41Z,1789230761,001913087,1913.1,63368,46.3
2026-09-12T16:32:51Z,1789230771,001913605,1913.6,63378,46.9
2026-09-12T16:33:01Z,1789230781,001913512,1913.5,63388,47.4
2026-09-12T16:33:11Z,1789230791,001915510,1915.5,63398,45.8
2026-09-12T16:33:21Z,1789230801,001915081,1915.1,63408,46.3
2026-09-12T16:33:31Z,1789230811,001916892,1916.9,63418,47.4
2026-09-12T16:33:41Z,1789230821,001915443,1915.4,63428,45.8
2026-09-12T16:33:51Z,1789230831,001916567,1916.6,63438,47.4
2026-09-12T16:34:01Z,1789230841,001917004,1917.0,63448,46.9
2026-09-12T16:34:11Z,1789230851,001917423,1917.4,63458,46.9
2026-09-12T16:34:21Z,1789230861,001918081,1918.1,63468,48.0
2026-09-12T16:34:31Z,1789230871,001919960,1920.0,63478,48.0
2026-09-12T16:34:41Z,1789230881,001919931,1919.9,63488,47.4
2026-09-12T16:34:51Z,1789230891,001919125,1919.1,63498,46.3
2026-09-12T16:35:01Z,1789230901,001919464,1919.5,63508,46.3
2026-09-12T16:35:11Z,1789230911,001920636,1920.6,63518,47.4
2026-09-12T16:35:21Z,1789230921,001921215,1921.2,63528,46.3
2026-09-12T16:35:31Z,1789230931,001921905,1921.9,63538,45.8
2026-09-12T16:35:41Z,1789230941,001922222,1922.2,63548,45.8
2026-09-12T16:35:51Z,1789230951,001923354,1923.4,63558,47.4
2026-09-12T16:36:01Z,1789230961,001922893,1922.9,63568,47.4
2026-09-12T16:36:11Z,1789230971,001925635,1925.6,63578,46.3
2026-09-12T16:36:21Z,1789230981,001924616,1924.6,63588,47.4
2026-09-12T16:36:31Z,1789230991,001925393,1925.4,63598,47.4
2026-09-12T16:36:41Z,1789231001,001925578,1925.6,63608,46.9
2026-09-12T16:36:51Z,1789231011,001926669,1926.7,63618,47.4
2026-09-12T16:37:01Z,1789231021,001929222,1929.2,63628,47.4
2026-09-12T16:37:11Z,1789231031,001928144,1928.1,63638,46.9
2026-09-12T16:37:21Z,1789231041,001928900,1928.9,63648,45.8
2026-09-12T16:37:31Z,1789231051,001930988,1931.0,63658,47.4
2026-09-12T16:37:41Z,1789231061,001930335,1930.3,63668,46.9
2026-09-12T16:37:51Z,1789231071,001931181,1931.2,63678,47.4
2026-09-12T16:38:01Z,1789231081,001931935,1931.9,63688,45.8
2026-09-12T16:38:11Z,1789231091,001933780,1933.8,63698,45.8
2026-09-12T16:38:21Z,1789231101,001933291,1933.3,63708,45.2
2026-09-12T16:38:31Z,1789231111,001934172,1934.2,63718,46.3
2026-09-12T16:38:41Z,1789231121,001933452,1933.5,63728,46.3
2026-09-12T16:38:51Z,1789231131,001931266,1931.3,63738,47.4
2026-09-12T16:39:01Z,1789231141,001928721,1928.7,63748,46.3
2026-09-12T16:39:11Z,1789231151,001927648,1927.6,63758,48.0
2026-09-12T16:39:21Z,1789231161,001925695,1925.7,63768,46.9
2026-09-12T16:39:31Z,1789231171,001923900,1923.9,63778,46.9
2026-09-12T16:39:41Z,1789231181,001923481,1923.5,63788,47.4
2026-09-12T16:39:51Z,1789231191,001920477,1920.5,63798,47.4
2026-09-12T16:40:01Z,1789231201,001918905,1918.9,63808,45.2
2026-09-12T16:40:11Z,1789231211,001917282,1917.3,63818,46.9
2026-09-12T16:40:21Z,1789231221,001915347,1915.3,63828,46.3
2026-09-12T16:40:31Z,1789231231,001914399,1914.4,63838,46.9
2026-09-12T16:40:41Z,1789231241,001912915,1912.9,63848,46.9
2026-09-12T16:40:51Z,1789231251,001913322,1913.3,63858,46.9
2026-09-12T16:41:01Z,1789231261,001909451,1909.5,63868,46.3
2026-09-12T16:41:11Z,1789231271,001908859,1908.9,63878,47.4
2026-09-12T16:41:21Z,1789231281,001907489,1907.5,63888,46.9
2026-09-12T16:41:31Z,1789231291,001905896,1905.9,63898,45.8
2026-09-12T16:41:41Z,1789231301,001905245,1905.2,63908,46.9
2026-09-12T16:41:51Z,1789231311,001903869,1903.9,63918,46.3
2026-09-12T16:42:01Z,1789231321,001903563,1903.6,63928,46.9
2026-09-12T16:42:11Z,1789231331,001902143,1902.1,63938,47.4
2026-09-12T16:42:21Z,1789231341,001900479,1900.5,63948,46.9
2026-09-12T16:42:31Z,1789231351,001899530,1899.5,63958,47.4
2026-09-12T16:42:41Z,1789231361,001898335,1898.3,63968,46.9
2026-09-12T16:42:51Z,1789231371,001897004,1897.0,63978,46.3
2026-09-12T16:43:01Z,1789231381,001896518,1896.5,63988,47.4
2026-09-12T16:43:11Z,1789231391,001896653,1896.7,63998,46.3
2026-09-12T16:43:21Z,1789231401,001894541,1894.5,64008,45.2
2026-09-12T16:43:31Z,1789231411,001894493,1894.5,64018,45.8
2026-09-12T16:43:41Z,1789231421,001892863,1892.9,64028,46.3
2026-09-12T16:43:51Z,1789231431,001891945,1891.9,64038,46.3
2026-09-12T16:44:01Z,1789231441,001891109,1891.1,64048,46.9
2026-09-12T16:44:11Z,1789231451,001889799,1889.8,64058,47.4
2026-09-12T16:44:21Z,1789231461,001890626,1890.6,64068,47.4
2026-09-12T16:44:31Z,1789231471,001888904,1888.9,64078,46.3
2026-09-12T16:44:42Z,1789231482,001889497,1889.5,64089,46.9
2026-09-12T16:44:52Z,1789231492,001887309,1887.3,64099,46.3
2026-09-12T16:45:02Z,1789231502,001892013,1892.0,64109,46.3
2026-09-12T16:45:12Z,1789231512,001886057,1886.1,64119,46.9
2026-09-12T16:45:22Z,1789231522,001885586,1885.6,64129,46.9
2026-09-12T16:45:32Z,1789231532,001884933,1884.9,64139,46.9
2026-09-12T16:45:42Z,1789231542,001884413,1884.4,64149,47.4
2026-09-12T16:45:52Z,1789231552,001883805,1883.8,64159,45.8
2026-09-12T16:46:02Z,1789231562,001883292,1883.3,64169,45.8
2026-09-12T16:46:12Z,1789231572,001882742,1882.7,64179,45.2
2026-09-12T16:46:22Z,1789231582,001882344,1882.3,64189,46.3
2026-09-12T16:46:32Z,1789231592,001881502,1881.5,64199,46.9
2026-09-12T16:46:42Z,1789231602,001881883,1881.9,64209,46.9
2026-09-12T16:46:52Z,1789231612,001880969,1881.0,64219,47.4
2026-09-12T16:47:02Z,1789231622,001880666,1880.7,64229,47.4
2026-09-12T16:47:12Z,1789231632,001879845,1879.8,64239,46.3
2026-09-12T16:47:22Z,1789231642,001880078,1880.1,64249,46.3
2026-09-12T16:47:32Z,1789231652,001879514,1879.5,64259,46.3
2026-09-12T16:47:42Z,1789231662,001879246,1879.2,64269,45.8
2026-09-12T16:47:52Z,1789231672,001879050,1879.0,64279,46.3
2026-09-12T16:48:02Z,1789231682,001878833,1878.8,64289,46.3
2026-09-12T16:48:12Z,1789231692,001878189,1878.2,64299,46.9
2026-09-12T16:48:22Z,1789231702,001877968,1878.0,64309,46.3
2026-09-12T16:48:32Z,1789231712,001877523,1877.5,64319,46.3
2026-09-12T16:48:42Z,1789231722,001877666,1877.7,64329,45.8
2026-09-12T16:48:52Z,1789231732,001877417,1877.4,64339,47.4
2026-09-12T16:49:02Z,1789231742,001877016,1877.0,64349,45.8
2026-09-12T16:49:12Z,1789231752,001877020,1877.0,64359,46.3
2026-09-12T16:49:22Z,1789231762,001876889,1876.9,64369,46.9
2026-09-12T16:49:32Z,1789231772,001876846,1876.8,64379,46.9
2026-09-12T16:49:42Z,1789231782,001876150,1876.2,64389,46.9
2026-09-12T16:49:52Z,1789231792,001876004,1876.0,64399,45.8
2026-09-12T16:50:02Z,1789231802,001876299,1876.3,64409,47.4
2026-09-12T16:50:12Z,1789231812,001875697,1875.7,64419,46.9
2026-09-12T16:50:22Z,1789231822,001875943,1875.9,64429,45.8
2026-09-12T16:50:32Z,1789231832,001875794,1875.8,64439,46.3
2026-09-12T16:50:42Z,1789231842,001875415,1875.4,64449,46.3
2026-09-12T16:50:52Z,1789231852,001875198,1875.2,64459,47.4
2026-09-12T16:51:02Z,1789231862,001875695,1875.7,64469,45.8
2026-09-12T16:51:12Z,1789231872,001875222,1875.2,64479,46.9
2026-09-12T16:51:22Z,1789231882,001875743,1875.7,64489,46.9
2026-09-12T16:51:32Z,1789231892,001874736,1874.7,64499,46.9
2026-09-12T16:51:42Z,1789231902,001875909,1875.9,64509,46.9
2026-09-12T16:51:52Z,1789231912,001875239,1875.2,64519,46.9
2026-09-12T16:52:02Z,1789231922,001875413,1875.4,64529,45.8
2026-09-12T16:52:12Z,1789231932,001875357,1875.4,64539,46.9
2026-09-12T16:52:22Z,1789231942,001875404,1875.4,64549,45.8
2026-09-12T16:52:32Z,1789231952,001875294,1875.3,64559,46.9
2026-09-12T16:52:42Z,1789231962,001874877,1874.9,64569,47.4
2026-09-12T16:52:52Z,1789231972,001875175,1875.2,64579,46.9
2026-09-12T16:53:02Z,1789231982,001875260,1875.3,64589,48.0
2026-09-12T16:53:12Z,1789231992,001875057,1875.1,64599,46.9
2026-09-12T16:53:22Z,1789232002,001875123,1875.1,64609,47.4
2026-09-12T16:53:32Z,1789232012,001875068,1875.1,64619,48.5
2026-09-12T16:53:42Z,1789232022,001875613,1875.6,64629,46.3
2026-09-12T16:53:52Z,1789232032,001874946,1874.9,64639,46.9
2026-09-12T16:54:02Z,1789232042,001875083,1875.1,64649,47.4
2026-09-12T16:54:12Z,1789232052,001875413,1875.4,64659,47.4
2026-09-12T16:54:22Z,1789232062,001875528,1875.5,64669,46.9
2026-09-12T16:54:32Z,1789232072,001875429,1875.4,64679,46.3
2026-09-12T16:54:42Z,1789232082,001875543,1875.5,64689,47.4
2026-09-12T16:54:52Z,1789232092,001875644,1875.6,64699,47.4
2026-09-12T16:55:02Z,1789232102,001881530,1881.5,64709,46.9
2026-09-12T16:55:12Z,1789232112,001875369,1875.4,64719,46.9
2026-09-12T16:55:22Z,1789232122,001876029,1876.0,64729,47.4
2026-09-12T16:55:32Z,1789232132,001875992,1876.0,64739,47.4
2026-09-12T16:55:42Z,1789232142,001876056,1876.1,64749,46.3
2026-09-12T16:55:52Z,1789232152,001875680,1875.7,64759,46.9
2026-09-12T16:56:02Z,1789232162,001876589,1876.6,64769,45.8
2026-09-12T16:56:12Z,1789232172,001876376,1876.4,64779,46.3
2026-09-12T16:56:22Z,1789232182,001876649,1876.6,64789,47.4
2026-09-12T16:56:32Z,1789232192,001876485,1876.5,64799,46.9
2026-09-12T16:56:42Z,1789232202,001877271,1877.3,64809,46.9
2026-09-12T16:56:52Z,1789232212,001876693,1876.7,64819,47.4
2026-09-12T16:57:02Z,1789232222,001877046,1877.0,64829,46.3
2026-09-12T16:57:12Z,1789232232,001876943,1876.9,64839,46.3
2026-09-12T16:57:22Z,1789232242,001877047,1877.0,64849,47.4
2026-09-12T16:57:32Z,1789232252,001877269,1877.3,64859,47.4
2026-09-12T16:57:42Z,1789232262,001877219,1877.2,64869,46.9
2026-09-12T16:57:52Z,1789232272,001877563,1877.6,64879,46.3
2026-09-12T16:58:02Z,1789232282,001877967,1878.0,64889,46.9
2026-09-12T16:58:12Z,1789232292,001877710,1877.7,64899,46.9
2026-09-12T16:58:22Z,1789232302,001878365,1878.4,64909,48.5
2026-09-12T16:58:32Z,1789232312,001878081,1878.1,64919,47.4
2026-09-12T16:58:42Z,1789232322,001878338,1878.3,64929,47.4
2026-09-12T16:58:52Z,1789232332,001878063,1878.1,64939,47.4
2026-09-12T16:59:02Z,1789232342,001878904,1878.9,64949,46.9
2026-09-12T16:59:12Z,1789232352,001878841,1878.8,64959,47.4
2026-09-12T16:59:22Z,1789232362,001879155,1879.2,64969,46.9
2026-09-12T16:59:32Z,1789232372,001878898,1878.9,64979,47.4
2026-09-12T16:59:42Z,1789232382,001879811,1879.8,64989,46.3
2026-09-12T16:59:52Z,1789232392,001879247,1879.2,64999,47.4
2026-09-12T17:00:02Z,1789232402,001880132,1880.1,65009,45.8
2026-09-12T17:00:12Z,1789232412,001880151,1880.2,65019,45.8
2026-09-12T17:00:22Z,1789232422,001880785,1880.8,65029,47.4
2026-09-12T17:00:32Z,1789232432,001880144,1880.1,65039,47.4
2026-09-12T17:00:42Z,1789232442,001880656,1880.7,65049,46.9
2026-09-12T17:00:52Z,1789232452,001880579,1880.6,65059,46.9
2026-09-12T17:01:02Z,1789232462,001881431,1881.4,65069,46.9
2026-09-12T17:01:12Z,1789232472,001881417,1881.4,65079,47.4
2026-09-12T17:01:22Z,1789232482,001881610,1881.6,65089,46.3
2026-09-12T17:01:32Z,1789232492,001882009,1882.0,65099,48.0
2026-09-12T17:01:42Z,1789232502,001882487,1882.5,65109,46.3
2026-09-12T17:01:52Z,1789232512,001882467,1882.5,65119,46.9
2026-09-12T17:02:03Z,1789232522,001882358,1882.4,65129,46.9
2026-09-12T17:02:13Z,1789232533,001882615,1882.6,65140,46.9
2026-09-12T17:02:23Z,1789232543,001883272,1883.3,65150,45.8
2026-09-12T17:02:33Z,1789232553,001883487,1883.5,65160,45.8
2026-09-12T17:02:43Z,1789232563,001883928,1883.9,65170,46.9
2026-09-12T17:02:53Z,1789232573,001883650,1883.7,65180,46.3
2026-09-12T17:03:03Z,1789232583,001884300,1884.3,65190,46.3
2026-09-12T17:03:13Z,1789232593,001884231,1884.2,65200,46.9
2026-09-12T17:03:23Z,1789232603,001884628,1884.6,65210,46.9
2026-09-12T17:03:33Z,1789232613,001884841,1884.8,65220,46.9
2026-09-12T17:03:43Z,1789232623,001885466,1885.5,65230,46.9
2026-09-12T17:03:53Z,1789232633,001885797,1885.8,65240,46.9
2026-09-12T17:04:03Z,1789232643,001886130,1886.1,65250,46.3
2026-09-12T17:04:13Z,1789232653,001886077,1886.1,65260,46.9
2026-09-12T17:04:23Z,1789232663,001886433,1886.4,65270,47.4
2026-09-12T17:04:33Z,1789232673,001887033,1887.0,65280,45.8
2026-09-12T17:04:43Z,1789232683,001886950,1887.0,65290,48.0
2026-09-12T17:04:53Z,1789232693,001887054,1887.1,65300,47.4
2026-09-12T17:05:03Z,1789232703,001892494,1892.5,65310,46.9
2026-09-12T17:05:13Z,1789232713,001888103,1888.1,65320,45.8
2026-09-12T17:05:23Z,1789232723,001888621,1888.6,65330,45.8
2026-09-12T17:05:33Z,1789232733,001889105,1889.1,65340,48.0
2026-09-12T17:05:43Z,1789232743,001889257,1889.3,65350,46.3
2026-09-12T17:05:53Z,1789232753,001889059,1889.1,65360,47.4
2026-09-12T17:06:03Z,1789232763,001889364,1889.4,65370,47.4
2026-09-12T17:06:13Z,1789232773,001889671,1889.7,65380,46.9
2026-09-12T17:06:23Z,1789232783,001890331,1890.3,65390,46.9
2026-09-12T17:06:33Z,1789232793,001890030,1890.0,65400,47.4
2026-09-12T17:06:43Z,1789232803,001890695,1890.7,65410,46.3
2026-09-12T17:06:53Z,1789232813,001890416,1890.4,65420,47.4
2026-09-12T17:07:03Z,1789232823,001891232,1891.2,65430,47.4
2026-09-12T17:07:13Z,1789232833,001891364,1891.4,65440,46.9
2026-09-12T17:07:23Z,1789232843,001891572,1891.6,65450,47.4
2026-09-12T17:07:33Z,1789232853,001891171,1891.2,65460,46.9
2026-09-12T17:07:43Z,1789232863,001892142,1892.1,65470,46.9
2026-09-12T17:07:53Z,1789232873,001891948,1891.9,65480,47.4
2026-09-12T17:08:03Z,1789232883,001892477,1892.5,65490,46.9
2026-09-12T17:08:13Z,1789232893,001892805,1892.8,65500,46.9
2026-09-12T17:08:23Z,1789232903,001893134,1893.1,65510,45.8
2026-09-12T17:08:33Z,1789232913,001892964,1893.0,65520,47.4
2026-09-12T17:08:43Z,1789232923,001893241,1893.2,65530,45.8
2026-09-12T17:08:53Z,1789232933,001893277,1893.3,65540,48.0
2026-09-12T17:09:03Z,1789232943,001894205,1894.2,65550,47.4
2026-09-12T17:09:13Z,1789232953,001894430,1894.4,65560,45.8
2026-09-12T17:09:23Z,1789232963,001894193,1894.2,65570,46.9
2026-09-12T17:09:33Z,1789232973,001894847,1894.8,65580,48.0
2026-09-12T17:09:43Z,1789232983,001895150,1895.2,65590,47.4
2026-09-12T17:09:53Z,1789232993,001895121,1895.1,65600,46.9
2026-09-12T17:10:03Z,1789233003,001896316,1896.3,65610,47.4
2026-09-12T17:10:13Z,1789233013,001895716,1895.7,65620,47.4
2026-09-12T17:10:23Z,1789233023,001896432,1896.4,65630,47.4
2026-09-12T17:10:33Z,1789233033,001896464,1896.5,65640,46.9
2026-09-12T17:10:43Z,1789233043,001896626,1896.6,65650,47.4
2026-09-12T17:10:53Z,1789233053,001896585,1896.6,65660,46.9
2026-09-12T17:11:03Z,1789233063,001897639,1897.6,65670,45.8
2026-09-12T17:11:13Z,1789233073,001897546,1897.5,65680,46.3
2026-09-12T17:11:23Z,1789233083,001898305,1898.3,65690,46.9
2026-09-12T17:11:33Z,1789233093,001897899,1897.9,65700,46.9
2026-09-12T17:11:43Z,1789233103,001899438,1899.4,65710,46.9
2026-09-12T17:11:53Z,1789233113,001898775,1898.8,65720,46.3
2026-09-12T17:12:03Z,1789233123,001899538,1899.5,65730,47.4
2026-09-12T17:12:13Z,1789233133,001899136,1899.1,65740,45.8
2026-09-12T17:12:23Z,1789233143,001900290,1900.3,65750,47.4
2026-09-12T17:12:33Z,1789233153,001900408,1900.4,65760,45.8
2026-09-12T17:12:43Z,1789233163,001901749,1901.7,65770,45.8
2026-09-12T17:12:53Z,1789233173,001900682,1900.7,65780,46.9
2026-09-12T17:13:03Z,1789233183,001900253,1900.3,65790,47.4
2026-09-12T17:13:13Z,1789233193,001899997,1900.0,65800,46.9
2026-09-12T17:13:23Z,1789233203,001900081,1900.1,65810,47.4
2026-09-12T17:13:33Z,1789233213,001900136,1900.1,65820,46.9
2026-09-12T17:13:43Z,1789233223,001899587,1899.6,65830,46.9
2026-09-12T17:13:53Z,1789233233,001899470,1899.5,65840,45.8
2026-09-12T17:14:03Z,1789233243,001899545,1899.5,65850,46.9
2026-09-12T17:14:13Z,1789233253,001899016,1899.0,65860,46.3
2026-09-12T17:14:23Z,1789233263,001898956,1899.0,65870,46.9
2026-09-12T17:14:33Z,1789233273,001899254,1899.3,65880,46.3
2026-09-12T17:14:43Z,1789233283,001899113,1899.1,65890,47.4
2026-09-12T17:14:53Z,1789233293,001898628,1898.6,65900,46.9
2026-09-12T17:15:03Z,1789233303,001898611,1898.6,65910,47.4
2026-09-12T17:15:13Z,1789233313,001898377,1898.4,65920,47.4
2026-09-12T17:15:23Z,1789233323,001898298,1898.3,65930,46.9
2026-09-12T17:15:33Z,1789233333,001898057,1898.1,65940,47.4
2026-09-12T17:15:43Z,1789233343,001897951,1898.0,65950,46.3
2026-09-12T17:15:53Z,1789233353,001897759,1897.8,65960,47.4
2026-09-12T17:16:03Z,1789233363,001897738,1897.7,65970,46.3
2026-09-12T17:16:13Z,1789233373,001897297,1897.3,65980,47.4
2026-09-12T17:16:23Z,1789233383,001897582,1897.6,65990,47.4
2026-09-12T17:16:33Z,1789233393,001897818,1897.8,66000,45.2
2026-09-12T17:16:43Z,1789233403,001897706,1897.7,66010,47.4
2026-09-12T17:16:53Z,1789233413,001897006,1897.0,66020,48.0
2026-09-12T17:17:03Z,1789233423,001897201,1897.2,66030,47.4
2026-09-12T17:17:13Z,1789233433,001897029,1897.0,66040,47.4
2026-09-12T17:17:23Z,1789233443,001897306,1897.3,66050,47.4
2026-09-12T17:17:33Z,1789233453,001897180,1897.2,66060,46.9
2026-09-12T17:17:43Z,1789233463,001897484,1897.5,66070,47.4
2026-09-12T17:17:53Z,1789233473,001896923,1896.9,66080,46.3
2026-09-12T17:18:03Z,1789233483,001896828,1896.8,66090,45.8
2026-09-12T17:18:13Z,1789233493,001896775,1896.8,66100,46.9
2026-09-12T17:18:23Z,1789233503,001897189,1897.2,66110,46.9
2026-09-12T17:18:33Z,1789233513,001897106,1897.1,66120,46.3
2026-09-12T17:18:43Z,1789233523,001897083,1897.1,66130,47.4
2026-09-12T17:18:53Z,1789233533,001896619,1896.6,66140,46.9
2026-09-12T17:19:03Z,1789233543,001897270,1897.3,66150,47.4
2026-09-12T17:19:13Z,1789233553,001897166,1897.2,66160,45.8
2026-09-12T17:19:23Z,1789233563,001897232,1897.2,66170,47.4
2026-09-12T17:19:34Z,1789233574,001898341,1898.3,66181,47.4
2026-09-12T17:19:44Z,1789233584,001897303,1897.3,66191,46.9
2026-09-12T17:19:54Z,1789233594,001896917,1896.9,66201,47.4
2026-09-12T17:20:04Z,1789233604,001897404,1897.4,66211,47.4
2026-09-12T17:20:14Z,1789233614,001898543,1898.5,66221,47.4
2026-09-12T17:20:24Z,1789233624,001897184,1897.2,66231,46.3
2026-09-12T17:20:34Z,1789233634,001897143,1897.1,66241,46.9
2026-09-12T17:20:44Z,1789233644,001897254,1897.3,66251,46.9
2026-09-12T17:20:54Z,1789233654,001897646,1897.6,66261,46.9
2026-09-12T17:21:04Z,1789233664,001897374,1897.4,66271,47.4
2026-09-12T17:21:14Z,1789233674,001897604,1897.6,66281,47.4
2026-09-12T17:21:24Z,1789233684,001897486,1897.5,66291,47.4
2026-09-12T17:21:34Z,1789233694,001897815,1897.8,66301,47.4
2026-09-12T17:21:44Z,1789233704,001897054,1897.1,66311,47.4
2026-09-12T17:21:54Z,1789233714,001897721,1897.7,66321,46.9
2026-09-12T17:22:04Z,1789233724,001897281,1897.3,66331,46.9
2026-09-12T17:22:14Z,1789233734,001897453,1897.5,66341,46.9
2026-09-12T17:22:24Z,1789233744,001897221,1897.2,66351,46.9
2026-09-12T17:22:34Z,1789233754,001898121,1898.1,66361,46.3
2026-09-12T17:22:44Z,1789233764,001897819,1897.8,66371,46.3
2026-09-12T17:22:54Z,1789233774,001897872,1897.9,66381,45.8
2026-09-12T17:23:04Z,1789233784,001897835,1897.8,66391,47.4
2026-09-12T17:23:14Z,1789233794,001898262,1898.3,66401,46.3
2026-09-12T17:23:24Z,1789233804,001897933,1897.9,66411,46.9
2026-09-12T17:23:34Z,1789233814,001897903,1897.9,66421,47.4
2026-09-12T17:23:44Z,1789233824,001898189,1898.2,66431,47.4
2026-09-12T17:23:54Z,1789233834,001898237,1898.2,66441,46.9
2026-09-12T17:24:04Z,1789233844,001898101,1898.1,66451,47.4
2026-09-12T17:24:14Z,1789233854,001898264,1898.3,66461,46.9
2026-09-12T17:24:24Z,1789233864,001898299,1898.3,66471,46.9
2026-09-12T17:24:34Z,1789233874,001898243,1898.2,66481,47.4
2026-09-12T17:24:44Z,1789233884,001898412,1898.4,66491,47.4
2026-09-12T17:24:54Z,1789233894,001897842,1897.8,66501,46.9
2026-09-12T17:25:04Z,1789233904,001898662,1898.7,66511,47.4
2026-09-12T17:25:14Z,1789233914,001898873,1898.9,66521,47.4
2026-09-12T17:25:24Z,1789233924,001898252,1898.3,66531,45.8
2026-09-12T17:25:34Z,1789233934,001898892,1898.9,66541,47.4
2026-09-12T17:25:44Z,1789233944,001898758,1898.8,66551,47.4
2026-09-12T17:25:54Z,1789233954,001898938,1898.9,66561,46.9
2026-09-12T17:26:04Z,1789233964,001898880,1898.9,66571,46.9
2026-09-12T17:26:14Z,1789233974,001898972,1899.0,66581,47.4
2026-09-12T17:26:24Z,1789233984,001898954,1899.0,66591,46.3
2026-09-12T17:26:34Z,1789233994,001899049,1899.0,66601,46.9
2026-09-12T17:26:44Z,1789234004,001898626,1898.6,66611,47.4
2026-09-12T17:26:54Z,1789234014,001898835,1898.8,66621,45.8
2026-09-12T17:27:04Z,1789234024,001899194,1899.2,66631,47.4
2026-09-12T17:27:14Z,1789234034,001898701,1898.7,66641,48.0
2026-09-12T17:27:24Z,1789234044,001899340,1899.3,66651,47.4
2026-09-12T17:27:34Z,1789234054,001899814,1899.8,66661,46.9
2026-09-12T17:27:44Z,1789234064,001899548,1899.5,66671,48.5
2026-09-12T17:27:54Z,1789234074,001899580,1899.6,66681,46.3
2026-09-12T17:28:04Z,1789234084,001899725,1899.7,66691,47.4
2026-09-12T17:28:14Z,1789234094,001899907,1899.9,66701,47.4
2026-09-12T17:28:24Z,1789234104,001899480,1899.5,66711,48.5
2026-09-12T17:28:34Z,1789234114,001900035,1900.0,66721,46.3
2026-09-12T17:28:44Z,1789234124,001900073,1900.1,66731,46.9
2026-09-12T17:28:54Z,1789234134,001900113,1900.1,66741,47.4
2026-09-12T17:29:04Z,1789234144,001900171,1900.2,66751,47.4
2026-09-12T17:29:14Z,1789234154,001900602,1900.6,66761,46.9
2026-09-12T17:29:24Z,1789234164,001900422,1900.4,66771,45.8
2026-09-12T17:29:34Z,1789234174,001900596,1900.6,66781,47.4
2026-09-12T17:29:44Z,1789234184,001900511,1900.5,66791,46.9
2026-09-12T17:29:54Z,1789234194,001900779,1900.8,66801,48.0
2026-09-12T17:30:04Z,1789234204,001900826,1900.8,66811,47.4
2026-09-12T17:30:14Z,1789234214,001901262,1901.3,66821,48.5
2026-09-12T17:30:24Z,1789234224,001900551,1900.6,66831,48.5
2026-09-12T17:30:34Z,1789234234,001901102,1901.1,66841,47.4
2026-09-12T17:30:44Z,1789234244,001901134,1901.1,66851,45.2
2026-09-12T17:30:54Z,1789234254,001901296,1901.3,66861,47.4
2026-09-12T17:31:04Z,1789234264,001901479,1901.5,66871,46.9
2026-09-12T17:31:14Z,1789234274,001901810,1901.8,66881,47.4
2026-09-12T17:31:24Z,1789234284,001901513,1901.5,66891,46.9
2026-09-12T17:31:34Z,1789234294,001901846,1901.8,66901,46.9
2026-09-12T17:31:44Z,1789234304,001901679,1901.7,66911,47.4
2026-09-12T17:31:54Z,1789234314,001901884,1901.9,66921,47.4
2026-09-12T17:32:04Z,1789234324,001901979,1902.0,66931,46.3
2026-09-12T17:32:14Z,1789234334,001901778,1901.8,66941,48.0
2026-09-12T17:32:24Z,1789234344,001902300,1902.3,66951,48.0
2026-09-12T17:32:34Z,1789234354,001902731,1902.7,66961,45.8
2026-09-12T17:32:44Z,1789234364,001902106,1902.1,66971,45.8
2026-09-12T17:32:54Z,1789234374,001902056,1902.1,66981,46.9
2026-09-12T17:33:04Z,1789234384,001902767,1902.8,66991,46.9
2026-09-12T17:33:14Z,1789234394,001902959,1903.0,67001,47.4
2026-09-12T17:33:24Z,1789234404,001903042,1903.0,67011,46.3
2026-09-12T17:33:34Z,1789234414,001903680,1903.7,67021,47.4
2026-09-12T17:33:44Z,1789234424,001903504,1903.5,67031,47.4
2026-09-12T17:33:54Z,1789234434,001903569,1903.6,67041,47.4
2026-09-12T17:34:04Z,1789234444,001903691,1903.7,67051,46.3
2026-09-12T17:34:14Z,1789234454,001904202,1904.2,67061,47.4
2026-09-12T17:34:24Z,1789234464,001904048,1904.0,67071,46.3
2026-09-12T17:34:34Z,1789234474,001904097,1904.1,67081,46.9
2026-09-12T17:34:44Z,1789234484,001904165,1904.2,67091,47.4
2026-09-12T17:34:54Z,1789234494,001904364,1904.4,67101,46.9
2026-09-12T17:35:04Z,1789234504,001904249,1904.2,67111,46.3
2026-09-12T17:35:14Z,1789234514,001904949,1904.9,67121,46.3
2026-09-12T17:35:24Z,1789234524,001904353,1904.4,67131,46.9
2026-09-12T17:35:34Z,1789234534,001905221,1905.2,67141,46.9
2026-09-12T17:35:44Z,1789234544,001904645,1904.6,67151,47.4
2026-09-12T17:35:54Z,1789234554,001904865,1904.9,67161,46.9
2026-09-12T17:36:04Z,1789234564,001905049,1905.0,67171,47.4
2026-09-12T17:36:14Z,1789234574,001905697,1905.7,67181,47.4
2026-09-12T17:36:24Z,1789234584,001905382,1905.4,67191,47.4
2026-09-12T17:36:34Z,1789234594,001905586,1905.6,67201,48.0
2026-09-12T17:36:44Z,1789234604,001905679,1905.7,67211,47.4
2026-09-12T17:36:55Z,1789234614,001906014,1906.0,67221,46.3
2026-09-12T17:37:05Z,1789234625,001906126,1906.1,67232,45.8
2026-09-12T17:37:15Z,1789234635,001905555,1905.6,67242,47.4
2026-09-12T17:37:25Z,1789234645,001906149,1906.1,67252,46.3
2026-09-12T17:37:35Z,1789234655,001906283,1906.3,67262,46.3
2026-09-12T17:37:45Z,1789234665,001906157,1906.2,67272,48.5
2026-09-12T17:37:55Z,1789234675,001906549,1906.5,67282,46.3
2026-09-12T17:38:05Z,1789234685,001906572,1906.6,67292,48.0
2026-09-12T17:38:15Z,1789234695,001906817,1906.8,67302,46.9
2026-09-12T17:38:25Z,1789234705,001906860,1906.9,67312,46.3
2026-09-12T17:38:35Z,1789234715,001907143,1907.1,67322,46.3
2026-09-12T17:38:45Z,1789234725,001906556,1906.6,67332,47.4
2026-09-12T17:38:55Z,1789234735,001907321,1907.3,67342,46.9
2026-09-12T17:39:05Z,1789234745,001906957,1907.0,67352,46.9
2026-09-12T17:39:15Z,1789234755,001907705,1907.7,67362,46.9
2026-09-12T17:39:25Z,1789234765,001907693,1907.7,67372,47.4
2026-09-12T17:39:35Z,1789234775,001907794,1907.8,67382,48.0
2026-09-12T17:39:45Z,1789234785,001908005,1908.0,67392,46.9
2026-09-12T17:39:55Z,1789234795,001908050,1908.0,67402,46.3
2026-09-12T17:40:05Z,1789234805,001908336,1908.3,67412,47.4
2026-09-12T17:40:15Z,1789234815,001908049,1908.0,67422,47.4
2026-09-12T17:40:25Z,1789234825,001908355,1908.4,67432,48.0
2026-09-12T17:40:35Z,1789234835,001908567,1908.6,67442,46.9
2026-09-12T17:40:45Z,1789234845,001908688,1908.7,67452,47.4
2026-09-12T17:40:55Z,1789234855,001908328,1908.3,67462,45.8
2026-09-12T17:41:05Z,1789234865,001908727,1908.7,67472,46.3
2026-09-12T17:41:15Z,1789234875,001909109,1909.1,67482,48.0
2026-09-12T17:41:25Z,1789234885,001909082,1909.1,67492,47.4
2026-09-12T17:41:35Z,1789234895,001909111,1909.1,67502,47.4
2026-09-12T17:41:45Z,1789234905,001909400,1909.4,67512,45.8
2026-09-12T17:41:55Z,1789234915,001909246,1909.2,67522,48.0
2026-09-12T17:42:05Z,1789234925,001908868,1908.9,67532,47.4
2026-09-12T17:42:15Z,1789234935,001908918,1908.9,67542,47.4
2026-09-12T17:42:25Z,1789234945,001909133,1909.1,67552,48.0
2026-09-12T17:42:35Z,1789234955,001909183,1909.2,67562,45.8
2026-09-12T17:42:45Z,1789234965,001908622,1908.6,67572,47.4
2026-09-12T17:42:55Z,1789234975,001908820,1908.8,67582,48.0
2026-09-12T17:43:05Z,1789234985,001908277,1908.3,67592,46.9
2026-09-12T17:43:15Z,1789234995,001908254,1908.3,67602,48.0
2026-09-12T17:43:25Z,1789235005,001908101,1908.1,67612,46.9
2026-09-12T17:43:35Z,1789235015,001907818,1907.8,67622,46.3
2026-09-12T17:43:45Z,1789235025,001907592,1907.6,67632,48.0
2026-09-12T17:43:55Z,1789235035,001907199,1907.2,67642,48.5
2026-09-12T17:44:05Z,1789235045,001906935,1906.9,67652,47.4
2026-09-12T17:44:15Z,1789235055,001906598,1906.6,67662,48.0
2026-09-12T17:44:25Z,1789235065,001906020,1906.0,67672,48.0
2026-09-12T17:44:35Z,1789235075,001905202,1905.2,67682,48.0
2026-09-12T17:44:45Z,1789235085,001904699,1904.7,67692,47.4
2026-09-12T17:44:55Z,1789235095,001904195,1904.2,67702,48.0
2026-09-12T17:45:05Z,1789235105,001903359,1903.4,67712,48.0
2026-09-12T17:45:15Z,1789235115,001902856,1902.9,67722,48.5
2026-09-12T17:45:25Z,1789235125,001901946,1901.9,67732,48.5
2026-09-12T17:45:35Z,1789235135,001901518,1901.5,67742,48.5
2026-09-12T17:45:45Z,1789235145,001900997,1901.0,67752,48.5
2026-09-12T17:45:55Z,1789235155,001900329,1900.3,67762,48.5
2026-09-12T17:46:05Z,1789235165,001899345,1899.3,67772,48.5
2026-09-12T17:46:15Z,1789235175,001898176,1898.2,67782,48.0
2026-09-12T17:46:25Z,1789235185,001897082,1897.1,67792,48.5
2026-09-12T17:46:35Z,1789235195,001896932,1896.9,67802,48.5
2026-09-12T17:46:45Z,1789235205,001894989,1895.0,67812,49.6
2026-09-12T17:46:55Z,1789235215,001899113,1899.1,67822,48.0
2026-09-12T17:47:05Z,1789235225,001895362,1895.4,67832,48.5
2026-09-12T17:47:15Z,1789235235,001895364,1895.4,67842,46.9
2026-09-12T17:47:25Z,1789235245,001892471,1892.5,67852,47.4
2026-09-12T17:47:35Z,1789235255,001889092,1889.1,67862,46.9
2026-09-12T17:47:45Z,1789235265,001887430,1887.4,67872,48.0
2026-09-12T17:47:55Z,1789235275,001886391,1886.4,67882,46.9
2026-09-12T17:48:05Z,1789235285,001884014,1884.0,67892,47.4
2026-09-12T17:48:15Z,1789235295,001883966,1884.0,67902,46.9
2026-09-12T17:48:25Z,1789235305,001881987,1882.0,67912,47.4
2026-09-12T17:48:35Z,1789235315,001881317,1881.3,67922,47.4
2026-09-12T17:48:45Z,1789235325,001880328,1880.3,67932,46.3
2026-09-12T17:48:55Z,1789235335,001883815,1883.8,67942,46.9
2026-09-12T17:49:05Z,1789235345,001880520,1880.5,67952,46.9
