utc,elapsed_s,soc_c,cpu0_mhz,cpu1_mhz,cpu2_mhz,cpu3_mhz,throttled,sda_c,sdb_c,ambient_c,sda_wr_mbs,sdb_wr_mbs,vault_free_gb,vault2_free_gb,rss_mb,pps_count,acq_running
2026-09-17T22:22:00Z,0,40.2,2400,2400,2400,2400,0x0,30,35,19,0.0,0.0,7061,7273,,340,0
2026-09-17T22:22:01Z,1,38.0,2400,2400,2400,2400,0x0,30,35,19,0.0,0.0,7061,7273,,341,0
2026-09-17T22:22:02Z,2,39.7,2400,2400,2400,2400,0x0,30,35,19,0.0,0.0,7061,7273,,342,0
2026-09-17T22:22:03Z,3,38.6,2400,2400,2400,2400,0x0,30,35,19,0.0,0.0,7061,7273,,343,0
2026-09-17T22:22:04Z,4,39.1,2400,2400,2400,2400,0x0,30,35,19,0.0,0.0,7061,7273,,344,0
2026-09-17T22:22:05Z,5,39.1,2400,2400,2400,2400,0x0,30,35,19,0.0,0.0,7061,7273,22,345,1
2026-09-17T22:22:06Z,6,39.1,2400,2400,2400,2400,0x0,30,35,19,0.0,0.0,7061,7273,22,346,1
2026-09-17T22:22:07Z,7,39.1,2400,2400,2400,2400,0x0,30,35,19,0.0,0.0,7061,7273,39,347,1
2026-09-17T22:22:08Z,8,39.7,2400,2400,2400,2400,0x0,30,35,19,0.0,0.0,7061,7273,65,348,1
2026-09-17T22:22:09Z,9,38.0,2400,2400,2400,2400,0x0,30,35,19,0.0,0.0,7061,7273,66,349,1
2026-09-17T22:22:10Z,10,38.0,2400,2400,2400,2400,0x0,30,35,19,0.0,0.0,7061,7273,378,350,1
2026-09-17T22:22:11Z,11,39.7,2400,2400,2400,2400,0x0,30,35,19,0.0,0.0,7061,7273,1892,351,1
2026-09-17T22:22:13Z,13,40.2,2400,2400,2400,2400,0x0,30,35,19,0.0,0.0,7061,7273,1931,353,1
2026-09-17T22:22:14Z,14,39.7,2400,2400,2400,2400,0x0,30,35,19,0.0,0.0,7061,7273,2048,354,1
2026-09-17T22:22:15Z,15,40.2,2400,2400,2400,2400,0x0,30,35,19,0.0,0.0,7061,7273,2109,355,1
2026-09-17T22:22:16Z,16,39.7,2400,2400,2400,2400,0x0,30,35,19,0.0,32.3,7061,7273,2171,356,1
2026-09-17T22:22:17Z,17,39.7,2400,2400,2400,2400,0x0,30,35,19,0.0,0.0,7061,7273,2232,357,1
2026-09-17T22:22:18Z,18,39.7,2400,2400,2400,2400,0x0,30,35,19,0.0,0.0,7061,7273,2294,358,1
2026-09-17T22:22:19Z,19,40.2,2400,2400,2400,2400,0x0,30,35,19,0.0,0.0,7061,7273,2355,359,1
2026-09-17T22:22:20Z,20,38.6,2400,2400,2400,2400,0x0,30,35,19,0.0,0.0,7061,7273,2417,360,1
2026-09-17T22:22:21Z,21,38.6,2400,2400,2400,2400,0x0,30,35,19,0.0,94.3,7061,7273,2447,361,1
2026-09-17T22:22:22Z,22,39.7,2400,2400,2400,2400,0x0,30,35,19,0.0,67.0,7061,7273,2447,362,1
2026-09-17T22:22:23Z,23,40.2,2400,2400,2400,2400,0x0,30,35,19,0.0,45.9,7061,7273,2447,363,1
2026-09-17T22:22:24Z,24,38.6,2400,2400,2400,2400,0x0,30,35,19,0.0,60.6,7061,7273,2447,364,1
2026-09-17T22:22:25Z,25,39.7,2400,2400,2400,2400,0x0,30,35,19,0.0,71.0,7061,7273,2447,365,1
2026-09-17T22:22:26Z,26,39.7,2400,2400,2400,2400,0x0,30,35,19,0.0,75.6,7061,7273,2447,366,1
2026-09-17T22:22:28Z,27,39.7,2400,2400,2400,2400,0x0,30,35,19,0.0,146.5,7061,7273,2447,367,1
2026-09-17T22:22:29Z,29,39.1,2400,2400,2400,2400,0x0,30,35,19,0.0,42.2,7061,7273,2447,369,1
2026-09-17T22:22:30Z,30,40.2,2400,2400,2400,2400,0x0,30,35,19,0.0,0.0,7061,7273,2447,370,1
2026-09-17T22:22:31Z,31,39.1,2400,2400,2400,2400,0x0,30,35,19,0.0,47.2,7061,7273,2447,371,1
2026-09-17T22:22:32Z,32,40.2,2400,2400,2400,2400,0x0,30,33,19,0.0,109.1,7061,7272,2447,372,1
2026-09-17T22:22:33Z,33,40.2,2400,2400,2400,2400,0x0,30,33,19,0.0,165.3,7061,7272,2447,373,1
2026-09-17T22:22:34Z,34,40.2,2400,2400,2400,2400,0x0,30,33,19,0.0,146.4,7061,7272,2447,374,1
2026-09-17T22:22:35Z,35,39.1,2400,2400,2400,2400,0x0,30,33,19,0.0,0.0,7061,7272,2447,375,1
2026-09-17T22:22:36Z,36,40.2,2400,2400,2400,2400,0x0,30,33,19,0.0,0.1,7061,7272,2447,376,1
2026-09-17T22:22:37Z,37,40.2,2400,2400,2400,2400,0x0,30,33,19,0.0,21.4,7061,7272,2447,377,1
2026-09-17T22:22:38Z,38,38.6,2400,2400,2400,2400,0x0,30,33,19,0.0,59.3,7061,7272,2447,378,1
2026-09-17T22:22:39Z,39,39.7,2400,2400,2400,2400,0x0,30,33,19,0.0,64.5,7061,7272,2447,379,1
2026-09-17T22:22:41Z,40,39.7,2400,2400,2400,2400,0x0,30,33,19,0.0,64.5,7061,7272,2447,380,1
2026-09-17T22:22:42Z,42,40.2,2400,2400,2400,2400,0x0,30,33,19,0.0,40.4,7061,7272,2447,382,1
2026-09-17T22:22:43Z,43,39.1,2400,2400,2400,2400,0x0,30,33,19,0.0,51.0,7061,7271,2447,383,1
2026-09-17T22:22:44Z,44,38.6,2400,2400,2400,2400,0x0,30,33,19,0.0,126.5,7061,7271,2447,384,1
2026-09-17T22:22:45Z,45,39.1,2400,2400,2400,2400,0x0,30,33,19,0.0,22.7,7061,7271,2447,385,1
2026-09-17T22:22:46Z,46,39.7,2400,2400,2400,2400,0x0,30,33,19,0.0,74.1,7061,7271,2447,386,1
2026-09-17T22:22:47Z,47,39.7,2400,2400,2400,2400,0x0,30,33,19,0.0,64.6,7061,7271,2447,387,1
2026-09-17T22:22:48Z,48,40.8,2400,2400,2400,2400,0x0,30,33,19,0.0,94.3,7061,7271,2447,388,1
2026-09-17T22:22:49Z,49,39.1,2400,2400,2400,2400,0x0,30,33,19,0.0,145.2,7061,7271,2447,389,1
2026-09-17T22:22:50Z,50,39.7,2400,2400,2400,2400,0x0,30,33,19,0.0,67.0,7061,7271,2447,390,1
2026-09-17T22:22:51Z,51,39.7,2400,2400,2400,2400,0x0,30,33,19,0.0,0.1,7061,7271,2447,391,1
2026-09-17T22:22:52Z,52,40.2,2400,2400,2400,2400,0x0,30,33,19,0.0,48.4,7061,7271,2447,392,1
2026-09-17T22:22:53Z,53,40.8,2400,2400,2400,2400,0x0,30,33,19,0.0,60.7,7061,7271,2447,393,1
2026-09-17T22:22:54Z,54,39.7,2400,2400,2400,2400,0x0,30,33,19,0.0,146.5,7061,7271,2447,394,1
2026-09-17T22:22:56Z,55,39.1,2400,2400,2400,2400,0x0,30,33,19,0.0,146.5,7061,7271,2447,395,1
2026-09-17T22:22:57Z,57,39.7,2400,2400,2400,2400,0x0,30,33,19,0.0,32.9,7061,7271,2447,397,1
2026-09-17T22:22:58Z,58,38.0,2400,2400,2400,2400,0x0,30,33,19,0.0,0.1,7061,7271,2447,398,1
2026-09-17T22:22:59Z,59,39.7,2400,2400,2400,2400,0x0,30,33,19,0.0,0.0,7061,7271,2447,399,1
2026-09-17T22:23:00Z,60,39.7,2400,2400,2400,2400,0x0,30,33,19,0.0,64.5,7061,7271,2447,400,1
2026-09-17T22:23:01Z,61,39.1,2400,2400,2400,2400,0x0,30,33,19,0.0,59.4,7061,7271,2447,401,1
2026-09-17T22:23:02Z,62,40.2,2400,2400,2400,2400,0x0,30,33,19,0.0,69.7,7061,7271,2447,402,1
2026-09-17T22:23:03Z,63,40.2,2400,2400,2400,2400,0x0,30,33,19,0.0,64.5,7061,7271,2447,403,1
2026-09-17T22:23:04Z,64,39.1,2400,2400,2400,2400,0x0,30,32,19,0.0,64.5,7061,7270,2447,404,1
2026-09-17T22:23:05Z,65,40.2,2400,2400,2400,2400,0x0,30,32,19,0.0,141.8,7061,7270,2447,405,1
2026-09-17T22:23:06Z,66,40.2,2400,2400,2400,2400,0x0,30,32,19,0.0,15.7,7061,7270,2447,406,1
2026-09-17T22:23:07Z,67,40.2,2400,2400,2400,2400,0x0,30,32,19,0.0,60.2,7061,7270,2447,407,1
2026-09-17T22:23:08Z,68,40.2,2400,2400,2400,2400,0x0,30,32,19,0.0,72.8,7061,7270,2447,408,1
2026-09-17T22:23:09Z,69,38.6,2400,2400,2400,2400,0x0,30,32,19,0.0,64.5,7061,7270,2447,409,1
2026-09-17T22:23:11Z,70,39.7,2400,2400,2400,2400,0x0,30,32,19,0.0,119.3,7061,7270,2447,410,1
2026-09-17T22:23:12Z,72,39.7,2400,2400,2400,2400,0x0,30,32,19,0.0,69.4,7061,7270,2447,412,1
2026-09-17T22:23:13Z,73,40.2,2400,2400,2400,2400,0x0,30,32,19,0.0,0.1,7061,7270,2447,413,1
2026-09-17T22:23:14Z,74,40.2,2400,2400,2400,2400,0x0,30,32,19,0.0,11.7,7061,7270,2447,414,1
2026-09-17T22:23:15Z,75,39.7,2400,2400,2400,2400,0x0,30,32,19,0.0,74.2,7061,7269,2447,415,1
2026-09-17T22:23:16Z,76,40.8,2400,2400,2400,2400,0x0,30,32,19,0.0,110.3,7061,7269,2447,416,1
2026-09-17T22:23:17Z,77,39.7,2400,2400,2400,2400,0x0,30,32,19,0.0,146.5,7061,7269,2447,417,1
2026-09-17T22:23:18Z,78,40.2,2400,2400,2400,2400,0x0,30,32,19,0.0,125.2,7061,7269,2447,418,1
2026-09-17T22:23:19Z,79,39.7,2400,2400,2400,2400,0x0,30,32,19,0.0,0.0,7061,7269,2447,419,1
2026-09-17T22:23:20Z,80,40.2,2400,2400,2400,2400,0x0,30,32,19,0.0,0.0,7061,7269,2447,420,1
2026-09-17T22:23:21Z,81,40.2,2400,2400,2400,2400,0x0,30,32,19,0.0,27.1,7061,7269,2447,421,1
2026-09-17T22:23:22Z,82,39.7,2400,2400,2400,2400,0x0,30,32,19,0.0,73.1,7061,7269,2447,422,1
2026-09-17T22:23:23Z,83,40.2,2400,2400,2400,2400,0x0,30,32,19,0.0,74.8,7061,7269,2447,423,1
2026-09-17T22:23:24Z,84,40.2,2400,2400,2400,2400,0x0,30,32,19,0.0,67.0,7061,7269,2447,424,1
2026-09-17T22:23:26Z,85,40.2,2400,2400,2400,2400,0x0,30,32,19,0.0,64.5,7061,7269,2447,425,1
2026-09-17T22:23:27Z,87,40.2,2400,2400,2400,2400,0x0,30,32,19,0.0,44.5,7061,7269,2447,427,1
2026-09-17T22:23:28Z,88,39.7,2400,2400,2400,2400,0x0,30,32,19,0.0,72.3,7061,7269,2447,428,1
2026-09-17T22:23:29Z,89,39.1,2400,2400,2400,2400,0x0,30,32,19,0.0,43.3,7061,7269,2447,429,1
2026-09-17T22:23:30Z,90,40.2,2400,2400,2400,2400,0x0,30,32,19,0.0,75.2,7061,7269,2447,430,1
2026-09-17T22:23:31Z,91,39.1,2400,2400,2400,2400,0x0,30,32,19,0.0,75.1,7061,7269,2447,431,1
2026-09-17T22:23:32Z,92,39.7,2400,2400,2400,2400,0x0,30,32,19,0.0,72.9,7061,7269,2447,432,1
2026-09-17T22:23:33Z,93,40.2,2400,2400,2400,2400,0x0,30,32,19,0.0,145.3,7061,7269,2448,433,1
2026-09-17T22:23:34Z,94,40.2,2400,2400,2400,2400,0x0,30,32,19,0.0,56.1,7061,7269,2448,434,1
2026-09-17T22:23:35Z,95,38.6,2400,2400,2400,2400,0x0,30,32,19,0.0,0.1,7061,7269,2448,435,1
2026-09-17T22:23:36Z,96,40.2,2400,2400,2400,2400,0x0,30,31,19,0.0,145.2,7061,7268,2448,436,1
2026-09-17T22:23:38Z,98,40.2,2400,2400,2400,2400,0x0,30,31,19,0.0,90.1,7061,7268,2448,438,1
2026-09-17T22:23:39Z,99,38.6,2400,2400,2400,2400,0x0,30,31,19,0.0,142.7,7061,7268,2448,439,1
2026-09-17T22:23:40Z,100,40.8,2400,2400,2400,2400,0x0,30,31,19,0.0,0.0,7061,7268,2448,440,1
2026-09-17T22:23:41Z,101,39.7,2400,2400,2400,2400,0x0,30,31,19,0.0,0.0,7061,7268,2448,441,1
2026-09-17T22:23:42Z,102,40.2,2400,2400,2400,2400,0x0,30,31,19,0.0,0.0,7061,7268,2448,442,1
2026-09-17T22:23:43Z,103,40.8,2400,2400,2400,2400,0x0,30,31,19,0.0,32.3,7061,7268,2448,443,1
2026-09-17T22:23:44Z,104,40.2,2400,2400,2400,2400,0x0,30,31,19,0.0,75.6,7061,7268,2448,444,1
2026-09-17T22:23:45Z,105,40.2,2400,2400,2400,2400,0x0,30,31,19,0.0,146.5,7061,7268,2448,445,1
2026-09-17T22:23:46Z,106,39.7,2400,2400,2400,2400,0x0,30,31,19,0.0,146.5,7061,7268,2448,446,1
2026-09-17T22:23:47Z,107,40.2,2400,2400,2400,2400,0x0,30,31,19,0.0,67.0,7061,7268,2448,447,1
2026-09-17T22:23:48Z,108,40.2,2400,2400,2400,2400,0x0,30,31,19,0.0,0.1,7061,7268,2448,448,1
2026-09-17T22:23:49Z,109,39.7,2400,2400,2400,2400,0x0,30,31,19,0.0,0.0,7061,7268,2448,449,1
2026-09-17T22:23:50Z,110,39.7,2400,2400,2400,2400,0x0,30,31,19,0.0,48.4,7061,7268,2448,450,1
2026-09-17T22:23:51Z,111,39.7,2400,2400,2400,2400,0x0,30,31,19,0.0,64.5,7061,7268,2448,451,1
2026-09-17T22:23:53Z,112,39.7,2400,2400,2400,2400,0x0,30,31,19,0.0,64.5,7061,7268,2448,452,1
2026-09-17T22:23:54Z,114,39.7,2400,2400,2400,2400,0x0,30,31,19,0.0,40.4,7061,7268,2448,454,1
2026-09-17T22:23:55Z,115,40.8,2400,2400,2400,2400,0x0,30,31,19,0.0,52.3,7061,7268,2448,455,1
2026-09-17T22:23:56Z,116,39.1,2400,2400,2400,2400,0x0,30,31,19,0.0,110.3,7061,7268,2448,456,1
2026-09-17T22:23:57Z,117,40.2,2400,2400,2400,2400,0x0,30,31,19,0.0,47.1,7061,7268,2448,457,1
2026-09-17T22:23:58Z,118,40.2,2400,2400,2400,2400,0x0,30,31,19,0.0,63.3,7061,7267,2448,458,1
2026-09-17T22:23:59Z,119,39.1,2400,2400,2400,2400,0x0,30,31,19,0.0,74.2,7061,7267,2448,459,1
2026-09-17T22:24:00Z,120,40.2,2400,2400,2400,2400,0x0,30,31,19,0.0,56.1,7061,7267,2448,460,1
2026-09-17T22:24:01Z,121,39.1,2400,2400,2400,2400,0x0,30,31,19,0.0,90.4,7061,7267,2448,461,1
2026-09-17T22:24:02Z,122,39.7,2400,2400,2400,2400,0x0,30,31,19,0.0,149.8,7061,7267,2448,462,1
2026-09-17T22:24:03Z,123,39.1,2400,2400,2400,2400,0x0,30,31,19,0.0,34.1,7061,7267,2448,463,1
2026-09-17T22:24:04Z,124,40.2,2400,2400,2400,2400,0x0,30,31,19,0.0,17.5,7061,7267,2448,464,1
2026-09-17T22:24:05Z,125,40.2,2400,2400,2400,2400,0x0,30,31,19,0.0,60.7,7061,7267,2448,465,1
2026-09-17T22:24:06Z,126,39.7,2400,2400,2400,2400,0x0,30,31,19,0.0,109.8,7061,7267,2448,466,1
2026-09-17T22:24:07Z,127,39.1,2400,2400,2400,2400,0x0,30,31,19,0.0,145.7,7061,7267,2448,467,1
2026-09-17T22:24:09Z,129,39.1,2400,2400,2400,2400,0x0,29,31,19,0.0,67.1,7061,7266,2448,469,1
2026-09-17T22:24:10Z,130,40.8,2400,2400,2400,2400,0x0,29,31,19,0.0,0.1,7061,7266,2448,470,1
2026-09-17T22:24:11Z,131,40.8,2400,2400,2400,2400,0x0,29,31,19,0.0,0.0,7061,7266,2448,471,1
2026-09-17T22:24:12Z,132,40.8,2400,2400,2400,2400,0x0,29,31,19,0.0,25.8,7061,7266,2448,472,1
2026-09-17T22:24:13Z,133,39.7,2400,2400,2400,2400,0x0,29,31,19,0.0,71.0,7061,7266,2448,473,1
2026-09-17T22:24:14Z,134,40.2,2400,2400,2400,2400,0x0,29,31,19,0.0,74.8,7061,7266,2448,474,1
2026-09-17T22:24:15Z,135,38.6,2400,2400,2400,2400,0x0,29,31,19,0.0,54.4,7061,7266,2448,475,1
2026-09-17T22:24:16Z,136,40.2,2400,2400,2400,2400,0x0,29,31,19,0.0,64.5,7061,7266,2448,476,1
2026-09-17T22:24:17Z,137,40.8,2400,2400,2400,2400,0x0,29,31,19,0.0,105.2,7061,7266,2448,477,1
2026-09-17T22:24:18Z,138,39.7,2400,2400,2400,2400,0x0,29,31,19,0.0,72.3,7061,7266,2448,478,1
2026-09-17T22:24:19Z,139,39.7,2400,2400,2400,2400,0x0,29,31,19,0.0,52.4,7061,7266,2448,479,1
2026-09-17T22:24:20Z,140,40.2,2400,2400,2400,2400,0x0,29,31,19,0.0,60.6,7061,7266,2448,480,1
2026-09-17T22:24:21Z,141,41.4,2400,2400,2400,2400,0x0,29,31,19,0.0,64.5,7061,7266,2448,481,1
2026-09-17T22:24:23Z,142,40.2,2400,2400,2400,2400,0x0,29,31,19,0.0,119.5,7061,7266,2448,482,1
2026-09-17T22:24:24Z,144,40.2,2400,2400,2400,2400,0x0,29,31,19,0.0,72.6,7061,7266,2448,484,1
2026-09-17T22:24:25Z,145,39.7,2400,2400,2400,2400,0x0,29,31,19,0.0,25.8,7061,7266,2448,485,1
2026-09-17T22:24:26Z,146,40.8,2400,2400,2400,2400,0x0,29,31,19,0.0,0.0,7061,7266,2448,486,1
2026-09-17T22:24:27Z,147,40.2,2400,2400,2400,2400,0x0,29,31,19,0.0,53.6,7061,7266,2448,487,1
2026-09-17T22:24:28Z,148,39.7,2400,2400,2400,2400,0x0,29,31,19,0.0,109.0,7061,7266,2448,488,1
2026-09-17T22:24:29Z,149,40.2,2400,2400,2400,2400,0x0,29,31,19,0.0,145.2,7061,7266,2448,489,1
2026-09-17T22:24:30Z,150,40.8,2400,2400,2400,2400,0x0,29,31,19,0.0,146.7,7061,7265,2448,490,1
2026-09-17T22:24:31Z,151,39.7,2400,2400,2400,2400,0x0,29,31,19,0.0,13.5,7061,7265,2448,491,1
2026-09-17T22:24:32Z,152,40.2,2400,2400,2400,2400,0x0,29,31,19,0.0,0.0,7061,7265,2448,492,1
2026-09-17T22:24:33Z,153,40.2,2400,2400,2400,2400,0x0,29,31,19,0.0,17.4,7061,7265,2448,493,1
2026-09-17T22:24:34Z,154,39.1,2400,2400,2400,2400,0x0,29,31,19,0.0,58.2,7061,7265,2448,494,1
2026-09-17T22:24:35Z,155,39.7,2400,2400,2400,2400,0x0,29,31,19,0.0,69.7,7061,7265,2448,495,1
2026-09-17T22:24:36Z,156,40.2,2400,2400,2400,2400,0x0,29,31,19,0.0,64.5,7061,7265,2448,496,1
2026-09-17T22:24:38Z,157,39.7,2400,2400,2400,2400,0x0,29,31,19,0.0,64.5,7061,7265,2448,498,1
2026-09-17T22:24:39Z,159,40.2,2400,2400,2400,2400,0x0,29,31,19,0.0,32.3,7061,7265,2448,499,1
2026-09-17T22:24:40Z,160,41.4,2400,2400,2400,2400,0x0,29,31,19,0.0,129.2,7061,7265,2448,500,1
2026-09-17T22:24:41Z,161,40.2,2400,2400,2400,2400,0x0,28,31,19,0.0,17.4,7061,7264,2448,501,1
2026-09-17T22:24:42Z,162,40.2,2400,2400,2400,2400,0x0,28,31,19,0.0,79.4,7061,7264,2448,502,1
2026-09-17T22:24:43Z,163,40.2,2400,2400,2400,2400,0x0,28,31,19,0.0,64.5,7061,7264,2448,503,1
2026-09-17T22:24:44Z,164,40.2,2400,2400,2400,2400,0x0,28,31,19,0.0,64.5,7061,7264,2448,504,1
2026-09-17T22:24:45Z,165,39.7,2400,2400,2400,2400,0x0,28,31,19,0.0,151.8,7061,7264,2448,505,1
2026-09-17T22:24:46Z,166,40.2,2400,2400,2400,2400,0x0,28,31,19,0.0,90.3,7061,7264,2448,506,1
2026-09-17T22:24:47Z,167,39.7,2400,2400,2400,2400,0x0,28,31,19,0.0,0.0,7061,7264,2448,507,1
2026-09-17T22:24:48Z,168,39.7,2400,2400,2400,2400,0x0,28,31,19,0.0,48.4,7061,7264,2448,508,1
2026-09-17T22:24:50Z,169,40.2,2400,2400,2400,2400,0x0,28,31,19,0.0,82.1,7061,7264,2448,509,1
2026-09-17T22:24:51Z,171,40.2,2400,2400,2400,2400,0x0,28,31,19,0.0,73.3,7061,7264,2448,511,1
2026-09-17T22:24:52Z,172,40.8,2400,2400,2400,2400,0x0,28,31,19,0.0,151.0,7061,7264,2448,512,1
2026-09-17T22:24:53Z,173,40.2,2400,2400,2400,2400,0x0,28,31,19,0.0,40.0,7061,7264,2448,513,1
2026-09-17T22:24:54Z,174,39.7,2400,2400,2400,2400,0x0,28,31,19,0.0,0.0,7061,7264,2448,514,1
2026-09-17T22:24:55Z,175,40.2,2400,2400,2400,2400,0x0,28,31,19,0.0,0.1,7061,7264,2448,515,1
2026-09-17T22:24:56Z,176,40.2,2400,2400,2400,2400,0x0,28,31,19,0.0,64.5,7061,7264,2448,516,1
2026-09-17T22:24:57Z,177,40.8,2400,2400,2400,2400,0x0,28,31,19,0.0,64.5,7061,7264,2448,517,1
2026-09-17T22:24:58Z,178,40.8,2400,2400,2400,2400,0x0,28,31,19,0.0,80.7,7061,7264,2448,518,1
2026-09-17T22:24:59Z,179,40.2,2400,2400,2400,2400,0x0,28,31,19,0.0,67.2,7061,7264,2448,519,1
2026-09-17T22:25:00Z,180,40.8,2400,2400,2400,2400,0x0,28,31,19,0.0,59.5,7061,7264,2448,520,1
2026-09-17T22:25:01Z,181,39.7,2400,2400,2400,2400,0x0,28,31,19,0.0,131.6,7061,7264,2448,521,1
2026-09-17T22:25:02Z,182,40.8,2400,2400,2400,2400,0x0,28,31,19,0.0,28.5,7061,7263,2448,522,1
2026-09-17T22:25:03Z,183,39.7,2400,2400,2400,2400,0x0,28,31,19,0.0,52.2,7061,7263,2448,523,1
2026-09-17T22:25:05Z,184,40.2,2400,2400,2400,2400,0x0,28,31,19,0.0,64.5,7061,7263,2448,524,1
2026-09-17T22:25:06Z,186,41.9,2400,2400,2400,2400,0x0,28,31,19,0.0,45.9,7061,7263,2448,526,1
2026-09-17T22:25:07Z,187,39.7,2400,2400,2400,2400,0x0,28,31,19,0.0,149.0,7061,7263,2448,527,1
2026-09-17T22:25:08Z,188,40.8,2400,2400,2400,2400,0x0,28,31,19,0.0,82.0,7061,7263,2448,528,1
2026-09-17T22:25:09Z,189,40.2,2400,2400,2400,2400,0x0,28,31,19,0.0,0.0,7061,7263,2448,529,1
2026-09-17T22:25:10Z,190,40.8,2400,2400,2400,2400,0x0,28,31,19,0.0,29.8,7061,7263,2448,530,1
2026-09-17T22:25:11Z,191,40.8,2400,2400,2400,2400,0x0,28,31,19,0.0,73.8,7061,7263,2448,531,1
2026-09-17T22:25:12Z,192,40.8,2400,2400,2400,2400,0x0,28,31,19,0.0,144.9,7061,7263,2448,532,1
2026-09-17T22:25:13Z,193,40.2,2400,2400,2400,2400,0x0,28,31,19,0.0,144.9,7061,7262,2448,533,1
2026-09-17T22:25:14Z,194,40.2,2400,2400,2400,2400,0x0,28,31,19,0.0,74.8,7061,7262,2448,534,1
2026-09-17T22:25:15Z,195,40.2,2400,2400,2400,2400,0x0,28,31,19,0.0,0.1,7061,7262,2448,535,1
2026-09-17T22:25:16Z,196,40.8,2400,2400,2400,2400,0x0,28,31,19,0.0,0.0,7061,7262,2448,536,1
2026-09-17T22:25:17Z,197,39.7,2400,2400,2400,2400,0x0,28,31,19,0.0,64.5,7061,7262,2448,537,1
2026-09-17T22:25:19Z,198,39.7,2400,2400,2400,2400,0x0,28,31,19,0.0,48.4,7061,7262,2448,538,1
2026-09-17T22:25:20Z,200,39.1,2400,2400,2400,2400,0x0,28,31,19,0.0,32.3,7061,7262,2448,540,1
2026-09-17T22:25:21Z,201,40.8,2400,2400,2400,2400,0x0,28,31,19,0.0,65.9,7061,7262,2448,541,1
2026-09-17T22:25:22Z,202,41.4,2400,2400,2400,2400,0x0,28,31,19,0.0,74.8,7061,7262,2448,542,1
2026-09-17T22:25:23Z,203,41.4,2400,2400,2400,2400,0x0,28,31,19,0.0,109.7,7061,7262,2448,543,1
2026-09-17T22:25:24Z,204,40.2,2400,2400,2400,2400,0x0,28,31,19,0.0,40.0,7061,7262,2448,544,1
2026-09-17T22:25:25Z,205,40.2,2400,2400,2400,2400,0x0,28,31,19,0.0,64.5,7061,7262,2448,545,1
2026-09-17T22:25:26Z,206,39.1,2400,2400,2400,2400,0x0,28,31,19,0.0,64.6,7061,7262,2448,546,1
2026-09-17T22:25:27Z,207,40.8,2400,2400,2400,2400,0x0,28,31,19,0.0,64.5,7061,7262,2448,547,1
2026-09-17T22:25:28Z,208,40.8,2400,2400,2400,2400,0x0,28,31,19,0.0,135.6,7061,7262,2448,548,1
2026-09-17T22:25:29Z,209,40.2,2400,2400,2400,2400,0x0,28,31,19,0.0,138.7,7061,7262,2448,549,1
2026-09-17T22:25:30Z,210,39.7,2400,2400,2400,2400,0x0,28,31,19,0.0,0.0,7061,7262,2448,550,1
2026-09-17T22:25:31Z,211,40.8,2400,2400,2400,2400,0x0,28,31,19,0.0,27.2,7061,7262,2448,551,1
2026-09-17T22:25:32Z,212,40.8,2400,2400,2400,2400,0x0,28,31,19,0.0,73.9,7061,7262,2448,552,1
2026-09-17T22:25:34Z,213,40.8,2400,2400,2400,2400,0x0,28,31,19,0.0,144.9,7061,7262,2448,553,1
2026-09-17T22:25:35Z,215,41.4,2400,2400,2400,2400,0x0,28,31,19,0.0,72.6,7061,7261,2448,555,1
2026-09-17T22:25:36Z,216,39.1,2400,2400,2400,2400,0x0,28,31,19,0.0,76.8,7061,7261,2448,556,1
2026-09-17T22:25:37Z,217,40.2,2400,2400,2400,2400,0x0,28,31,19,0.0,0.1,7061,7261,2448,557,1
2026-09-17T22:25:38Z,218,40.8,2400,2400,2400,2400,0x0,28,31,19,0.0,0.0,7061,7261,2448,558,1
2026-09-17T22:25:39Z,219,40.8,2400,2400,2400,2400,0x0,28,31,19,0.0,28.5,7061,7261,2448,559,1
2026-09-17T22:25:40Z,220,40.8,2400,2400,2400,2400,0x0,28,31,19,0.0,73.6,7061,7261,2448,560,1
2026-09-17T22:25:41Z,221,39.1,2400,2400,2400,2400,0x0,28,31,19,0.0,59.4,7061,7261,2448,561,1
2026-09-17T22:25:42Z,222,39.7,2400,2400,2400,2400,0x0,28,31,19,0.0,64.5,7061,7261,2448,562,1
2026-09-17T22:25:43Z,223,40.8,2400,2400,2400,2400,0x0,28,31,19,0.0,64.5,7061,7261,2448,563,1
2026-09-17T22:25:44Z,224,42.5,2400,2400,2400,2400,0x0,28,31,19,0.0,72.9,7061,7261,2448,564,1
2026-09-17T22:25:45Z,225,40.8,2400,2400,2400,2400,0x0,28,31,19,0.0,104.6,7061,7260,2448,565,1
2026-09-17T22:25:46Z,226,40.8,2400,2400,2400,2400,0x0,28,31,19,0.0,48.5,7061,7260,2448,566,1
2026-09-17T22:25:47Z,227,39.7,2400,2400,2400,2400,0x0,28,31,19,0.0,64.5,7061,7260,2448,567,1
2026-09-17T22:25:49Z,228,39.7,2400,2400,2400,2400,0x0,28,31,19,0.0,64.5,7061,7260,2448,568,1
2026-09-17T22:25:50Z,230,40.8,2400,2400,2400,2400,0x0,28,31,19,0.0,46.5,7061,7260,2448,570,1
2026-09-17T22:25:51Z,231,41.4,2400,2400,2400,2400,0x0,28,31,19,0.0,149.0,7061,7260,2448,571,1
2026-09-17T22:25:52Z,232,41.4,2400,2400,2400,2400,0x0,28,31,19,0.0,48.5,7061,7260,2448,572,1
2026-09-17T22:25:53Z,233,40.8,2400,2400,2400,2400,0x0,28,31,19,0.0,0.0,7061,7260,2448,573,1
2026-09-17T22:25:54Z,234,40.8,2400,2400,2400,2400,0x0,28,31,19,0.0,77.8,7061,7260,2448,574,1
2026-09-17T22:25:55Z,235,41.4,2400,2400,2400,2400,0x0,28,31,19,0.0,109.4,7061,7260,2448,575,1
2026-09-17T22:25:56Z,236,40.8,2400,2400,2400,2400,0x0,28,31,19,0.0,145.3,7061,7260,2448,576,1
2026-09-17T22:25:57Z,237,39.7,2400,2400,2400,2400,0x0,28,31,19,0.0,135.5,7061,7260,2448,577,1
2026-09-17T22:25:58Z,238,40.8,2400,2400,2400,2400,0x0,28,31,19,0.0,0.0,7061,7260,2448,578,1
2026-09-17T22:25:59Z,239,40.2,2400,2400,2400,2400,0x0,28,31,19,0.0,0.0,7061,7260,2448,579,1
2026-09-17T22:26:00Z,240,40.8,2400,2400,2400,2400,0x0,28,31,19,0.0,18.8,7061,7260,2448,580,1
2026-09-17T22:26:01Z,241,40.8,2400,2400,2400,2400,0x0,28,31,19,0.0,59.8,7061,7260,2448,581,1
2026-09-17T22:26:02Z,242,40.2,2400,2400,2400,2400,0x0,28,31,19,0.0,66.8,7061,7260,2448,582,1
2026-09-17T22:26:04Z,243,40.8,2400,2400,2400,2400,0x0,28,31,19,0.0,64.5,7061,7260,2448,583,1
2026-09-17T22:26:05Z,245,39.7,2400,2400,2400,2400,0x0,28,31,19,0.0,32.3,7061,7260,2448,585,1
2026-09-17T22:26:06Z,246,39.7,2400,2400,2400,2400,0x0,28,31,19,0.0,80.7,7061,7260,2448,586,1
2026-09-17T22:26:07Z,247,40.2,2400,2400,2400,2400,0x0,28,31,19,0.0,112.9,7061,7259,2448,587,1
2026-09-17T22:26:08Z,248,40.8,2400,2400,2400,2400,0x0,28,31,19,0.0,20.4,7061,7259,2448,588,1
2026-09-17T22:26:09Z,249,40.8,2400,2400,2400,2400,0x0,28,31,19,0.0,74.0,7061,7259,2448,589,1
2026-09-17T22:26:10Z,250,39.7,2400,2400,2400,2400,0x0,28,31,19,0.0,72.3,7061,7259,2448,590,1
2026-09-17T22:26:11Z,251,40.8,2400,2400,2400,2400,0x0,28,31,19,0.0,59.3,7061,7259,2448,591,1
2026-09-17T22:26:12Z,252,41.4,2400,2400,2400,2400,0x0,28,31,19,0.0,122.6,7061,7259,2448,592,1
2026-09-17T22:26:13Z,253,40.8,2400,2400,2400,2400,0x0,28,31,19,0.0,119.5,7061,7259,2448,593,1
2026-09-17T22:26:14Z,254,40.8,2400,2400,2400,2400,0x0,28,31,19,0.0,0.0,7061,7259,2448,594,1
2026-09-17T22:26:15Z,255,40.8,2400,2400,2400,2400,0x0,28,31,19,0.0,45.9,7061,7259,2448,595,1
2026-09-17T22:26:16Z,256,40.8,2400,2400,2400,2400,0x0,28,31,19,0.0,60.6,7061,7259,2448,596,1
2026-09-17T22:26:18Z,257,41.4,2400,2400,2400,2400,0x0,27,31,19,0.0,144.0,7061,7259,2448,598,1
2026-09-17T22:26:19Z,259,41.4,2400,2400,2400,2400,0x0,27,31,19,0.0,86.5,7061,7259,2448,599,1
2026-09-17T22:26:20Z,260,41.9,2400,2400,2400,2400,0x0,27,31,19,0.0,44.5,7061,7259,2448,600,1
2026-09-17T22:26:21Z,261,40.2,2400,2400,2400,2400,0x0,27,31,19,0.0,0.0,7061,7259,2448,601,1
2026-09-17T22:26:22Z,262,39.7,2400,2400,2400,2400,0x0,27,31,19,0.0,0.0,7061,7259,2448,602,1
2026-09-17T22:26:23Z,263,40.2,2400,2400,2400,2400,0x0,27,31,19,0.0,70.6,7061,7259,2448,603,1
2026-09-17T22:26:24Z,264,41.4,2400,2400,2400,2400,0x0,27,31,19,0.0,58.6,7061,7259,2448,604,1
2026-09-17T22:26:25Z,265,39.7,2400,2400,2400,2400,0x0,27,31,19,0.0,80.7,7061,7259,2448,605,1
2026-09-17T22:26:26Z,266,41.9,2400,2400,2400,2400,0x0,27,31,19,0.0,48.4,7061,7259,2448,606,1
2026-09-17T22:26:27Z,267,42.5,2400,2400,2400,2400,0x0,27,31,19,0.0,88.5,7061,7259,2448,607,1
2026-09-17T22:26:28Z,268,41.4,2400,2400,2400,2400,0x0,27,31,19,0.0,121.4,7061,7258,2448,608,1
2026-09-17T22:26:29Z,269,41.4,2400,2400,2400,2400,0x0,27,31,19,0.0,16.1,7061,7258,2448,609,1
2026-09-17T22:26:30Z,270,41.4,2400,2400,2400,2400,0x0,27,31,19,0.0,64.5,7061,7258,2448,610,1
2026-09-17T22:26:31Z,271,40.8,2400,2400,2400,2400,0x0,27,31,19,0.0,64.5,7061,7258,2448,611,1
2026-09-17T22:26:33Z,273,40.2,2400,2400,2400,2400,0x0,27,31,19,0.0,32.3,7061,7258,2448,613,1
2026-09-17T22:26:34Z,274,40.2,2400,2400,2400,2400,0x0,27,31,19,0.0,134.3,7061,7258,2448,614,1
2026-09-17T22:26:35Z,275,41.9,2400,2400,2400,2400,0x0,27,31,19,0.0,123.8,7061,7258,2448,615,1
2026-09-17T22:26:36Z,276,41.9,2400,2400,2400,2400,0x0,27,31,19,0.0,0.0,7061,7258,2448,616,1
2026-09-17T22:26:37Z,277,40.2,2400,2400,2400,2400,0x0,27,31,19,0.0,27.1,7061,7258,2448,617,1
2026-09-17T22:26:38Z,278,41.4,2400,2400,2400,2400,0x0,27,31,19,0.0,87.2,7061,7258,2448,618,1
2026-09-17T22:26:39Z,279,40.8,2400,2400,2400,2400,0x0,27,31,19,0.0,145.2,7061,7257,2448,619,1
2026-09-17T22:26:40Z,280,41.4,2400,2400,2400,2400,0x0,27,31,19,0.0,146.5,7061,7257,2448,620,1
2026-09-17T22:26:41Z,281,41.4,2400,2400,2400,2400,0x0,27,31,19,0.0,61.9,7061,7257,2448,621,1
2026-09-17T22:26:42Z,282,40.8,2400,2400,2400,2400,0x0,27,31,19,0.0,0.0,7061,7257,2448,622,1
2026-09-17T22:26:43Z,283,41.4,2400,2400,2400,2400,0x0,27,31,19,0.0,0.1,7061,7257,2448,623,1
2026-09-17T22:26:44Z,284,41.4,2400,2400,2400,2400,0x0,27,31,19,0.0,55.6,7061,7257,2448,624,1
2026-09-17T22:26:45Z,285,41.4,2400,2400,2400,2400,0x0,27,31,19,0.0,57.3,7061,7257,2448,625,1
2026-09-17T22:26:46Z,286,42.5,2400,2400,2400,2400,0x0,27,31,19,0.0,64.5,7061,7257,2448,626,1
2026-09-17T22:26:48Z,287,40.8,2400,2400,2400,2400,0x0,27,31,19,0.0,64.5,7061,7257,2448,627,1
2026-09-17T22:26:49Z,289,40.8,2400,2400,2400,2400,0x0,27,31,19,0.0,32.3,7061,7257,2448,629,1
2026-09-17T22:26:50Z,290,41.4,2400,2400,2400,2400,0x0,27,31,19,0.0,105.2,7061,7257,2448,630,1
2026-09-17T22:26:51Z,291,40.8,2400,2400,2400,2400,0x0,27,31,19,0.0,56.1,7061,7257,2448,631,1
2026-09-17T22:26:52Z,292,41.4,2400,2400,2400,2400,0x0,27,31,19,0.0,79.5,7061,7257,2448,632,1
2026-09-17T22:26:53Z,293,40.8,2400,2400,2400,2400,0x0,27,31,19,0.0,49.7,7061,7257,2448,633,1
2026-09-17T22:26:54Z,294,41.9,2400,2400,2400,2400,0x0,27,31,19,0.0,64.5,7061,7257,2448,634,1
2026-09-17T22:26:55Z,295,40.8,2400,2400,2400,2400,0x0,27,31,19,0.0,154.9,7061,7257,2448,635,1
2026-09-17T22:26:56Z,296,41.9,2400,2400,2400,2400,0x0,27,31,19,0.0,119.4,7061,7257,2448,636,1
2026-09-17T22:26:57Z,297,40.2,2400,2400,2400,2400,0x0,27,31,19,0.0,0.0,7061,7257,2448,637,1
2026-09-17T22:26:58Z,298,41.4,2400,2400,2400,2400,0x0,27,31,19,0.0,32.4,7061,7257,2448,638,1
2026-09-17T22:27:00Z,299,40.8,2400,2400,2400,2400,0x0,27,31,19,0.0,48.4,7061,7257,2448,640,1
2026-09-17T22:27:01Z,301,39.7,2400,2400,2400,2400,0x0,27,31,19,0.0,65.8,7061,7256,2448,641,1
2026-09-17T22:27:02Z,302,43.0,2400,2400,2400,2400,0x0,27,31,19,0.0,151.0,7061,7256,2448,642,1
2026-09-17T22:27:03Z,303,40.2,2400,2400,2400,2400,0x0,27,31,19,0.0,104.6,7061,7256,2448,643,1
2026-09-17T22:27:04Z,304,41.9,2400,2400,2400,2400,0x0,27,31,19,0.0,0.3,7061,7256,2448,644,1
2026-09-17T22:27:05Z,305,40.8,2400,2400,2400,2400,0x0,27,31,19,0.0,0.0,7061,7256,2448,645,1
2026-09-17T22:27:06Z,306,39.7,2400,2400,2400,2400,0x0,27,31,19,0.0,32.3,7061,7256,2448,646,1
2026-09-17T22:27:07Z,307,41.4,2400,2400,2400,2400,0x0,27,31,19,0.0,64.5,7061,7256,2448,647,1
2026-09-17T22:27:08Z,308,41.9,2400,2400,2400,2400,0x0,27,31,19,0.0,64.5,7061,7256,2448,648,1
2026-09-17T22:27:09Z,309,41.9,2400,2400,2400,2400,0x0,27,31,19,0.0,89.1,7061,7256,2448,649,1
2026-09-17T22:27:10Z,310,40.8,2400,2400,2400,2400,0x0,27,31,19,0.0,60.1,7061,7256,2448,650,1
2026-09-17T22:27:11Z,311,41.9,2400,2400,2400,2400,0x0,27,31,19,0.0,110.1,7061,7255,2448,651,1
2026-09-17T22:27:12Z,312,40.8,2400,2400,2400,2400,0x0,27,31,19,0.0,47.3,7061,7255,2448,652,1
2026-09-17T22:27:14Z,313,42.5,2400,2400,2400,2400,0x0,27,31,19,0.0,48.6,7061,7255,2448,653,1
2026-09-17T22:27:15Z,315,40.2,2400,2400,2400,2400,0x0,27,31,19,0.0,32.3,7061,7255,2448,655,1
2026-09-17T22:27:16Z,316,40.8,2400,2400,2400,2400,0x0,27,31,19,0.0,80.7,7061,7255,2448,656,1
2026-09-17T22:27:17Z,317,41.4,2400,2400,2400,2400,0x0,27,31,19,0.0,153.0,7061,7255,2448,657,1
2026-09-17T22:27:18Z,318,40.8,2400,2400,2400,2400,0x0,27,31,19,0.0,121.3,7061,7255,2448,658,1
2026-09-17T22:27:19Z,319,41.4,2400,2400,2400,2400,0x0,27,31,19,0.0,0.1,7061,7255,2448,659,1
2026-09-17T22:27:20Z,320,41.9,2400,2400,2400,2400,0x0,27,31,19,0.0,0.0,7061,7255,2448,660,1
2026-09-17T22:27:21Z,321,40.2,2400,2400,2400,2400,0x0,27,31,19,0.0,64.5,7061,7255,2448,661,1
2026-09-17T22:27:22Z,322,40.2,2400,2400,2400,2400,0x0,27,31,19,0.0,132.9,7061,7255,2448,662,1
2026-09-17T22:27:23Z,323,41.9,2400,2400,2400,2400,0x0,27,31,19,0.0,182.0,7061,7255,2448,663,1
2026-09-17T22:27:25Z,324,41.4,2400,2400,2400,2400,0x0,27,31,19,0.0,88.5,7061,7255,2448,664,1
2026-09-17T22:27:26Z,326,41.4,2400,2400,2400,2400,0x0,27,31,19,0.0,0.0,7061,7255,2448,666,1
2026-09-17T22:27:27Z,327,41.4,2400,2400,2400,2400,0x0,27,31,19,0.0,0.0,7061,7255,2448,667,1
2026-09-17T22:27:28Z,328,41.9,2400,2400,2400,2400,0x0,27,31,19,0.0,43.3,7061,7255,2448,668,1
2026-09-17T22:27:29Z,329,40.8,2400,2400,2400,2400,0x0,27,31,19,0.0,58.8,7061,7255,2448,669,1
2026-09-17T22:27:30Z,330,41.4,2400,2400,2400,2400,0x0,27,31,19,0.0,75.4,7061,7255,2448,670,1
2026-09-17T22:27:31Z,331,41.4,2400,2400,2400,2400,0x0,27,31,19,0.0,64.5,7061,7255,2448,671,1
2026-09-17T22:27:32Z,332,41.4,2400,2400,2400,2400,0x0,27,31,19,0.0,64.5,7061,7255,2448,672,1
2026-09-17T22:27:33Z,333,40.2,2400,2400,2400,2400,0x0,27,31,19,0.0,90.4,7061,7254,2448,673,1
2026-09-17T22:27:34Z,334,41.9,2400,2400,2400,2400,0x0,27,31,19,0.0,71.0,7061,7254,2448,674,1
2026-09-17T22:27:35Z,335,43.0,2400,2400,2400,2400,0x0,27,31,19,0.0,45.0,7061,7254,2448,675,1
2026-09-17T22:27:36Z,336,40.8,2400,2400,2400,2400,0x0,27,31,19,0.0,73.1,7061,7254,2448,676,1
2026-09-17T22:27:37Z,337,41.9,2400,2400,2400,2400,0x0,27,31,19,0.0,73.8,7061,7254,2448,677,1
2026-09-17T22:27:38Z,338,41.4,2400,2400,2400,2400,0x0,27,31,19,0.0,108.2,7061,7254,2448,678,1
2026-09-17T22:27:40Z,339,40.8,2400,2400,2400,2400,0x0,27,31,19,0.0,145.4,7061,7254,2448,679,1
2026-09-17T22:27:41Z,341,41.4,2400,2400,2400,2400,0x0,27,31,19,0.0,11.3,7061,7254,2448,681,1
2026-09-17T22:27:42Z,342,41.4,2400,2400,2400,2400,0x0,27,31,19,0.0,0.0,7061,7254,2448,682,1
2026-09-17T22:27:43Z,343,41.9,2400,2400,2400,2400,0x0,27,31,19,0.0,59.6,7061,7254,2448,683,1
2026-09-17T22:27:44Z,344,41.9,2400,2400,2400,2400,0x0,27,31,19,0.0,143.7,7061,7253,2448,684,1
2026-09-17T22:27:45Z,345,41.4,2400,2400,2400,2400,0x0,27,31,19,0.0,146.7,7061,7253,2448,685,1
2026-09-17T22:27:46Z,346,41.9,2400,2400,2400,2400,0x0,27,31,19,0.0,118.1,7061,7253,2448,686,1
2026-09-17T22:27:47Z,347,41.9,2400,2400,2400,2400,0x0,27,31,19,0.0,0.0,7061,7253,2448,687,1
2026-09-17T22:27:48Z,348,40.8,2400,2400,2400,2400,0x0,27,31,19,0.0,0.0,7061,7253,2448,688,1
2026-09-17T22:27:49Z,349,40.2,2400,2400,2400,2400,0x0,27,31,19,0.0,0.0,7061,7253,2448,689,1
2026-09-17T22:27:50Z,350,41.9,2400,2400,2400,2400,0x0,27,31,19,0.0,73.0,7061,7253,2448,690,1
2026-09-17T22:27:51Z,351,41.9,2400,2400,2400,2400,0x0,27,31,19,0.0,87.8,7061,7253,2448,691,1
2026-09-17T22:27:52Z,352,41.9,2400,2400,2400,2400,0x0,27,31,19,0.0,58.7,7061,7253,2448,692,1
2026-09-17T22:27:53Z,353,41.4,2400,2400,2400,2400,0x0,27,31,19,0.0,71.0,7061,7253,2448,693,1
2026-09-17T22:27:55Z,354,40.2,2400,2400,2400,2400,0x0,27,30,19,0.0,64.7,7061,7253,2448,694,1
2026-09-17T22:27:56Z,356,41.9,2400,2400,2400,2400,0x0,27,30,19,0.0,56.5,7061,7253,2448,696,1
2026-09-17T22:27:57Z,357,41.9,2400,2400,2400,2400,0x0,27,30,19,0.0,35.1,7061,7253,2448,697,1
2026-09-17T22:27:58Z,358,41.9,2400,2400,2400,2400,0x0,27,30,19,0.0,59.2,7061,7253,2448,698,1
2026-09-17T22:27:59Z,359,40.8,2400,2400,2400,2400,0x0,27,30,19,0.0,74.2,7061,7253,2448,699,1
2026-09-17T22:28:00Z,360,41.9,2400,2400,2400,2400,0x0,27,30,19,0.0,73.6,7061,7253,2448,700,1
2026-09-17T22:28:01Z,361,40.8,2400,2400,2400,2400,0x0,27,30,19,0.0,109.1,7061,7253,2448,701,1
2026-09-17T22:28:02Z,362,41.4,2400,2400,2400,2400,0x0,27,30,19,0.0,116.8,7061,7253,2448,702,1
2026-09-17T22:28:03Z,363,41.9,2400,2400,2400,2400,0x0,27,30,19,0.0,0.0,7061,7253,2448,703,1
2026-09-17T22:28:04Z,364,41.4,2400,2400,2400,2400,0x0,27,30,19,0.0,36.3,7061,7253,2448,704,1
2026-09-17T22:28:05Z,365,41.4,2400,2400,2400,2400,0x0,27,30,19,0.0,73.0,7061,7252,2448,705,1
2026-09-17T22:28:06Z,366,41.9,2400,2400,2400,2400,0x0,27,30,19,0.0,110.3,7061,7252,2448,706,1
2026-09-17T22:28:07Z,367,41.9,2400,2400,2400,2400,0x0,27,30,19,0.0,145.2,7061,7252,2448,707,1
2026-09-17T22:28:08Z,368,40.2,2400,2400,2400,2400,0x0,27,30,19,0.0,103.3,7061,7252,2448,708,1
2026-09-17T22:28:10Z,369,39.7,2400,2400,2400,2400,0x0,27,30,19,0.0,0.0,7061,7252,2448,709,1
2026-09-17T22:28:11Z,371,41.4,2400,2400,2400,2400,0x0,27,30,19,0.0,0.1,7061,7252,2448,711,1
2026-09-17T22:28:12Z,372,40.8,2400,2400,2400,2400,0x0,27,30,19,0.0,48.4,7061,7252,2448,712,1
2026-09-17T22:28:13Z,373,42.5,2400,2400,2400,2400,0x0,27,30,19,0.0,75.5,7061,7252,2448,713,1
2026-09-17T22:28:14Z,374,41.9,2400,2400,2400,2400,0x0,27,30,19,0.0,73.8,7061,7252,2448,714,1
2026-09-17T22:28:15Z,375,41.4,2400,2400,2400,2400,0x0,27,30,19,0.0,72.9,7061,7252,2448,715,1
2026-09-17T22:28:16Z,376,41.4,2400,2400,2400,2400,0x0,27,30,19,0.0,68.3,7061,7251,2448,716,1
2026-09-17T22:28:17Z,377,41.4,2400,2400,2400,2400,0x0,27,30,19,0.0,115.6,7061,7251,2448,717,1
2026-09-17T22:28:18Z,378,41.4,2400,2400,2400,2400,0x0,27,30,19,0.0,13.5,7061,7251,2448,718,1
2026-09-17T22:28:19Z,379,40.8,2400,2400,2400,2400,0x0,27,30,19,0.0,64.5,7061,7251,2448,719,1
2026-09-17T22:28:20Z,380,42.5,2400,2400,2400,2400,0x0,27,30,19,0.0,87.4,7061,7251,2448,720,1
2026-09-17T22:28:21Z,381,41.4,2400,2400,2400,2400,0x0,27,30,19,0.0,60.5,7061,7251,2448,721,1
2026-09-17T22:28:22Z,382,41.4,2400,2400,2400,2400,0x0,27,30,19,0.0,109.1,7061,7251,2448,722,1
2026-09-17T22:28:23Z,383,41.4,2400,2400,2400,2400,0x0,27,30,19,0.0,145.2,7061,7251,2448,723,1
2026-09-17T22:28:24Z,384,41.4,2400,2400,2400,2400,0x0,27,30,19,0.0,1.2,7061,7251,2448,724,1
2026-09-17T22:28:26Z,385,40.8,2400,2400,2400,2400,0x0,27,30,19,0.0,16.2,7061,7251,2448,726,1
2026-09-17T22:28:27Z,387,41.9,2400,2400,2400,2400,0x0,27,30,19,0.0,40.3,7061,7251,2448,727,1
2026-09-17T22:28:28Z,388,43.0,2400,2400,2400,2400,0x0,27,30,19,0.0,168.5,7061,7251,2448,728,1
2026-09-17T22:28:29Z,389,40.8,2400,2400,2400,2400,0x0,27,30,19,0.0,145.5,7061,7251,2448,729,1
2026-09-17T22:28:30Z,390,41.4,2400,2400,2400,2400,0x0,27,30,19,0.0,57.1,7061,7251,2448,730,1
2026-09-17T22:28:31Z,391,40.8,2400,2400,2400,2400,0x0,27,30,19,0.0,0.1,7061,7251,2448,731,1
2026-09-17T22:28:32Z,392,41.4,2400,2400,2400,2400,0x0,27,30,19,0.0,0.0,7061,7251,2448,732,1
2026-09-17T22:28:33Z,393,40.8,2400,2400,2400,2400,0x0,27,30,19,0.0,49.7,7061,7251,2448,733,1
2026-09-17T22:28:34Z,394,41.9,2400,2400,2400,2400,0x0,27,30,19,0.0,72.7,7061,7251,2448,734,1
2026-09-17T22:28:35Z,395,40.8,2400,2400,2400,2400,0x0,27,30,19,0.0,71.2,7061,7251,2448,735,1
2026-09-17T22:28:36Z,396,40.8,2400,2400,2400,2400,0x0,27,30,19,0.0,80.8,7061,7251,2448,736,1
2026-09-17T22:28:38Z,397,41.4,2400,2400,2400,2400,0x0,27,30,19,0.0,48.4,7061,7250,2448,738,1
2026-09-17T22:28:39Z,399,40.8,2400,2400,2400,2400,0x0,27,30,19,0.0,65.9,7061,7250,2448,739,1
2026-09-17T22:28:40Z,400,41.9,2400,2400,2400,2400,0x0,27,30,19,0.0,17.4,7061,7250,2448,740,1
2026-09-17T22:28:41Z,401,41.9,2400,2400,2400,2400,0x0,27,30,19,0.0,60.4,7061,7250,2448,741,1
2026-09-17T22:28:42Z,402,40.8,2400,2400,2400,2400,0x0,27,30,19,0.0,80.9,7061,7250,2448,742,1
2026-09-17T22:28:43Z,403,41.9,2400,2400,2400,2400,0x0,27,30,19,0.0,64.5,7061,7250,2448,743,1
2026-09-17T22:28:44Z,404,41.9,2400,2400,2400,2400,0x0,27,30,19,0.0,108.7,7061,7250,2448,744,1
2026-09-17T22:28:45Z,405,41.9,2400,2400,2400,2400,0x0,27,30,19,0.0,145.6,7061,7250,2448,745,1
2026-09-17T22:28:46Z,406,41.4,2400,2400,2400,2400,0x0,27,30,19,0.0,3.8,7061,7250,2448,746,1
2026-09-17T22:28:47Z,407,42.5,2400,2400,2400,2400,0x0,27,30,19,0.0,2.7,7061,7250,2448,747,1
2026-09-17T22:28:48Z,408,40.2,2400,2400,2400,2400,0x0,27,30,19,0.0,74.3,7061,7249,2448,748,1
2026-09-17T22:28:49Z,409,41.9,2400,2400,2400,2400,0x0,27,30,19,0.0,145.2,7061,7249,2448,749,1
2026-09-17T22:28:50Z,410,40.2,2400,2400,2400,2400,0x0,27,30,19,0.0,146.2,7061,7249,2448,750,1
2026-09-17T22:28:51Z,411,40.2,2400,2400,2400,2400,0x0,27,30,19,0.0,99.8,7061,7249,2448,751,1
2026-09-17T22:28:53Z,412,40.8,2400,2400,2400,2400,0x0,27,30,19,0.0,0.0,7061,7249,2448,752,1
2026-09-17T22:28:54Z,414,40.2,2400,2400,2400,2400,0x0,27,30,19,0.0,0.0,7061,7249,2448,754,1
2026-09-17T22:28:55Z,415,41.4,2400,2400,2400,2400,0x0,27,30,19,0.0,32.3,7061,7249,2448,755,1
2026-09-17T22:28:56Z,416,42.5,2400,2400,2400,2400,0x0,27,30,19,0.0,59.9,7061,7249,2448,756,1
2026-09-17T22:28:57Z,417,41.9,2400,2400,2400,2400,0x0,27,30,19,0.0,72.8,7061,7249,2448,757,1
2026-09-17T22:28:58Z,418,41.9,2400,2400,2400,2400,0x0,27,30,19,0.0,77.2,7061,7249,2448,758,1
2026-09-17T22:28:59Z,419,41.9,2400,2400,2400,2400,0x0,27,30,19,0.0,64.6,7061,7249,2448,759,1
2026-09-17T22:29:00Z,420,41.9,2400,2400,2400,2400,0x0,27,30,19,0.0,93.0,7061,7249,2448,760,1
2026-09-17T22:29:01Z,421,41.9,2400,2400,2400,2400,0x0,27,30,19,0.0,68.3,7061,7249,2448,761,1
2026-09-17T22:29:02Z,422,41.4,2400,2400,2400,2400,0x0,27,30,19,0.0,46.3,7061,7249,2448,762,1
2026-09-17T22:29:03Z,423,40.2,2400,2400,2400,2400,0x0,27,30,19,0.0,82.9,7061,7249,2448,763,1
2026-09-17T22:29:04Z,424,42.5,2400,2400,2400,2400,0x0,27,30,19,0.0,63.3,7061,7249,2448,764,1
2026-09-17T22:29:05Z,425,40.2,2400,2400,2400,2400,0x0,27,30,19,0.0,109.2,7061,7249,2448,765,1
2026-09-17T22:29:07Z,426,41.4,2400,2400,2400,2400,0x0,27,30,19,0.0,145.0,7061,7249,2448,766,1
2026-09-17T22:29:08Z,428,41.9,2400,2400,2400,2400,0x0,27,30,19,0.0,10.7,7061,7249,2448,768,1
2026-09-17T22:29:09Z,429,40.8,2400,2400,2400,2400,0x0,27,30,19,0.0,0.0,7061,7249,2448,769,1
2026-09-17T22:29:10Z,430,41.9,2400,2400,2400,2400,0x0,27,30,19,0.0,59.5,7061,7248,2448,770,1
2026-09-17T22:29:11Z,431,40.8,2400,2400,2400,2400,0x0,27,30,19,0.0,146.2,7061,7248,2448,771,1
2026-09-17T22:29:12Z,432,41.4,2400,2400,2400,2400,0x0,27,30,19,0.0,145.5,7061,7248,2448,772,1
2026-09-17T22:29:13Z,433,41.9,2400,2400,2400,2400,0x0,27,30,19,0.0,116.8,7061,7248,2448,773,1
2026-09-17T22:29:14Z,434,41.9,2400,2400,2400,2400,0x0,27,30,19,0.0,0.0,7061,7248,2448,774,1
2026-09-17T22:29:15Z,435,41.4,2400,2400,2400,2400,0x0,27,30,19,0.0,0.0,7061,7248,2448,775,1
2026-09-17T22:29:16Z,436,41.9,2400,2400,2400,2400,0x0,27,30,19,0.0,0.0,7061,7248,2448,776,1
2026-09-17T22:29:17Z,437,42.5,2400,2400,2400,2400,0x0,27,30,19,0.0,75.1,7061,7248,2448,777,1
2026-09-17T22:29:18Z,438,41.4,2400,2400,2400,2400,0x0,27,30,19,0.0,72.3,7061,7248,2448,778,1
2026-09-17T22:29:19Z,439,41.9,2400,2400,2400,2400,0x0,27,30,19,0.0,73.5,7061,7248,2448,779,1
2026-09-17T22:29:20Z,440,41.4,2400,2400,2400,2400,0x0,27,30,19,0.0,85.8,7061,7248,2448,780,1
2026-09-17T22:29:21Z,441,41.4,2400,2400,2400,2400,0x0,27,30,19,0.0,48.4,7061,7248,2448,781,1
2026-09-17T22:29:23Z,443,41.9,2400,2400,2400,2400,0x0,27,30,19,0.0,56.5,7061,7248,2448,783,1
2026-09-17T22:29:24Z,444,40.2,2400,2400,2400,2400,0x0,27,30,19,0.0,32.3,7061,7248,2448,784,1
2026-09-17T22:29:25Z,445,42.5,2400,2400,2400,2400,0x0,27,30,19,0.0,58.1,7061,7248,2448,785,1
2026-09-17T22:29:26Z,446,41.4,2400,2400,2400,2400,0x0,27,30,19,0.0,73.6,7061,7248,2448,786,1
2026-09-17T22:29:27Z,447,41.4,2400,2400,2400,2400,0x0,27,30,19,0.0,91.8,7061,7248,2448,787,1
2026-09-17T22:29:28Z,448,40.8,2400,2400,2400,2400,0x0,27,30,19,0.0,145.3,7061,7248,2448,788,1
2026-09-17T22:29:29Z,449,41.4,2400,2400,2400,2400,0x0,27,30,19,0.0,67.1,7061,7248,2448,789,1
2026-09-17T22:29:30Z,450,41.4,2400,2400,2400,2400,0x0,27,30,19,0.0,0.0,7061,7248,2448,790,1
2026-09-17T22:29:31Z,451,40.8,2400,2400,2400,2400,0x0,27,30,19,0.0,37.0,7061,7247,2448,791,1
2026-09-17T22:29:32Z,452,41.9,2400,2400,2400,2400,0x0,27,30,19,0.0,107.2,7061,7247,2448,792,1
2026-09-17T22:29:33Z,453,41.4,2400,2400,2400,2400,0x0,27,30,19,0.0,145.5,7061,7247,2448,793,1
2026-09-17T22:29:35Z,454,41.9,2400,2400,2400,2400,0x0,27,30,19,0.0,145.2,7061,7247,2448,794,1
2026-09-17T22:29:36Z,456,41.9,2400,2400,2400,2400,0x0,27,30,19,0.0,16.6,7061,7247,2448,796,1
2026-09-17T22:29:37Z,457,41.9,2400,2400,2400,2400,0x0,27,30,19,0.0,0.0,7061,7247,2448,797,1
2026-09-17T22:29:38Z,458,41.9,2400,2400,2400,2400,0x0,27,30,19,0.0,10.9,7061,7247,2448,798,1
2026-09-17T22:29:39Z,459,40.8,2400,2400,2400,2400,0x0,27,30,19,0.0,60.3,7061,7247,2448,799,1
2026-09-17T22:29:40Z,460,42.5,2400,2400,2400,2400,0x0,27,30,19,0.0,73.1,7061,7247,2448,800,1
2026-09-17T22:29:41Z,461,41.9,2400,2400,2400,2400,0x0,27,30,19,0.0,65.6,7061,7247,2448,801,1
2026-09-17T22:29:42Z,462,41.4,2400,2400,2400,2400,0x0,27,30,19,0.0,64.5,7061,7246,2448,802,1
2026-09-17T22:29:43Z,463,41.9,2400,2400,2400,2400,0x0,27,30,19,0.0,80.8,7061,7246,2448,803,1
2026-09-17T22:29:44Z,464,40.8,2400,2400,2400,2400,0x0,27,30,19,0.0,112.9,7061,7246,2448,804,1
2026-09-17T22:29:45Z,465,41.4,2400,2400,2400,2400,0x0,27,30,19,0.0,11.8,7061,7246,2448,805,1
2026-09-17T22:29:46Z,466,41.9,2400,2400,2400,2400,0x0,27,30,19,0.0,73.6,7061,7246,2448,806,1
2026-09-17T22:29:47Z,467,41.9,2400,2400,2400,2400,0x0,27,30,19,0.0,72.1,7061,7246,2448,807,1
2026-09-17T22:29:48Z,468,41.9,2400,2400,2400,2400,0x0,27,30,19,0.0,73.7,7061,7246,2448,808,1
2026-09-17T22:29:49Z,469,41.9,2400,2400,2400,2400,0x0,27,30,19,0.0,123.9,7061,7246,2448,809,1
2026-09-17T22:29:51Z,471,41.9,2400,2400,2400,2400,0x0,27,30,19,0.0,56.5,7061,7246,2448,811,1
2026-09-17T22:29:52Z,472,41.9,2400,2400,2400,2400,0x0,27,30,19,0.0,0.0,7061,7246,2448,812,1
2026-09-17T22:29:53Z,473,42.5,2400,2400,2400,2400,0x0,27,30,19,0.0,39.4,7061,7246,2448,813,1
2026-09-17T22:29:54Z,474,42.5,2400,2400,2400,2400,0x0,27,30,19,0.0,73.7,7061,7246,2448,814,1
2026-09-17T22:29:55Z,475,42.5,2400,2400,2400,2400,0x0,27,30,19,0.0,98.1,7061,7246,2448,815,1
2026-09-17T22:29:56Z,476,41.9,2400,2400,2400,2400,0x0,27,30,19,0.0,146.5,7061,7246,2448,816,1
2026-09-17T22:29:57Z,477,41.9,2400,2400,2400,2400,0x0,27,30,19,0.0,110.3,7061,7246,2448,817,1
2026-09-17T22:29:58Z,478,41.9,2400,2400,2400,2400,0x0,27,30,19,0.0,0.1,7061,7246,2448,818,1
2026-09-17T22:29:59Z,479,41.4,2400,2400,2400,2400,0x0,27,30,19,0.0,0.0,7061,7246,2448,819,1
2026-09-17T22:30:00Z,480,42.5,2400,2400,2400,2400,0x0,27,30,19,0.0,43.4,7061,7246,2448,820,1
2026-09-17T22:30:01Z,481,41.9,2400,2400,2400,2400,0x0,27,30,19,0.0,73.6,7061,7246,2448,821,1
2026-09-17T22:30:02Z,482,41.4,2400,2400,2400,2400,0x0,27,30,19,0.0,73.9,7061,7246,2448,822,1
2026-09-17T22:30:03Z,483,40.8,2400,2400,2400,2400,0x0,27,30,19,0.0,67.5,7061,7245,2448,823,1
2026-09-17T22:30:05Z,484,41.9,2400,2400,2400,2400,0x0,27,30,19,0.0,64.5,7061,7245,2448,825,1
2026-09-17T22:30:06Z,486,40.8,2400,2400,2400,2400,0x0,27,30,19,0.0,48.4,7061,7245,2448,826,1
2026-09-17T22:30:07Z,487,41.9,2400,2400,2400,2400,0x0,27,30,19,0.0,54.6,7061,7245,2448,827,1
2026-09-17T22:30:08Z,488,42.5,2400,2400,2400,2400,0x0,27,30,19,0.0,73.3,7061,7245,2448,828,1
2026-09-17T22:30:09Z,489,40.8,2400,2400,2400,2400,0x0,27,30,19,0.0,73.7,7061,7245,2448,829,1
2026-09-17T22:30:10Z,490,42.5,2400,2400,2400,2400,0x0,27,30,19,0.0,56.7,7061,7245,2448,830,1
2026-09-17T22:30:11Z,491,41.9,2400,2400,2400,2400,0x0,27,30,19,0.0,112.4,7061,7245,2448,831,1
2026-09-17T22:30:12Z,492,41.4,2400,2400,2400,2400,0x0,27,30,19,0.0,145.8,7061,7245,2448,832,1
2026-09-17T22:30:13Z,493,40.8,2400,2400,2400,2400,0x0,27,30,19,0.0,0.0,7061,7245,2448,833,1
2026-09-17T22:30:14Z,494,42.5,2400,2400,2400,2400,0x0,27,30,19,0.0,4.9,7061,7244,2448,834,1
2026-09-17T22:30:15Z,495,41.9,2400,2400,2400,2400,0x0,27,30,19,0.0,74.7,7061,7244,2448,835,1
2026-09-17T22:30:16Z,496,41.9,2400,2400,2400,2400,0x0,27,30,19,0.0,145.3,7061,7244,2448,836,1
2026-09-17T22:30:17Z,497,41.9,2400,2400,2400,2400,0x0,27,30,19,0.0,146.3,7061,7244,2448,837,1
2026-09-17T22:30:18Z,498,41.9,2400,2400,2400,2400,0x0,27,30,19,0.0,96.9,7061,7244,2448,838,1
2026-09-17T22:30:20Z,499,41.9,2400,2400,2400,2400,0x0,27,30,19,0.0,0.1,7061,7244,2448,839,1
2026-09-17T22:30:21Z,501,41.9,2400,2400,2400,2400,0x0,27,30,19,0.0,0.0,7061,7244,2448,841,1
2026-09-17T22:30:22Z,502,40.8,2400,2400,2400,2400,0x0,27,30,19,0.0,22.4,7061,7244,2448,842,1
2026-09-17T22:30:23Z,503,40.8,2400,2400,2400,2400,0x0,27,30,19,0.0,74.4,7061,7244,2448,843,1
2026-09-17T22:30:24Z,504,41.9,2400,2400,2400,2400,0x0,27,30,19,0.0,80.7,7061,7244,2448,844,1
2026-09-17T22:30:25Z,505,42.5,2400,2400,2400,2400,0x0,27,30,19,0.0,66.0,7061,7244,2448,845,1
2026-09-17T22:30:26Z,506,43.0,2400,2400,2400,2400,0x0,27,30,19,0.0,63.2,7061,7244,2448,846,1
2026-09-17T22:30:27Z,507,40.8,2400,2400,2400,2400,0x0,27,30,19,0.0,83.4,7061,7244,2448,847,1
2026-09-17T22:30:28Z,508,41.9,2400,2400,2400,2400,0x0,27,30,19,0.0,78.0,7061,7244,2448,848,1
2026-09-17T22:30:29Z,509,41.9,2400,2400,2400,2400,0x0,27,30,19,0.0,36.2,7061,7244,2448,849,1
2026-09-17T22:30:30Z,510,42.5,2400,2400,2400,2400,0x0,27,30,19,0.0,74.3,7061,7244,2448,850,1
2026-09-17T22:30:31Z,511,41.9,2400,2400,2400,2400,0x0,27,30,19,0.0,73.6,7061,7244,2448,851,1
2026-09-17T22:30:32Z,512,42.5,2400,2400,2400,2400,0x0,27,30,19,0.0,108.1,7061,7244,2448,852,1
2026-09-17T22:30:33Z,513,42.5,2400,2400,2400,2400,0x0,27,30,19,0.0,146.1,7061,7244,2448,853,1
2026-09-17T22:30:35Z,514,41.4,2400,2400,2400,2400,0x0,27,30,19,0.0,29.8,7061,7244,2448,854,1
2026-09-17T22:30:36Z,516,41.4,2400,2400,2400,2400,0x0,27,30,19,0.0,0.0,7061,7243,2448,856,1
2026-09-17T22:30:37Z,517,40.8,2400,2400,2400,2400,0x0,27,30,19,0.0,56.9,7061,7243,2448,857,1
2026-09-17T22:30:38Z,518,41.9,2400,2400,2400,2400,0x0,27,30,19,0.0,111.1,7061,7243,2448,858,1
2026-09-17T22:30:39Z,519,41.4,2400,2400,2400,2400,0x0,27,30,19,0.0,144.9,7061,7243,2448,859,1
2026-09-17T22:30:40Z,520,41.4,2400,2400,2400,2400,0x0,27,30,19,0.0,155.2,7061,7243,2448,860,1
2026-09-17T22:30:41Z,521,41.4,2400,2400,2400,2400,0x0,27,30,19,0.0,0.0,7061,7243,2448,861,1
2026-09-17T22:30:42Z,522,42.5,2400,2400,2400,2400,0x0,27,30,19,0.0,0.0,7061,7243,2448,862,1
2026-09-17T22:30:43Z,523,43.0,2400,2400,2400,2400,0x0,27,30,19,0.0,9.7,7061,7243,2448,863,1
2026-09-17T22:30:44Z,524,40.8,2400,2400,2400,2400,0x0,27,30,19,0.0,73.6,7061,7243,2448,864,1
2026-09-17T22:30:45Z,525,41.9,2400,2400,2400,2400,0x0,27,30,19,0.0,73.0,7061,7243,2448,865,1
2026-09-17T22:30:46Z,526,41.4,2400,2400,2400,2400,0x0,27,30,19,0.0,69.7,7061,7242,2448,866,1
2026-09-17T22:30:47Z,527,40.8,2400,2400,2400,2400,0x0,27,30,19,0.0,78.2,7061,7242,2448,867,1
2026-09-17T22:30:49Z,528,41.4,2400,2400,2400,2400,0x0,27,30,19,0.0,67.0,7061,7242,2448,869,1
2026-09-17T22:30:50Z,530,40.2,2400,2400,2400,2400,0x0,27,30,19,0.0,48.4,7061,7242,2448,870,1
2026-09-17T22:30:51Z,531,42.5,2400,2400,2400,2400,0x0,27,30,19,0.0,37.6,7061,7242,2448,871,1
2026-09-17T22:30:52Z,532,40.2,2400,2400,2400,2400,0x0,27,30,19,0.0,60.6,7061,7242,2448,872,1
2026-09-17T22:30:53Z,533,43.0,2400,2400,2400,2400,0x0,27,30,19,0.0,72.9,7061,7242,2448,873,1
2026-09-17T22:30:54Z,534,41.9,2400,2400,2400,2400,0x0,27,30,19,0.0,71.0,7061,7242,2448,874,1
2026-09-17T22:30:55Z,535,41.9,2400,2400,2400,2400,0x0,27,30,19,0.0,110.9,7061,7242,2448,875,1
2026-09-17T22:30:56Z,536,41.9,2400,2400,2400,2400,0x0,27,30,19,0.0,115.1,7061,7242,2448,876,1
2026-09-17T22:30:57Z,537,40.8,2400,2400,2400,2400,0x0,27,30,19,0.0,0.0,7061,7242,2448,877,1
2026-09-17T22:30:58Z,538,42.5,2400,2400,2400,2400,0x0,27,30,19,0.0,38.8,7061,7242,2448,878,1
2026-09-17T22:30:59Z,539,41.9,2400,2400,2400,2400,0x0,27,30,19,0.0,73.3,7061,7242,2448,879,1
2026-09-17T22:31:00Z,540,40.8,2400,2400,2400,2400,0x0,27,30,19,0.0,108.7,7061,7242,2448,880,1
2026-09-17T22:31:01Z,541,42.5,2400,2400,2400,2400,0x0,27,30,19,0.0,145.7,7061,7242,2448,881,1
2026-09-17T22:31:02Z,542,41.9,2400,2400,2400,2400,0x0,27,30,19,0.0,101.4,7061,7242,2448,882,1
2026-09-17T22:31:04Z,543,40.8,2400,2400,2400,2400,0x0,27,30,19,0.0,0.0,7061,7242,2448,883,1
2026-09-17T22:31:05Z,545,41.9,2400,2400,2400,2400,0x0,27,30,19,0.0,0.0,7061,7242,2448,885,1
2026-09-17T22:31:06Z,546,41.4,2400,2400,2400,2400,0x0,27,30,19,0.0,52.5,7061,7242,2448,886,1
2026-09-17T22:31:07Z,547,41.9,2400,2400,2400,2400,0x0,27,30,19,0.0,87.7,7061,7242,2448,887,1
2026-09-17T22:31:08Z,548,42.5,2400,2400,2400,2400,0x0,27,30,19,0.0,58.9,7061,7241,2448,888,1
2026-09-17T22:31:09Z,549,43.0,2400,2400,2400,2400,0x0,27,30,19,0.0,75.4,7061,7241,2448,889,1
2026-09-17T22:31:10Z,550,43.0,2400,2400,2400,2400,0x0,27,30,19,0.0,64.5,7061,7241,2448,890,1
2026-09-17T22:31:11Z,551,42.5,2400,2400,2400,2400,0x0,27,30,19,0.0,126.7,7061,7241,2448,891,1
2026-09-17T22:31:12Z,552,41.4,2400,2400,2400,2400,0x0,27,30,19,0.0,3.8,7061,7241,2448,892,1
2026-09-17T22:31:13Z,553,41.9,2400,2400,2400,2400,0x0,27,30,19,0.0,75.3,7061,7241,2448,893,1
2026-09-17T22:31:14Z,554,41.4,2400,2400,2400,2400,0x0,27,30,19,0.0,73.8,7061,7241,2448,894,1
2026-09-17T22:31:15Z,555,41.9,2400,2400,2400,2400,0x0,27,30,19,0.0,86.6,7061,7241,2448,895,1
2026-09-17T22:31:16Z,556,40.8,2400,2400,2400,2400,0x0,27,30,19,0.0,146.6,7061,7241,2448,896,1
2026-09-17T22:31:18Z,557,41.9,2400,2400,2400,2400,0x0,27,30,19,0.0,84.5,7061,7241,2448,897,1
2026-09-17T22:31:19Z,559,41.9,2400,2400,2400,2400,0x0,27,30,19,0.0,0.0,7061,7240,2448,899,1
2026-09-17T22:31:20Z,560,41.4,2400,2400,2400,2400,0x0,27,30,19,0.0,36.2,7061,7240,2448,900,1
2026-09-17T22:31:21Z,561,42.5,2400,2400,2400,2400,0x0,27,30,19,0.0,59.5,7061,7240,2448,901,1
2026-09-17T22:31:22Z,562,40.8,2400,2400,2400,2400,0x0,27,30,19,0.0,145.2,7061,7240,2448,902,1
2026-09-17T22:31:23Z,563,41.9,2400,2400,2400,2400,0x0,27,30,19,0.0,145.1,7061,7240,2448,903,1
2026-09-17T22:31:24Z,564,41.9,2400,2400,2400,2400,0x0,27,30,19,0.0,82.0,7061,7240,2448,904,1
2026-09-17T22:31:25Z,565,40.8,2400,2400,2400,2400,0x0,27,30,19,0.0,0.0,7061,7240,2448,905,1
2026-09-17T22:31:26Z,566,42.5,2400,2400,2400,2400,0x0,27,30,19,0.0,0.1,7061,7240,2448,906,1
2026-09-17T22:31:27Z,567,41.9,2400,2400,2400,2400,0x0,27,30,19,0.0,35.5,7061,7240,2448,907,1
2026-09-17T22:31:28Z,568,41.9,2400,2400,2400,2400,0x0,27,30,19,0.0,73.7,7061,7240,2448,908,1
2026-09-17T22:31:29Z,569,41.9,2400,2400,2400,2400,0x0,27,30,19,0.0,73.1,7061,7240,2448,909,1
2026-09-17T22:31:30Z,570,41.4,2400,2400,2400,2400,0x0,27,30,19,0.0,74.0,7061,7240,2448,910,1
2026-09-17T22:31:31Z,571,41.9,2400,2400,2400,2400,0x0,27,30,19,0.0,66.6,7061,7240,2448,911,1
2026-09-17T22:31:33Z,572,40.8,2400,2400,2400,2400,0x0,27,30,19,0.0,117.2,7061,7240,2448,912,1
2026-09-17T22:31:34Z,574,43.0,2400,2400,2400,2400,0x0,27,30,19,0.0,14.0,7061,7240,2448,914,1
2026-09-17T22:31:35Z,575,41.4,2400,2400,2400,2400,0x0,27,30,19,0.0,64.5,7061,7240,2448,915,1
2026-09-17T22:31:36Z,576,42.5,2400,2400,2400,2400,0x0,27,30,19,0.0,73.0,7061,7240,2448,916,1
2026-09-17T22:31:37Z,577,41.9,2400,2400,2400,2400,0x0,27,30,19,0.0,73.6,7061,7240,2448,917,1
2026-09-17T22:31:38Z,578,43.0,2400,2400,2400,2400,0x0,27,30,19,0.0,145.3,7061,7240,2448,918,1
2026-09-17T22:31:39Z,579,41.9,2400,2400,2400,2400,0x0,27,30,19,0.0,111.6,7061,7240,2448,919,1
2026-09-17T22:31:40Z,580,42.5,2400,2400,2400,2400,0x0,27,30,19,0.0,0.0,7061,7239,2448,920,1
2026-09-17T22:31:41Z,581,41.4,2400,2400,2400,2400,0x0,27,30,19,0.0,0.0,7061,7239,2448,921,1
2026-09-17T22:31:42Z,582,42.5,2400,2400,2400,2400,0x0,27,30,19,0.0,73.0,7061,7239,2448,922,1
2026-09-17T22:31:43Z,583,41.4,2400,2400,2400,2400,0x0,27,30,19,0.0,145.2,7061,7239,2448,923,1
2026-09-17T22:31:44Z,584,43.0,2400,2400,2400,2400,0x0,27,30,19,0.0,145.2,7061,7239,2448,924,1
2026-09-17T22:31:45Z,585,41.9,2400,2400,2400,2400,0x0,27,30,19,0.0,104.6,7061,7239,2448,925,1
2026-09-17T22:31:46Z,586,42.5,2400,2400,2400,2400,0x0,27,30,19,0.0,0.1,7061,7239,2448,926,1
2026-09-17T22:31:48Z,587,41.9,2400,2400,2400,2400,0x0,27,30,19,0.0,0.0,7061,7239,2448,927,1
2026-09-17T22:31:49Z,589,41.9,2400,2400,2400,2400,0x0,27,30,19,0.0,8.1,7061,7239,2448,929,1
2026-09-17T22:31:50Z,590,43.0,2400,2400,2400,2400,0x0,27,30,19,0.0,70.8,7061,7239,2448,930,1
2026-09-17T22:31:51Z,591,41.9,2400,2400,2400,2400,0x0,27,30,19,0.0,73.0,7061,7238,2448,931,1
2026-09-17T22:31:52Z,592,40.8,2400,2400,2400,2400,0x0,27,30,19,0.0,87.4,7061,7238,2448,932,1
2026-09-17T22:31:53Z,593,41.9,2400,2400,2400,2400,0x0,27,30,19,0.0,59.3,7061,7238,2448,933,1
2026-09-17T22:31:54Z,594,42.5,2400,2400,2400,2400,0x0,27,30,19,0.0,74.3,7061,7238,2448,934,1
2026-09-17T22:31:55Z,595,41.9,2400,2400,2400,2400,0x0,27,30,19,0.0,87.1,7061,7238,2448,935,1
2026-09-17T22:31:56Z,596,42.5,2400,2400,2400,2400,0x0,27,30,19,0.0,32.3,7061,7238,2448,936,1
2026-09-17T22:31:57Z,597,40.8,2400,2400,2400,2400,0x0,27,30,19,0.0,82.1,7061,7238,2448,937,1
2026-09-17T22:31:58Z,598,43.0,2400,2400,2400,2400,0x0,27,30,19,0.0,60.7,7061,7238,2448,938,1
2026-09-17T22:31:59Z,599,41.9,2400,2400,2400,2400,0x0,27,30,19,0.0,73.5,7061,7238,2448,939,1
2026-09-17T22:32:00Z,600,40.8,2400,2400,2400,2400,0x0,27,30,19,0.0,145.9,7061,7238,2448,940,1
2026-09-17T22:32:01Z,601,41.4,2400,2400,2400,2400,0x0,27,30,19,0.0,73.5,7061,7238,2448,941,1
2026-09-17T22:32:03Z,602,40.8,2400,2400,2400,2400,0x0,27,30,19,0.0,0.1,7061,7238,2448,942,1
2026-09-17T22:32:04Z,604,41.9,2400,2400,2400,2400,0x0,27,30,19,0.0,24.2,7061,7238,2448,944,1
2026-09-17T22:32:05Z,605,42.5,2400,2400,2400,2400,0x0,27,30,19,0.0,102.9,7061,7238,2448,945,1
2026-09-17T22:32:06Z,606,42.5,2400,2400,2400,2400,0x0,27,30,19,0.0,147.1,7061,7238,2448,946,1
2026-09-17T22:32:07Z,607,41.9,2400,2400,2400,2400,0x0,27,30,19,0.0,152.3,7061,7238,2448,947,1
2026-09-17T22:32:08Z,608,43.0,2400,2400,2400,2400,0x0,27,30,19,0.0,17.4,7061,7238,2448,948,1
2026-09-17T22:32:09Z,609,42.5,2400,2400,2400,2400,0x0,27,30,19,0.0,0.0,7061,7238,2448,949,1
2026-09-17T22:32:10Z,610,41.9,2400,2400,2400,2400,0x0,27,30,19,0.0,0.0,7061,7238,2448,950,1
2026-09-17T22:32:11Z,611,41.9,2400,2400,2400,2400,0x0,27,30,19,0.0,80.7,7061,7238,2448,951,1
2026-09-17T22:32:12Z,612,42.5,2400,2400,2400,2400,0x0,27,30,19,0.0,56.8,7061,7237,2448,952,1
2026-09-17T22:32:13Z,613,41.4,2400,2400,2400,2400,0x0,27,30,19,0.0,88.5,7061,7237,2448,953,1
2026-09-17T22:32:15Z,614,40.8,2400,2400,2400,2400,0x0,27,30,19,0.0,64.5,7061,7237,2448,954,1
2026-09-17T22:32:16Z,616,43.0,2400,2400,2400,2400,0x0,27,30,19,0.0,45.2,7061,7237,2448,956,1
2026-09-17T22:32:17Z,617,42.5,2400,2400,2400,2400,0x0,27,30,19,0.0,87.1,7061,7237,2448,957,1
2026-09-17T22:32:18Z,618,42.5,2400,2400,2400,2400,0x0,27,30,19,0.0,28.9,7061,7237,2448,958,1
2026-09-17T22:32:19Z,619,42.5,2400,2400,2400,2400,0x0,27,30,19,0.0,85.5,7061,7237,2448,959,1
2026-09-17T22:32:20Z,620,41.9,2400,2400,2400,2400,0x0,27,30,19,0.0,60.7,7061,7237,2448,960,1
2026-09-17T22:32:21Z,621,41.9,2400,2400,2400,2400,0x0,27,30,19,0.0,109.8,7061,7237,2448,961,1
2026-09-17T22:32:22Z,622,42.5,2400,2400,2400,2400,0x0,27,30,19,0.0,145.7,7061,7237,2448,962,1
2026-09-17T22:32:23Z,623,41.9,2400,2400,2400,2400,0x0,27,30,19,0.0,37.5,7061,7237,2448,963,1
2026-09-17T22:32:24Z,624,40.8,2400,2400,2400,2400,0x0,27,30,19,0.0,0.0,7061,7237,2448,964,1
2026-09-17T22:32:25Z,625,43.5,2400,2400,2400,2400,0x0,27,30,19,0.0,43.4,7061,7237,2448,965,1
2026-09-17T22:32:26Z,626,40.8,2400,2400,2400,2400,0x0,27,30,19,0.0,146.5,7061,7237,2448,966,1
2026-09-17T22:32:27Z,627,43.0,2400,2400,2400,2400,0x0,27,30,19,0.0,145.5,7061,7237,2448,967,1
2026-09-17T22:32:28Z,628,42.5,2400,2400,2400,2400,0x0,27,30,19,0.0,132.7,7061,7237,2448,968,1
2026-09-17T22:32:29Z,629,41.9,2400,2400,2400,2400,0x0,27,30,19,0.0,0.0,7061,7237,2448,969,1
2026-09-17T22:32:31Z,630,41.9,2400,2400,2400,2400,0x0,27,30,19,0.0,0.0,7061,7237,2448,971,1
2026-09-17T22:32:32Z,632,41.4,2400,2400,2400,2400,0x0,27,30,19,0.0,0.0,7061,7237,2448,972,1
2026-09-17T22:32:33Z,633,41.9,2400,2400,2400,2400,0x0,27,30,19,0.0,56.8,7061,7237,2448,973,1
2026-09-17T22:32:34Z,634,42.5,2400,2400,2400,2400,0x0,27,30,19,0.0,73.7,7061,7236,2448,974,1
2026-09-17T22:32:35Z,635,42.5,2400,2400,2400,2400,0x0,27,30,19,0.0,74.2,7061,7236,2448,975,1
2026-09-17T22:32:36Z,636,41.4,2400,2400,2400,2400,0x0,27,30,19,0.0,69.7,7061,7236,2448,976,1
2026-09-17T22:32:37Z,637,42.5,2400,2400,2400,2400,0x0,27,30,19,0.0,78.2,7061,7236,2448,977,1
2026-09-17T22:32:38Z,638,42.5,2400,2400,2400,2400,0x0,27,30,19,0.0,115.4,7061,7236,2448,978,1
2026-09-17T22:32:39Z,639,42.5,2400,2400,2400,2400,0x0,27,30,19,0.0,0.1,7061,7236,2448,979,1
2026-09-17T22:32:40Z,640,43.0,2400,2400,2400,2400,0x0,27,30,19,0.0,85.9,7061,7236,2448,980,1
2026-09-17T22:32:41Z,641,42.5,2400,2400,2400,2400,0x0,27,30,19,0.0,60.6,7061,7236,2448,981,1
2026-09-17T22:32:42Z,642,41.9,2400,2400,2400,2400,0x0,27,30,19,0.0,85.9,7061,7236,2448,982,1
2026-09-17T22:32:43Z,643,42.5,2400,2400,2400,2400,0x0,27,30,19,0.0,152.8,7061,7236,2448,983,1
2026-09-17T22:32:45Z,644,42.5,2400,2400,2400,2400,0x0,27,30,19,0.0,82.8,7061,7235,2448,985,1
2026-09-17T22:32:46Z,646,41.4,2400,2400,2400,2400,0x0,27,30,19,0.0,0.0,7061,7235,2448,986,1
2026-09-17T22:32:47Z,647,42.5,2400,2400,2400,2400,0x0,27,30,19,0.0,28.8,7061,7235,2448,987,1
2026-09-17T22:32:48Z,648,41.4,2400,2400,2400,2400,0x0,27,30,19,0.0,73.7,7061,7235,2448,988,1
2026-09-17T22:32:49Z,649,41.4,2400,2400,2400,2400,0x0,27,30,19,0.0,146.3,7061,7235,2448,989,1
2026-09-17T22:32:50Z,650,41.4,2400,2400,2400,2400,0x0,27,30,19,0.0,145.3,7061,7235,2448,990,1
2026-09-17T22:32:51Z,651,42.5,2400,2400,2400,2400,0x0,27,30,19,0.0,74.1,7061,7235,2448,991,1
2026-09-17T22:32:52Z,652,40.8,2400,2400,2400,2400,0x0,27,30,19,0.0,0.0,7061,7235,2448,992,1
2026-09-17T22:32:53Z,653,41.4,2400,2400,2400,2400,0x0,27,30,19,0.0,0.0,7061,7235,2448,993,1
2026-09-17T22:32:54Z,654,43.5,2400,2400,2400,2400,0x0,27,30,19,0.0,43.4,7061,7235,2448,994,1
2026-09-17T22:32:55Z,655,42.5,2400,2400,2400,2400,0x0,27,30,19,0.0,72.3,7061,7235,2448,995,1
2026-09-17T22:32:56Z,656,41.9,2400,2400,2400,2400,0x0,27,30,19,0.0,74.2,7061,7235,2448,996,1
2026-09-17T22:32:57Z,657,41.9,2400,2400,2400,2400,0x0,27,30,19,0.0,74.5,7061,7235,2448,997,1
2026-09-17T22:32:58Z,658,41.9,2400,2400,2400,2400,0x0,27,30,19,0.0,58.4,7061,7235,2448,998,1
2026-09-17T22:33:00Z,660,43.0,2400,2400,2400,2400,0x0,27,30,19,0.0,62.2,7061,7235,2448,1000,1
2026-09-17T22:33:01Z,661,41.9,2400,2400,2400,2400,0x0,27,30,19,0.0,20.9,7061,7235,2448,1001,1
2026-09-17T22:33:02Z,662,42.5,2400,2400,2400,2400,0x0,27,30,19,0.0,59.0,7061,7235,2448,1002,1
2026-09-17T22:33:03Z,663,42.5,2400,2400,2400,2400,0x0,27,30,19,0.0,72.8,7061,7235,2448,1003,1
2026-09-17T22:33:04Z,664,41.9,2400,2400,2400,2400,0x0,27,30,19,0.0,72.9,7061,7235,2448,1004,1
2026-09-17T22:33:05Z,665,41.4,2400,2400,2400,2400,0x0,27,30,19,0.0,109.9,7061,7235,2448,1005,1
2026-09-17T22:33:06Z,666,43.0,2400,2400,2400,2400,0x0,27,30,19,0.0,145.7,7061,7234,2448,1006,1
2026-09-17T22:33:07Z,667,43.0,2400,2400,2400,2400,0x0,27,30,19,0.0,7.7,7061,7234,2448,1007,1
2026-09-17T22:33:08Z,668,43.0,2400,2400,2400,2400,0x0,27,30,19,0.0,0.0,7061,7234,2448,1008,1
2026-09-17T22:33:09Z,669,42.5,2400,2400,2400,2400,0x0,27,30,19,0.0,86.0,7061,7234,2448,1009,1
2026-09-17T22:33:10Z,670,41.4,2400,2400,2400,2400,0x0,27,30,19,0.0,145.3,7061,7234,2448,1010,1
2026-09-17T22:33:11Z,671,41.9,2400,2400,2400,2400,0x0,27,30,19,0.0,145.5,7061,7234,2448,1011,1
2026-09-17T22:33:12Z,672,41.9,2400,2400,2400,2400,0x0,27,30,19,0.0,91.2,7061,7234,2448,1012,1
2026-09-17T22:33:13Z,673,41.9,2400,2400,2400,2400,0x0,27,30,19,0.0,0.0,7061,7234,2448,1013,1
2026-09-17T22:33:15Z,674,42.5,2400,2400,2400,2400,0x0,27,30,19,0.0,0.1,7061,7234,2448,1014,1
2026-09-17T22:33:16Z,676,42.5,2400,2400,2400,2400,0x0,27,30,19,0.0,16.1,7061,7234,2448,1016,1
2026-09-17T22:33:17Z,677,42.5,2400,2400,2400,2400,0x0,27,30,19,0.0,54.0,7061,7233,2448,1017,1
2026-09-17T22:33:18Z,678,42.5,2400,2400,2400,2400,0x0,27,30,19,0.0,91.2,7061,7233,2448,1018,1
2026-09-17T22:33:19Z,679,42.5,2400,2400,2400,2400,0x0,27,30,19,0.0,64.5,7061,7233,2448,1019,1
2026-09-17T22:33:20Z,680,42.5,2400,2400,2400,2400,0x0,27,30,19,0.0,64.6,7061,7233,2448,1020,1
2026-09-17T22:33:21Z,681,43.0,2400,2400,2400,2400,0x0,27,30,19,0.0,102.1,7061,7233,2448,1021,1
2026-09-17T22:33:22Z,682,41.4,2400,2400,2400,2400,0x0,27,30,19,0.0,59.3,7061,7233,2448,1022,1
2026-09-17T22:33:23Z,683,42.5,2400,2400,2400,2400,0x0,27,30,19,0.0,52.3,7061,7233,2448,1023,1
2026-09-17T22:33:24Z,684,41.9,2400,2400,2400,2400,0x0,27,30,19,0.0,74.1,7061,7233,2448,1024,1
2026-09-17T22:33:25Z,685,42.5,2400,2400,2400,2400,0x0,27,30,19,0.0,67.3,7061,7233,2448,1025,1
2026-09-17T22:33:27Z,686,41.9,2400,2400,2400,2400,0x0,27,30,19,0.0,116.1,7061,7233,2448,1026,1
2026-09-17T22:33:28Z,688,41.4,2400,2400,2400,2400,0x0,27,30,19,0.0,72.7,7061,7233,2448,1028,1
2026-09-17T22:33:29Z,689,42.5,2400,2400,2400,2400,0x0,27,30,19,0.0,12.8,7061,7233,2448,1029,1
2026-09-17T22:33:30Z,690,42.5,2400,2400,2400,2400,0x0,27,30,19,0.0,8.0,7061,7233,2448,1030,1
2026-09-17T22:33:31Z,691,41.4,2400,2400,2400,2400,0x0,27,30,19,0.0,74.1,7061,7233,2448,1031,1
2026-09-17T22:33:32Z,692,44.1,2400,2400,2400,2400,0x0,27,30,19,0.0,145.3,7061,7233,2448,1032,1
2026-09-17T22:33:33Z,693,41.9,2400,2400,2400,2400,0x0,27,30,19,0.0,144.9,7061,7233,2448,1033,1
2026-09-17T22:33:34Z,694,42.5,2400,2400,2400,2400,0x0,27,30,19,0.0,95.8,7061,7233,2448,1034,1
2026-09-17T22:33:35Z,695,42.5,2400,2400,2400,2400,0x0,27,30,19,0.0,0.1,7061,7233,2448,1035,1
2026-09-17T22:33:36Z,696,42.5,2400,2400,2400,2400,0x0,27,30,19,0.0,0.0,7061,7233,2448,1036,1
2026-09-17T22:33:37Z,697,42.5,2400,2400,2400,2400,0x0,27,30,19,0.0,9.7,7061,7233,2448,1037,1
2026-09-17T22:33:38Z,698,41.9,2400,2400,2400,2400,0x0,27,30,19,0.0,87.1,7061,7232,2448,1038,1
2026-09-17T22:33:39Z,699,41.9,2400,2400,2400,2400,0x0,27,30,19,0.0,61.7,7061,7232,2448,1039,1
2026-09-17T22:33:40Z,700,41.9,2400,2400,2400,2400,0x0,27,30,19,0.0,67.5,7061,7232,2448,1040,1
2026-09-17T22:33:41Z,701,42.5,2400,2400,2400,2400,0x0,27,30,19,0.0,80.7,7061,7232,2448,1041,1
2026-09-17T22:33:43Z,703,42.5,2400,2400,2400,2400,0x0,27,30,19,0.0,43.0,7061,7232,2448,1043,1
2026-09-17T22:33:44Z,704,41.9,2400,2400,2400,2400,0x0,27,30,19,0.0,75.4,7061,7232,2448,1044,1
2026-09-17T22:33:45Z,705,42.5,2400,2400,2400,2400,0x0,27,30,19,0.0,38.8,7061,7232,2448,1045,1
2026-09-17T22:33:46Z,706,43.0,2400,2400,2400,2400,0x0,27,30,19,0.0,60.3,7061,7232,2448,1046,1
2026-09-17T22:33:47Z,707,42.5,2400,2400,2400,2400,0x0,27,30,19,0.0,73.9,7061,7232,2448,1047,1
2026-09-17T22:33:48Z,708,40.8,2400,2400,2400,2400,0x0,27,30,19,0.0,73.0,7061,7232,2448,1048,1
2026-09-17T22:33:49Z,709,40.8,2400,2400,2400,2400,0x0,27,30,19,0.0,145.5,7061,7231,2448,1049,1
2026-09-17T22:33:50Z,710,42.5,2400,2400,2400,2400,0x0,27,30,19,0.0,76.6,7061,7231,2448,1050,1
2026-09-17T22:33:51Z,711,42.5,2400,2400,2400,2400,0x0,27,30,19,0.0,0.0,7061,7231,2448,1051,1
2026-09-17T22:33:52Z,712,42.5,2400,2400,2400,2400,0x0,27,30,19,0.0,60.8,7061,7231,2448,1052,1
2026-09-17T22:33:53Z,713,42.5,2400,2400,2400,2400,0x0,27,30,19,0.0,107.8,7061,7231,2448,1053,1
2026-09-17T22:33:54Z,714,42.5,2400,2400,2400,2400,0x0,27,30,19,0.0,146.5,7061,7231,2448,1054,1
2026-09-17T22:33:56Z,715,42.5,2400,2400,2400,2400,0x0,27,30,19,0.0,146.0,7061,7231,2448,1056,1
2026-09-17T22:33:57Z,717,40.8,2400,2400,2400,2400,0x0,27,30,19,0.0,3.5,7061,7231,2448,1057,1
2026-09-17T22:33:58Z,718,41.9,2400,2400,2400,2400,0x0,27,30,19,0.0,0.0,7061,7231,2448,1058,1
2026-09-17T22:33:59Z,719,42.5,2400,2400,2400,2400,0x0,27,30,19,0.0,15.2,7061,7231,2448,1059,1
2026-09-17T22:34:00Z,720,41.9,2400,2400,2400,2400,0x0,27,30,19,0.0,65.5,7061,7231,2448,1060,1
2026-09-17T22:34:01Z,721,41.4,2400,2400,2400,2400,0x0,27,30,19,0.0,64.6,7061,7231,2448,1061,1
2026-09-17T22:34:02Z,722,43.5,2400,2400,2400,2400,0x0,27,30,19,0.0,64.5,7061,7231,2448,1062,1
2026-09-17T22:34:03Z,723,41.9,2400,2400,2400,2400,0x0,27,30,19,0.0,64.6,7061,7231,2448,1063,1
2026-09-17T22:34:04Z,724,42.5,2400,2400,2400,2400,0x0,27,30,19,0.0,108.8,7061,7231,2448,1064,1
2026-09-17T22:34:05Z,725,43.0,2400,2400,2400,2400,0x0,27,30,19,0.0,84.8,7061,7231,2448,1065,1
2026-09-17T22:34:06Z,726,43.0,2400,2400,2400,2400,0x0,27,30,19,0.0,16.3,7061,7231,2448,1066,1
2026-09-17T22:34:07Z,727,41.4,2400,2400,2400,2400,0x0,27,30,19,0.0,74.0,7061,7231,2448,1067,1
2026-09-17T22:34:08Z,728,41.9,2400,2400,2400,2400,0x0,27,30,19,0.0,72.5,7061,7231,2448,1068,1
2026-09-17T22:34:09Z,729,41.4,2400,2400,2400,2400,0x0,27,30,19,0.0,122.6,7061,7231,2448,1069,1
2026-09-17T22:34:11Z,730,41.9,2400,2400,2400,2400,0x0,27,30,19,0.0,146.5,7061,7230,2448,1070,1
2026-09-17T22:34:12Z,732,41.9,2400,2400,2400,2400,0x0,27,30,19,0.0,18.1,7061,7230,2448,1072,1
2026-09-17T22:34:13Z,733,41.9,2400,2400,2400,2400,0x0,27,30,19,0.0,0.0,7061,7230,2448,1073,1
2026-09-17T22:34:14Z,734,42.5,2400,2400,2400,2400,0x0,27,30,19,0.0,43.3,7061,7230,2448,1074,1
2026-09-17T22:34:15Z,735,42.5,2400,2400,2400,2400,0x0,27,30,19,0.0,95.5,7061,7230,2448,1075,1
2026-09-17T22:34:16Z,736,43.0,2400,2400,2400,2400,0x0,27,30,19,0.0,146.1,7061,7230,2448,1076,1
2026-09-17T22:34:17Z,737,40.8,2400,2400,2400,2400,0x0,27,30,19,0.0,144.5,7061,7230,2448,1077,1
2026-09-17T22:34:18Z,738,41.9,2400,2400,2400,2400,0x0,27,30,19,0.0,38.7,7061,7230,2448,1078,1
2026-09-17T22:34:19Z,739,41.4,2400,2400,2400,2400,0x0,27,30,19,0.0,0.0,7061,7230,2448,1079,1
2026-09-17T22:34:20Z,740,41.9,2400,2400,2400,2400,0x0,27,30,19,0.0,0.0,7061,7230,2448,1080,1
2026-09-17T22:34:21Z,741,40.8,2400,2400,2400,2400,0x0,27,31,19,0.0,43.4,7061,7229,2448,1081,1
2026-09-17T22:34:22Z,742,41.9,2400,2400,2400,2400,0x0,27,31,19,0.0,85.8,7061,7229,2448,1082,1
2026-09-17T22:34:24Z,743,41.4,2400,2400,2400,2400,0x0,27,31,19,0.0,64.5,7061,7229,2448,1083,1
2026-09-17T22:34:25Z,745,41.4,2400,2400,2400,2400,0x0,27,31,19,0.0,32.3,7061,7229,2448,1085,1
2026-09-17T22:34:26Z,746,42.5,2400,2400,2400,2400,0x0,27,31,19,0.0,64.5,7061,7229,2448,1086,1
2026-09-17T22:34:27Z,747,41.9,2400,2400,2400,2400,0x0,27,31,19,0.0,145.3,7061,7229,2448,1087,1
2026-09-17T22:34:28Z,748,41.4,2400,2400,2400,2400,0x0,27,31,19,0.0,17.6,7061,7229,2448,1088,1
2026-09-17T22:34:29Z,749,41.9,2400,2400,2400,2400,0x0,27,31,19,0.0,59.9,7061,7229,2448,1089,1
2026-09-17T22:34:30Z,750,41.4,2400,2400,2400,2400,0x0,27,31,19,0.0,67.9,7061,7229,2448,1090,1
2026-09-17T22:34:31Z,751,43.5,2400,2400,2400,2400,0x0,27,31,19,0.0,64.5,7061,7229,2448,1091,1
2026-09-17T22:34:32Z,752,40.8,2400,2400,2400,2400,0x0,27,31,19,0.0,124.2,7061,7229,2448,1092,1
2026-09-17T22:34:33Z,753,42.5,2400,2400,2400,2400,0x0,27,31,19,0.0,134.0,7061,7229,2448,1093,1
2026-09-17T22:34:34Z,754,41.4,2400,2400,2400,2400,0x0,27,31,19,0.0,0.0,7061,7229,2448,1094,1
2026-09-17T22:34:35Z,755,43.0,2400,2400,2400,2400,0x0,27,31,19,0.0,18.8,7061,7229,2448,1095,1
2026-09-17T22:34:36Z,756,40.8,2400,2400,2400,2400,0x0,27,31,19,0.0,86.6,7061,7229,2448,1096,1
2026-09-17T22:34:37Z,757,42.5,2400,2400,2400,2400,0x0,27,31,19,0.0,145.3,7061,7229,2448,1097,1
2026-09-17T22:34:38Z,758,40.8,2400,2400,2400,2400,0x0,27,31,19,0.0,144.1,7061,7229,2448,1098,1
2026-09-17T22:34:40Z,759,42.5,2400,2400,2400,2400,0x0,27,31,19,0.0,73.4,7061,7229,2448,1099,1
2026-09-17T22:34:41Z,761,41.9,2400,2400,2400,2400,0x0,27,31,19,0.0,0.0,7061,7229,2448,1101,1
2026-09-17T22:34:42Z,762,43.0,2400,2400,2400,2400,0x0,27,31,19,0.0,0.1,7061,7229,2448,1102,1
2026-09-17T22:34:43Z,763,40.8,2400,2400,2400,2400,0x0,27,31,19,0.0,44.6,7061,7228,2448,1103,1
2026-09-17T22:34:44Z,764,42.5,2400,2400,2400,2400,0x0,27,31,19,0.0,61.9,7061,7228,2448,1104,1
2026-09-17T22:34:45Z,765,42.5,2400,2400,2400,2400,0x0,27,31,19,0.0,87.1,7061,7228,2448,1105,1
2026-09-17T22:34:46Z,766,41.9,2400,2400,2400,2400,0x0,27,31,19,0.0,48.4,7061,7228,2448,1106,1
2026-09-17T22:34:47Z,767,43.0,2400,2400,2400,2400,0x0,27,31,19,0.0,64.7,7061,7228,2448,1107,1
2026-09-17T22:34:48Z,768,41.9,2400,2400,2400,2400,0x0,27,31,19,0.0,91.7,7061,7228,2448,1108,1
2026-09-17T22:34:49Z,769,41.4,2400,2400,2400,2400,0x0,27,31,19,0.0,69.8,7061,7228,2448,1109,1
2026-09-17T22:34:50Z,770,42.5,2400,2400,2400,2400,0x0,27,31,19,0.0,45.9,7061,7228,2448,1110,1
2026-09-17T22:34:51Z,771,43.0,2400,2400,2400,2400,0x0,27,31,19,0.0,73.6,7061,7228,2448,1111,1
2026-09-17T22:34:52Z,772,41.9,2400,2400,2400,2400,0x0,27,31,19,0.0,74.2,7061,7228,2448,1112,1
2026-09-17T22:34:54Z,773,42.5,2400,2400,2400,2400,0x0,27,31,19,0.0,108.4,7061,7227,2448,1114,1
2026-09-17T22:34:55Z,775,42.5,2400,2400,2400,2400,0x0,27,31,19,0.0,82.9,7061,7227,2448,1115,1
2026-09-17T22:34:56Z,776,43.0,2400,2400,2400,2400,0x0,27,31,19,0.0,0.0,7061,7227,2448,1116,1
2026-09-17T22:34:57Z,777,43.0,2400,2400,2400,2400,0x0,27,31,19,0.0,18.9,7061,7227,2448,1117,1
2026-09-17T22:34:58Z,778,43.0,2400,2400,2400,2400,0x0,27,31,19,0.0,59.8,7061,7227,2448,1118,1
2026-09-17T22:34:59Z,779,41.4,2400,2400,2400,2400,0x0,27,31,19,0.0,144.4,7061,7227,2448,1119,1
2026-09-17T22:35:00Z,780,42.5,2400,2400,2400,2400,0x0,27,31,19,0.0,145.7,7061,7227,2448,1120,1
2026-09-17T22:35:01Z,781,41.9,2400,2400,2400,2400,0x0,27,31,19,0.0,99.3,7061,7227,2448,1121,1
2026-09-17T22:35:02Z,782,41.9,2400,2400,2400,2400,0x0,27,31,19,0.0,0.1,7061,7227,2448,1122,1
2026-09-17T22:35:03Z,783,42.5,2400,2400,2400,2400,0x0,27,31,19,0.0,0.0,7061,7227,2448,1123,1
2026-09-17T22:35:04Z,784,41.9,2400,2400,2400,2400,0x0,27,31,19,0.0,20.1,7061,7227,2448,1124,1
2026-09-17T22:35:05Z,785,41.9,2400,2400,2400,2400,0x0,27,31,19,0.0,72.9,7061,7227,2448,1125,1
2026-09-17T22:35:06Z,786,42.5,2400,2400,2400,2400,0x0,27,31,19,0.0,84.5,7061,7227,2448,1126,1
2026-09-17T22:35:07Z,787,42.5,2400,2400,2400,2400,0x0,27,31,19,0.0,48.5,7061,7227,2448,1127,1
2026-09-17T22:35:09Z,789,42.5,2400,2400,2400,2400,0x0,27,31,19,0.0,40.3,7061,7227,2448,1129,1
2026-09-17T22:35:10Z,790,42.5,2400,2400,2400,2400,0x0,27,31,19,0.0,48.5,7061,7227,2448,1130,1
2026-09-17T22:35:11Z,791,41.9,2400,2400,2400,2400,0x0,27,31,19,0.0,112.9,7061,7227,2448,1131,1
2026-09-17T22:35:12Z,792,41.4,2400,2400,2400,2400,0x0,27,31,19,0.0,34.9,7061,7227,2448,1132,1
2026-09-17T22:35:13Z,793,42.5,2400,2400,2400,2400,0x0,27,31,19,0.0,73.6,7061,7227,2448,1133,1
2026-09-17T22:35:14Z,794,42.5,2400,2400,2400,2400,0x0,27,31,19,0.0,73.0,7061,7227,2448,1134,1
2026-09-17T22:35:15Z,795,42.5,2400,2400,2400,2400,0x0,27,31,19,0.0,86.4,7061,7226,2448,1135,1
2026-09-17T22:35:16Z,796,42.5,2400,2400,2400,2400,0x0,27,31,19,0.0,147.0,7061,7226,2448,1136,1
2026-09-17T22:35:17Z,797,41.9,2400,2400,2400,2400,0x0,27,31,19,0.0,53.0,7061,7226,2448,1137,1
2026-09-17T22:35:18Z,798,41.9,2400,2400,2400,2400,0x0,27,31,19,0.0,0.1,7061,7226,2448,1138,1
2026-09-17T22:35:19Z,799,42.5,2400,2400,2400,2400,0x0,27,31,19,0.0,64.5,7061,7226,2448,1139,1
2026-09-17T22:35:20Z,800,41.4,2400,2400,2400,2400,0x0,27,31,19,0.0,64.6,7061,7226,2448,1140,1
2026-09-17T22:35:21Z,801,41.9,2400,2400,2400,2400,0x0,27,31,19,0.0,103.6,7061,7226,2448,1141,1
2026-09-17T22:35:23Z,802,42.5,2400,2400,2400,2400,0x0,27,31,19,0.0,154.5,7061,7226,2448,1142,1
2026-09-17T22:35:24Z,804,43.0,2400,2400,2400,2400,0x0,27,31,19,0.0,40.4,7061,7226,2448,1144,1
2026-09-17T22:35:25Z,805,42.5,2400,2400,2400,2400,0x0,27,31,19,0.0,0.0,7061,7226,2448,1145,1
2026-09-17T22:35:26Z,806,40.8,2400,2400,2400,2400,0x0,27,31,19,0.0,12.3,7061,7226,2448,1146,1
2026-09-17T22:35:27Z,807,41.4,2400,2400,2400,2400,0x0,27,31,19,0.0,68.3,7061,7226,2448,1147,1
2026-09-17T22:35:28Z,808,42.5,2400,2400,2400,2400,0x0,27,31,19,0.0,80.8,7061,7226,2448,1148,1
2026-09-17T22:35:29Z,809,42.5,2400,2400,2400,2400,0x0,27,31,19,0.0,48.4,7061,7226,2448,1149,1
2026-09-17T22:35:30Z,810,43.0,2400,2400,2400,2400,0x0,27,31,19,0.0,75.6,7061,7226,2448,1150,1
2026-09-17T22:35:31Z,811,42.5,2400,2400,2400,2400,0x0,27,31,19,0.0,73.6,7061,7226,2448,1151,1
2026-09-17T22:35:32Z,812,42.5,2400,2400,2400,2400,0x0,27,31,19,0.0,109.0,7061,7226,2448,1152,1
2026-09-17T22:35:33Z,813,42.5,2400,2400,2400,2400,0x0,27,31,19,0.0,37.6,7061,7226,2448,1153,1
2026-09-17T22:35:34Z,814,41.4,2400,2400,2400,2400,0x0,27,31,19,0.0,87.7,7061,7226,2448,1154,1
2026-09-17T22:35:36Z,815,41.9,2400,2400,2400,2400,0x0,27,31,19,0.0,52.2,7061,7226,2448,1156,1
2026-09-17T22:35:37Z,817,43.0,2400,2400,2400,2400,0x0,27,31,19,0.0,46.3,7061,7225,2448,1157,1
2026-09-17T22:35:38Z,818,41.9,2400,2400,2400,2400,0x0,27,31,19,0.0,152.6,7061,7225,2448,1158,1
2026-09-17T22:35:39Z,819,41.4,2400,2400,2400,2400,0x0,27,31,19,0.0,45.5,7061,7225,2448,1159,1
2026-09-17T22:35:40Z,820,42.5,2400,2400,2400,2400,0x0,27,31,19,0.0,0.0,7061,7225,2448,1160,1
2026-09-17T22:35:41Z,821,43.0,2400,2400,2400,2400,0x0,27,31,19,0.0,64.5,7061,7225,2448,1161,1
2026-09-17T22:35:42Z,822,42.5,2400,2400,2400,2400,0x0,27,31,19,0.0,93.0,7061,7225,2448,1162,1
2026-09-17T22:35:43Z,823,41.9,2400,2400,2400,2400,0x0,27,31,19,0.0,147.9,7061,7225,2448,1163,1
2026-09-17T22:35:44Z,824,42.5,2400,2400,2400,2400,0x0,27,31,19,0.0,146.5,7061,7225,2448,1164,1
2026-09-17T22:35:45Z,825,41.4,2400,2400,2400,2400,0x0,27,31,19,0.0,16.1,7061,7225,2448,1165,1
2026-09-17T22:35:46Z,826,42.5,2400,2400,2400,2400,0x0,27,31,19,0.0,0.0,7061,7225,2448,1166,1
2026-09-17T22:35:47Z,827,43.0,2400,2400,2400,2400,0x0,27,31,19,0.0,0.0,7061,7224,2448,1167,1
2026-09-17T22:35:49Z,828,41.4,2400,2400,2400,2400,0x0,27,31,19,0.0,80.8,7061,7224,2448,1168,1
2026-09-17T22:35:50Z,830,41.4,2400,2400,2400,2400,0x0,27,31,19,0.0,32.3,7061,7224,2448,1170,1
2026-09-17T22:35:51Z,831,41.9,2400,2400,2400,2400,0x0,27,31,19,0.0,67.2,7061,7224,2448,1171,1
2026-09-17T22:35:52Z,832,43.0,2400,2400,2400,2400,0x0,27,31,19,0.0,74.2,7061,7224,2448,1172,1
2026-09-17T22:35:53Z,833,41.9,2400,2400,2400,2400,0x0,27,31,19,0.0,59.9,7061,7224,2448,1173,1
2026-09-17T22:35:54Z,834,41.4,2400,2400,2400,2400,0x0,27,31,19,0.0,121.5,7061,7224,2448,1174,1
2026-09-17T22:35:55Z,835,40.8,2400,2400,2400,2400,0x0,27,31,19,0.0,16.1,7061,7224,2448,1175,1
2026-09-17T22:35:56Z,836,42.5,2400,2400,2400,2400,0x0,27,31,19,0.0,64.6,7061,7224,2448,1176,1
2026-09-17T22:35:57Z,837,43.0,2400,2400,2400,2400,0x0,27,31,19,0.0,80.7,7061,7224,2448,1177,1
2026-09-17T22:35:58Z,838,42.5,2400,2400,2400,2400,0x0,27,31,19,0.0,85.9,7061,7224,2448,1178,1
2026-09-17T22:35:59Z,839,42.5,2400,2400,2400,2400,0x0,27,31,19,0.0,164.6,7061,7224,2448,1179,1
2026-09-17T22:36:00Z,840,43.0,2400,2400,2400,2400,0x0,27,31,19,0.0,56.1,7061,7224,2448,1180,1
2026-09-17T22:36:02Z,841,41.9,2400,2400,2400,2400,0x0,27,31,19,0.0,0.0,7061,7224,2448,1181,1
2026-09-17T22:36:03Z,843,41.4,2400,2400,2400,2400,0x0,27,31,19,0.0,16.1,7061,7224,2448,1183,1
2026-09-17T22:36:04Z,844,42.5,2400,2400,2400,2400,0x0,27,31,19,0.0,137.1,7061,7224,2448,1184,1
2026-09-17T22:36:05Z,845,42.5,2400,2400,2400,2400,0x0,27,31,19,0.0,145.8,7061,7224,2448,1185,1
2026-09-17T22:36:06Z,846,43.0,2400,2400,2400,2400,0x0,27,31,19,0.0,136.8,7061,7224,2448,1186,1
2026-09-17T22:36:07Z,847,41.9,2400,2400,2400,2400,0x0,27,31,19,0.0,0.0,7061,7224,2448,1187,1
2026-09-17T22:36:08Z,848,40.8,2400,2400,2400,2400,0x0,27,31,19,0.0,0.0,7061,7224,2448,1188,1
2026-09-17T22:36:09Z,849,41.9,2400,2400,2400,2400,0x0,27,31,19,0.0,0.1,7061,7223,2448,1189,1
2026-09-17T22:36:10Z,850,42.5,2400,2400,2400,2400,0x0,27,31,19,0.0,80.7,7061,7223,2448,1190,1
2026-09-17T22:36:11Z,851,43.0,2400,2400,2400,2400,0x0,27,31,19,0.0,64.5,7061,7223,2448,1191,1
2026-09-17T22:36:12Z,852,41.4,2400,2400,2400,2400,0x0,27,31,19,0.0,71.9,7061,7223,2448,1192,1
2026-09-17T22:36:13Z,853,42.5,2400,2400,2400,2400,0x0,27,31,19,0.0,59.8,7061,7223,2448,1193,1
2026-09-17T22:36:14Z,854,42.5,2400,2400,2400,2400,0x0,27,31,19,0.0,87.6,7061,7223,2448,1194,1
2026-09-17T22:36:15Z,855,42.5,2400,2400,2400,2400,0x0,27,31,19,0.0,103.6,7061,7223,2448,1195,1
2026-09-17T22:36:16Z,856,43.0,2400,2400,2400,2400,0x0,27,31,19,0.0,32.3,7061,7223,2448,1196,1
2026-09-17T22:36:18Z,857,41.9,2400,2400,2400,2400,0x0,27,31,19,0.0,64.5,7061,7223,2448,1197,1
2026-09-17T22:36:19Z,859,42.5,2400,2400,2400,2400,0x0,27,31,19,0.0,24.2,7061,7223,2448,1199,1
2026-09-17T22:36:20Z,860,41.9,2400,2400,2400,2400,0x0,27,31,19,0.0,135.1,7061,7222,2448,1200,1
2026-09-17T22:36:21Z,861,42.5,2400,2400,2400,2400,0x0,27,31,19,0.0,147.2,7061,7222,2448,1201,1
2026-09-17T22:36:22Z,862,42.5,2400,2400,2400,2400,0x0,27,31,19,0.0,24.4,7061,7222,2448,1202,1
2026-09-17T22:36:23Z,863,41.9,2400,2400,2400,2400,0x0,27,31,19,0.0,0.0,7061,7222,2448,1203,1
2026-09-17T22:36:24Z,864,41.4,2400,2400,2400,2400,0x0,27,31,19,0.0,80.8,7061,7222,2448,1204,1
2026-09-17T22:36:25Z,865,41.9,2400,2400,2400,2400,0x0,27,31,19,0.0,52.6,7061,7222,2448,1205,1
2026-09-17T22:36:26Z,866,42.5,2400,2400,2400,2400,0x0,27,31,19,0.0,145.0,7061,7222,2448,1206,1
2026-09-17T22:36:27Z,867,43.0,2400,2400,2400,2400,0x0,27,31,19,0.0,148.2,7061,7222,2448,1207,1
2026-09-17T22:36:28Z,868,41.9,2400,2400,2400,2400,0x0,27,31,19,0.0,41.6,7061,7222,2448,1208,1
2026-09-17T22:36:29Z,869,41.4,2400,2400,2400,2400,0x0,27,31,19,0.0,0.1,7061,7222,2448,1209,1
2026-09-17T22:36:30Z,870,42.5,2400,2400,2400,2400,0x0,27,31,19,0.0,16.1,7061,7222,2448,1210,1
2026-09-17T22:36:32Z,871,42.5,2400,2400,2400,2400,0x0,27,31,19,0.0,64.5,7061,7222,2448,1211,1
2026-09-17T22:36:33Z,873,42.5,2400,2400,2400,2400,0x0,27,31,19,0.0,40.3,7061,7222,2448,1213,1
2026-09-17T22:36:34Z,874,42.5,2400,2400,2400,2400,0x0,27,31,19,0.0,48.4,7061,7222,2448,1214,1
2026-09-17T22:36:35Z,875,43.0,2400,2400,2400,2400,0x0,27,31,19,0.0,82.1,7061,7222,2448,1215,1
2026-09-17T22:36:36Z,876,41.9,2400,2400,2400,2400,0x0,27,31,19,0.0,63.2,7061,7222,2448,1216,1
2026-09-17T22:36:37Z,877,41.4,2400,2400,2400,2400,0x0,27,31,19,0.0,96.9,7061,7222,2448,1217,1
2026-09-17T22:36:38Z,878,42.5,2400,2400,2400,2400,0x0,27,31,19,0.0,46.8,7061,7222,2448,1218,1
2026-09-17T22:36:39Z,879,43.5,2400,2400,2400,2400,0x0,27,31,19,0.0,66.1,7061,7222,2448,1219,1
2026-09-17T22:36:40Z,880,41.4,2400,2400,2400,2400,0x0,27,31,19,0.0,64.7,7061,7222,2448,1220,1
2026-09-17T22:36:41Z,881,41.9,2400,2400,2400,2400,0x0,27,31,19,0.0,70.8,7061,7221,2448,1221,1
2026-09-17T22:36:42Z,882,43.0,2400,2400,2400,2400,0x0,27,31,19,0.0,147.3,7061,7221,2448,1222,1
2026-09-17T22:36:43Z,883,43.5,2400,2400,2400,2400,0x0,27,31,19,0.0,72.3,7061,7221,2448,1223,1
2026-09-17T22:36:44Z,884,42.5,2400,2400,2400,2400,0x0,27,31,19,0.0,0.0,7061,7221,2448,1224,1
2026-09-17T22:36:45Z,885,41.4,2400,2400,2400,2400,0x0,27,31,19,0.0,75.7,7061,7221,2448,1225,1
2026-09-17T22:36:47Z,886,42.5,2400,2400,2400,2400,0x0,27,31,19,0.0,37.4,7061,7221,2448,1227,1
2026-09-17T22:36:48Z,888,41.9,2400,2400,2400,2400,0x0,27,31,19,0.0,66.5,7061,7221,2448,1228,1
2026-09-17T22:36:49Z,889,41.9,2400,2400,2400,2400,0x0,27,31,19,0.0,149.7,7061,7221,2448,1229,1
2026-09-17T22:36:50Z,890,41.4,2400,2400,2400,2400,0x0,27,31,19,0.0,56.3,7061,7221,2448,1230,1
2026-09-17T22:36:51Z,891,41.9,2400,2400,2400,2400,0x0,27,31,19,0.0,0.0,7061,7221,2448,1231,1
2026-09-17T22:36:52Z,892,43.5,2400,2400,2400,2400,0x0,27,31,19,0.0,32.3,7061,7220,2448,1232,1
2026-09-17T22:36:53Z,893,41.9,2400,2400,2400,2400,0x0,27,31,19,0.0,75.5,7061,7220,2448,1233,1
2026-09-17T22:36:54Z,894,43.0,2400,2400,2400,2400,0x0,27,31,19,0.0,37.4,7061,7220,2448,1234,1
2026-09-17T22:36:55Z,895,42.5,2400,2400,2400,2400,0x0,27,31,19,0.0,80.8,7061,7220,2448,1235,1
2026-09-17T22:36:56Z,896,43.5,2400,2400,2400,2400,0x0,27,31,19,0.0,70.0,7061,7220,2448,1236,1
2026-09-17T22:36:57Z,897,43.0,2400,2400,2400,2400,0x0,27,31,19,0.0,110.2,7061,7220,2448,1237,1
2026-09-17T22:36:58Z,898,41.9,2400,2400,2400,2400,0x0,27,31,19,0.0,45.8,7061,7220,2448,1238,1
2026-09-17T22:36:59Z,899,41.9,2400,2400,2400,2400,0x0,27,31,19,0.0,64.5,7061,7220,2448,1239,1
2026-09-17T22:37:00Z,900,43.0,2400,2400,2400,2400,0x0,27,31,19,0.0,64.7,7061,7220,2448,1240,1
2026-09-17T22:37:02Z,901,41.9,2400,2400,2400,2400,0x0,27,31,19,0.0,80.7,7061,7220,2448,1241,1
2026-09-17T22:37:03Z,903,41.9,2400,2400,2400,2400,0x0,27,31,19,0.0,62.0,7061,7220,2448,1243,1
2026-09-17T22:37:04Z,904,41.9,2400,2400,2400,2400,0x0,27,31,19,0.0,118.1,7061,7220,2448,1244,1
2026-09-17T22:37:05Z,905,40.8,2400,2400,2400,2400,0x0,27,31,19,0.0,0.1,7061,7220,2448,1245,1
2026-09-17T22:37:06Z,906,42.5,2400,2400,2400,2400,0x0,27,31,19,0.0,32.3,7061,7220,2448,1246,1
2026-09-17T22:37:07Z,907,43.5,2400,2400,2400,2400,0x0,27,31,19,0.0,64.7,7061,7220,2448,1247,1
2026-09-17T22:37:08Z,908,42.5,2400,2400,2400,2400,0x0,27,31,19,0.0,121.3,7061,7220,2448,1248,1
2026-09-17T22:37:09Z,909,43.5,2400,2400,2400,2400,0x0,27,31,19,0.0,146.5,7061,7220,2448,1249,1
2026-09-17T22:37:10Z,910,43.0,2400,2400,2400,2400,0x0,27,31,19,0.0,87.2,7061,7220,2448,1250,1
2026-09-17T22:37:11Z,911,41.4,2400,2400,2400,2400,0x0,27,31,19,0.0,0.0,7061,7220,2448,1251,1
2026-09-17T22:37:12Z,912,43.0,2400,2400,2400,2400,0x0,27,31,19,0.0,0.0,7061,7220,2448,1252,1
2026-09-17T22:37:13Z,913,42.5,2400,2400,2400,2400,0x0,27,31,19,0.0,79.4,7061,7219,2448,1253,1
2026-09-17T22:37:14Z,914,42.5,2400,2400,2400,2400,0x0,27,31,19,0.0,33.5,7061,7219,2448,1254,1
2026-09-17T22:37:16Z,915,41.4,2400,2400,2400,2400,0x0,27,31,19,0.0,80.8,7061,7219,2448,1255,1
2026-09-17T22:37:17Z,917,41.4,2400,2400,2400,2400,0x0,27,31,19,0.0,32.3,7061,7219,2448,1257,1
2026-09-17T22:37:18Z,918,43.0,2400,2400,2400,2400,0x0,27,31,19,0.0,69.9,7061,7219,2448,1258,1
2026-09-17T22:37:19Z,919,41.4,2400,2400,2400,2400,0x0,27,31,19,0.0,123.8,7061,7219,2448,1259,1
2026-09-17T22:37:20Z,920,42.5,2400,2400,2400,2400,0x0,27,31,19,0.0,22.2,7061,7219,2448,1260,1
2026-09-17T22:37:21Z,921,43.0,2400,2400,2400,2400,0x0,27,31,19,0.0,73.5,7061,7219,2448,1261,1
2026-09-17T22:37:22Z,922,41.9,2400,2400,2400,2400,0x0,27,31,19,0.0,81.9,7061,7219,2448,1262,1
2026-09-17T22:37:23Z,923,43.0,2400,2400,2400,2400,0x0,27,31,19,0.0,79.2,7061,7219,2448,1263,1
2026-09-17T22:37:24Z,924,41.4,2400,2400,2400,2400,0x0,27,31,19,0.0,144.4,7061,7218,2448,1264,1
2026-09-17T22:37:25Z,925,41.9,2400,2400,2400,2400,0x0,27,31,19,0.0,50.6,7061,7218,2448,1265,1
2026-09-17T22:37:26Z,926,43.0,2400,2400,2400,2400,0x0,27,31,19,0.0,0.1,7061,7218,2448,1266,1
2026-09-17T22:37:27Z,927,41.9,2400,2400,2400,2400,0x0,27,31,19,0.0,52.8,7061,7218,2448,1267,1
2026-09-17T22:37:28Z,928,43.0,2400,2400,2400,2400,0x0,27,31,19,0.0,72.9,7061,7218,2448,1268,1
2026-09-17T22:37:29Z,929,41.4,2400,2400,2400,2400,0x0,27,31,19,0.0,146.5,7061,7218,2448,1269,1
2026-09-17T22:37:31Z,930,44.6,2400,2400,2400,2400,0x0,27,31,19,0.0,145.4,7061,7218,2448,1270,1
2026-09-17T22:37:32Z,932,43.0,2400,2400,2400,2400,0x0,27,31,19,0.0,17.3,7061,7218,2448,1272,1
2026-09-17T22:37:33Z,933,43.0,2400,2400,2400,2400,0x0,27,31,19,0.0,0.0,7061,7218,2448,1273,1
2026-09-17T22:37:34Z,934,43.0,2400,2400,2400,2400,0x0,27,31,19,0.0,10.1,7061,7218,2448,1274,1
2026-09-17T22:37:35Z,935,41.9,2400,2400,2400,2400,0x0,27,31,19,0.0,144.8,7061,7218,2448,1275,1
2026-09-17T22:37:36Z,936,42.5,2400,2400,2400,2400,0x0,27,31,19,0.0,159.4,7061,7218,2448,1276,1
2026-09-17T22:37:37Z,937,43.0,2400,2400,2400,2400,0x0,27,31,19,0.0,144.2,7061,7218,2448,1277,1
2026-09-17T22:37:38Z,938,43.0,2400,2400,2400,2400,0x0,27,31,19,0.0,9.6,7061,7218,2448,1278,1
2026-09-17T22:37:39Z,939,43.0,2400,2400,2400,2400,0x0,27,31,19,0.0,0.0,7061,7218,2448,1279,1
2026-09-17T22:37:40Z,940,43.0,2400,2400,2400,2400,0x0,27,31,19,0.0,0.0,7061,7218,2448,1280,1
2026-09-17T22:37:41Z,941,42.5,2400,2400,2400,2400,0x0,27,31,19,0.0,51.9,7061,7218,2448,1281,1
2026-09-17T22:37:42Z,942,43.0,2400,2400,2400,2400,0x0,27,31,19,0.0,59.8,7061,7218,2448,1282,1
2026-09-17T22:37:43Z,943,42.5,2400,2400,2400,2400,0x0,27,31,19,0.0,66.0,7061,7218,2448,1283,1
2026-09-17T22:37:45Z,944,42.5,2400,2400,2400,2400,0x0,27,31,19,0.0,64.5,7061,7218,2448,1284,1
2026-09-17T22:37:46Z,946,41.9,2400,2400,2400,2400,0x0,27,31,19,0.0,32.3,7061,7217,2448,1286,1
2026-09-17T22:37:47Z,947,42.5,2400,2400,2400,2400,0x0,27,31,19,0.0,103.5,7061,7217,2448,1287,1
2026-09-17T22:37:48Z,948,44.1,2400,2400,2400,2400,0x0,27,31,19,0.0,50.2,7061,7217,2448,1288,1
2026-09-17T22:37:49Z,949,43.0,2400,2400,2400,2400,0x0,27,31,19,0.0,60.1,7061,7217,2448,1289,1
2026-09-17T22:37:50Z,950,41.9,2400,2400,2400,2400,0x0,27,31,19,0.0,76.7,7061,7217,2448,1290,1
2026-09-17T22:37:51Z,951,40.8,2400,2400,2400,2400,0x0,27,31,19,0.0,64.5,7061,7217,2448,1291,1
2026-09-17T22:37:52Z,952,42.5,2400,2400,2400,2400,0x0,27,31,19,0.0,115.2,7061,7217,2448,1292,1
2026-09-17T22:37:53Z,953,41.9,2400,2400,2400,2400,0x0,27,31,19,0.0,127.1,7061,7217,2448,1293,1
2026-09-17T22:37:54Z,954,42.5,2400,2400,2400,2400,0x0,27,31,19,0.0,0.0,7061,7217,2448,1294,1
2026-09-17T22:37:55Z,955,43.0,2400,2400,2400,2400,0x0,27,31,19,0.0,32.3,7061,7217,2448,1295,1
2026-09-17T22:37:56Z,956,41.4,2400,2400,2400,2400,0x0,27,31,19,0.0,66.0,7061,7216,2448,1296,1
2026-09-17T22:37:57Z,957,43.0,2400,2400,2400,2400,0x0,27,31,19,0.0,111.6,7061,7216,2448,1297,1
2026-09-17T22:37:58Z,958,41.4,2400,2400,2400,2400,0x0,27,31,19,0.0,145.2,7061,7216,2448,1298,1
2026-09-17T22:38:00Z,959,41.9,2400,2400,2400,2400,0x0,27,31,19,0.0,96.8,7061,7216,2448,1299,1
2026-09-17T22:38:01Z,961,42.5,2400,2400,2400,2400,0x0,27,31,19,0.0,0.0,7061,7216,2448,1301,1
2026-09-17T22:38:02Z,962,41.4,2400,2400,2400,2400,0x0,27,31,19,0.0,0.0,7061,7216,2448,1302,1
2026-09-17T22:38:03Z,963,43.5,2400,2400,2400,2400,0x0,27,31,19,0.0,56.9,7061,7216,2448,1303,1
2026-09-17T22:38:04Z,964,41.4,2400,2400,2400,2400,0x0,27,31,19,0.0,87.1,7061,7216,2448,1304,1
2026-09-17T22:38:05Z,965,43.5,2400,2400,2400,2400,0x0,27,31,19,0.0,59.5,7061,7216,2448,1305,1
2026-09-17T22:38:06Z,966,43.0,2400,2400,2400,2400,0x0,27,31,19,0.0,71.0,7061,7216,2448,1306,1
2026-09-17T22:38:07Z,967,42.5,2400,2400,2400,2400,0x0,27,31,19,0.0,80.8,7061,7216,2448,1307,1
2026-09-17T22:38:08Z,968,41.4,2400,2400,2400,2400,0x0,27,31,19,0.0,96.8,7061,7216,2448,1308,1
2026-09-17T22:38:09Z,969,43.0,2400,2400,2400,2400,0x0,27,31,19,0.0,34.9,7061,7216,2448,1309,1
2026-09-17T22:38:10Z,970,43.0,2400,2400,2400,2400,0x0,27,31,19,0.0,60.2,7061,7216,2448,1310,1
2026-09-17T22:38:11Z,971,42.5,2400,2400,2400,2400,0x0,27,31,19,0.0,72.8,7061,7216,2448,1311,1
2026-09-17T22:38:12Z,972,41.9,2400,2400,2400,2400,0x0,27,31,19,0.0,73.1,7061,7216,2448,1312,1
2026-09-17T22:38:13Z,973,43.0,2400,2400,2400,2400,0x0,27,31,19,0.0,110.4,7061,7216,2448,1313,1
2026-09-17T22:38:15Z,974,42.5,2400,2400,2400,2400,0x0,27,31,19,0.0,100.6,7061,7216,2448,1314,1
2026-09-17T22:38:16Z,976,41.9,2400,2400,2400,2400,0x0,27,31,19,0.0,0.0,7061,7216,2448,1316,1
2026-09-17T22:38:17Z,977,41.9,2400,2400,2400,2400,0x0,27,31,19,0.0,49.7,7061,7216,2448,1317,1
2026-09-17T22:38:18Z,978,43.0,2400,2400,2400,2400,0x0,27,31,19,0.0,73.8,7061,7215,2448,1318,1
2026-09-17T22:38:19Z,979,43.0,2400,2400,2400,2400,0x0,27,31,19,0.0,110.8,7061,7215,2448,1319,1
2026-09-17T22:38:20Z,980,43.0,2400,2400,2400,2400,0x0,27,31,19,0.0,145.2,7061,7215,2448,1320,1
2026-09-17T22:38:21Z,981,42.5,2400,2400,2400,2400,0x0,27,31,19,0.0,72.3,7061,7215,2448,1321,1
2026-09-17T22:38:22Z,982,41.9,2400,2400,2400,2400,0x0,27,31,19,0.0,0.0,7061,7215,2448,1322,1
2026-09-17T22:38:23Z,983,40.8,2400,2400,2400,2400,0x0,27,31,19,0.0,32.4,7061,7215,2448,1323,1
2026-09-17T22:38:24Z,984,42.5,2400,2400,2400,2400,0x0,27,31,19,0.0,133.4,7061,7215,2448,1324,1
2026-09-17T22:38:25Z,985,42.5,2400,2400,2400,2400,0x0,27,31,19,0.0,147.6,7061,7215,2448,1325,1
2026-09-17T22:38:26Z,986,42.5,2400,2400,2400,2400,0x0,27,31,19,0.0,138.7,7061,7215,2448,1326,1
2026-09-17T22:38:27Z,987,41.9,2400,2400,2400,2400,0x0,27,31,19,0.0,0.1,7061,7215,2448,1327,1
2026-09-17T22:38:28Z,988,41.4,2400,2400,2400,2400,0x0,27,31,19,0.0,0.0,7061,7215,2448,1328,1
2026-09-17T22:38:30Z,989,41.4,2400,2400,2400,2400,0x0,27,31,19,0.0,0.0,7061,7215,2448,1329,1
2026-09-17T22:38:31Z,991,41.4,2400,2400,2400,2400,0x0,27,31,19,0.0,32.3,7061,7215,2448,1331,1
2026-09-17T22:38:32Z,992,42.5,2400,2400,2400,2400,0x0,27,31,19,0.0,64.5,7061,7215,2448,1332,1
2026-09-17T22:38:33Z,993,41.4,2400,2400,2400,2400,0x0,27,31,19,0.0,58.2,7061,7215,2448,1333,1
2026-09-17T22:38:34Z,994,41.9,2400,2400,2400,2400,0x0,27,31,19,0.0,72.3,7061,7215,2448,1334,1
2026-09-17T22:38:35Z,995,41.4,2400,2400,2400,2400,0x0,27,31,19,0.0,73.8,7061,7215,2448,1335,1
2026-09-17T22:38:36Z,996,42.5,2400,2400,2400,2400,0x0,27,31,19,0.0,108.8,7061,7215,2448,1336,1
2026-09-17T22:38:37Z,997,42.5,2400,2400,2400,2400,0x0,27,31,19,0.0,42.1,7061,7215,2448,1337,1
2026-09-17T22:38:38Z,998,42.5,2400,2400,2400,2400,0x0,27,31,19,0.0,64.7,7061,7215,2448,1338,1
2026-09-17T22:38:39Z,999,42.5,2400,2400,2400,2400,0x0,27,31,19,0.0,48.4,7061,7214,2448,1339,1
2026-09-17T22:38:40Z,1000,41.4,2400,2400,2400,2400,0x0,27,31,19,0.0,96.8,7061,7214,2448,1340,1
2026-09-17T22:38:41Z,1001,41.9,2400,2400,2400,2400,0x0,27,31,19,0.0,109.7,7061,7214,2448,1341,1
2026-09-17T22:38:43Z,1002,42.5,2400,2400,2400,2400,0x0,27,31,19,0.0,100.1,7061,7214,2448,1342,1
2026-09-17T22:38:44Z,1004,41.4,2400,2400,2400,2400,0x0,27,31,19,0.0,0.0,7061,7214,2448,1344,1
2026-09-17T22:38:45Z,1005,43.0,2400,2400,2400,2400,0x0,27,31,19,0.0,51.1,7061,7214,2448,1345,1
2026-09-17T22:38:46Z,1006,41.9,2400,2400,2400,2400,0x0,27,31,19,0.0,72.9,7061,7214,2448,1346,1
2026-09-17T22:38:47Z,1007,43.0,2400,2400,2400,2400,0x0,27,31,19,0.0,145.2,7061,7214,2448,1347,1
2026-09-17T22:38:48Z,1008,41.9,2400,2400,2400,2400,0x0,27,31,19,0.0,145.8,7061,7214,2448,1348,1
2026-09-17T22:38:49Z,1009,43.0,2400,2400,2400,2400,0x0,27,31,19,0.0,36.9,7061,7214,2448,1349,1
2026-09-17T22:38:50Z,1010,41.4,2400,2400,2400,2400,0x0,27,31,19,0.0,0.0,7061,7213,2448,1350,1
2026-09-17T22:38:51Z,1011,41.9,2400,2400,2400,2400,0x0,27,31,19,0.0,32.3,7061,7213,2448,1351,1
2026-09-17T22:38:52Z,1012,42.5,2400,2400,2400,2400,0x0,27,31,19,0.0,45.4,7061,7213,2448,1352,1
2026-09-17T22:38:53Z,1013,42.5,2400,2400,2400,2400,0x0,27,31,19,0.0,99.9,7061,7213,2448,1353,1
2026-09-17T22:38:54Z,1014,42.5,2400,2400,2400,2400,0x0,27,31,19,0.0,62.4,7061,7213,2448,1354,1
2026-09-17T22:38:55Z,1015,41.9,2400,2400,2400,2400,0x0,27,31,19,0.0,82.9,7061,7213,2448,1355,1
2026-09-17T22:38:57Z,1016,42.5,2400,2400,2400,2400,0x0,27,31,19,0.0,112.9,7061,7213,2448,1356,1
2026-09-17T22:38:58Z,1018,42.5,2400,2400,2400,2400,0x0,27,31,19,0.0,8.1,7061,7213,2448,1358,1
2026-09-17T22:38:59Z,1019,42.5,2400,2400,2400,2400,0x0,27,31,19,0.0,64.7,7061,7213,2448,1359,1
2026-09-17T22:39:00Z,1020,42.5,2400,2400,2400,2400,0x0,27,31,19,0.0,58.1,7061,7213,2448,1360,1
2026-09-17T22:39:01Z,1021,43.0,2400,2400,2400,2400,0x0,27,31,19,0.0,73.6,7061,7213,2448,1361,1
2026-09-17T22:39:02Z,1022,41.9,2400,2400,2400,2400,0x0,27,31,19,0.0,110.3,7061,7213,2448,1362,1
2026-09-17T22:39:03Z,1023,41.9,2400,2400,2400,2400,0x0,27,31,19,0.0,145.5,7061,7213,2448,1363,1
2026-09-17T22:39:04Z,1024,42.5,2400,2400,2400,2400,0x0,27,31,19,0.0,0.0,7061,7213,2448,1364,1
2026-09-17T22:39:05Z,1025,43.5,2400,2400,2400,2400,0x0,27,31,19,0.0,32.3,7061,7213,2448,1365,1
2026-09-17T22:39:06Z,1026,42.5,2400,2400,2400,2400,0x0,27,31,19,0.0,72.9,7061,7213,2448,1366,1
2026-09-17T22:39:07Z,1027,41.4,2400,2400,2400,2400,0x0,27,31,19,0.0,146.5,7061,7213,2448,1367,1
2026-09-17T22:39:08Z,1028,42.5,2400,2400,2400,2400,0x0,27,31,19,0.0,145.1,7061,7213,2448,1368,1
2026-09-17T22:39:09Z,1029,42.5,2400,2400,2400,2400,0x0,27,31,19,0.0,55.1,7061,7213,2448,1369,1
2026-09-17T22:39:11Z,1030,42.5,2400,2400,2400,2400,0x0,27,31,19,0.0,0.0,7061,7213,2448,1370,1
2026-09-17T22:39:12Z,1032,42.5,2400,2400,2400,2400,0x0,27,31,19,0.0,0.0,7061,7212,2448,1372,1
2026-09-17T22:39:13Z,1033,41.9,2400,2400,2400,2400,0x0,27,31,19,0.0,69.8,7061,7212,2448,1373,1
2026-09-17T22:39:14Z,1034,42.5,2400,2400,2400,2400,0x0,27,31,19,0.0,74.2,7061,7212,2448,1374,1
2026-09-17T22:39:15Z,1035,42.5,2400,2400,2400,2400,0x0,27,31,19,0.0,47.3,7061,7212,2448,1375,1
2026-09-17T22:39:16Z,1036,42.5,2400,2400,2400,2400,0x0,27,31,19,0.0,83.3,7061,7212,2448,1376,1
2026-09-17T22:39:17Z,1037,43.0,2400,2400,2400,2400,0x0,27,31,19,0.0,64.5,7061,7212,2448,1377,1
2026-09-17T22:39:18Z,1038,42.5,2400,2400,2400,2400,0x0,27,31,19,0.0,121.4,7061,7212,2448,1378,1
2026-09-17T22:39:19Z,1039,41.4,2400,2400,2400,2400,0x0,27,31,19,0.0,7.7,7061,7212,2448,1379,1
2026-09-17T22:39:20Z,1040,43.0,2400,2400,2400,2400,0x0,27,31,19,0.0,84.6,7061,7212,2448,1380,1
2026-09-17T22:39:21Z,1041,42.5,2400,2400,2400,2400,0x0,27,31,19,0.0,60.6,7061,7212,2448,1381,1
2026-09-17T22:39:22Z,1042,41.9,2400,2400,2400,2400,0x0,27,31,19,0.0,95.4,7061,7211,2448,1382,1
2026-09-17T22:39:23Z,1043,42.5,2400,2400,2400,2400,0x0,27,31,19,0.0,145.9,7061,7211,2448,1383,1
2026-09-17T22:39:24Z,1044,41.9,2400,2400,2400,2400,0x0,27,31,19,0.0,146.3,7061,7211,2448,1384,1
2026-09-17T22:39:26Z,1045,41.9,2400,2400,2400,2400,0x0,27,31,19,0.0,96.8,7061,7211,2448,1385,1
2026-09-17T22:39:27Z,1047,42.5,2400,2400,2400,2400,0x0,27,31,19,0.0,0.0,7061,7211,2448,1387,1
2026-09-17T22:39:28Z,1048,43.0,2400,2400,2400,2400,0x0,27,31,19,0.0,0.0,7061,7211,2448,1388,1
2026-09-17T22:39:29Z,1049,42.5,2400,2400,2400,2400,0x0,27,31,19,0.0,11.1,7061,7211,2448,1389,1
2026-09-17T22:39:30Z,1050,43.0,2400,2400,2400,2400,0x0,27,31,19,0.0,59.0,7061,7211,2448,1390,1
2026-09-17T22:39:31Z,1051,41.4,2400,2400,2400,2400,0x0,27,31,19,0.0,77.8,7061,7211,2448,1391,1
2026-09-17T22:39:32Z,1052,42.5,2400,2400,2400,2400,0x0,27,31,19,0.0,145.7,7061,7211,2448,1392,1
2026-09-17T22:39:33Z,1053,41.9,2400,2400,2400,2400,0x0,27,31,19,0.0,145.9,7061,7211,2448,1393,1
2026-09-17T22:39:34Z,1054,43.0,2400,2400,2400,2400,0x0,27,31,19,0.0,12.4,7061,7211,2448,1394,1
2026-09-17T22:39:35Z,1055,43.0,2400,2400,2400,2400,0x0,27,31,19,0.0,0.0,7061,7211,2448,1395,1
2026-09-17T22:39:36Z,1056,41.4,2400,2400,2400,2400,0x0,27,31,19,0.0,44.8,7061,7211,2448,1396,1
2026-09-17T22:39:37Z,1057,40.8,2400,2400,2400,2400,0x0,27,31,19,0.0,73.7,7061,7211,2448,1397,1
2026-09-17T22:39:38Z,1058,42.5,2400,2400,2400,2400,0x0,27,31,19,0.0,75.2,7061,7211,2448,1398,1
2026-09-17T22:39:40Z,1059,42.5,2400,2400,2400,2400,0x0,27,31,19,0.0,62.4,7061,7211,2448,1399,1
2026-09-17T22:39:41Z,1061,42.5,2400,2400,2400,2400,0x0,27,31,19,0.0,33.4,7061,7211,2448,1401,1
2026-09-17T22:39:42Z,1062,43.0,2400,2400,2400,2400,0x0,27,31,19,0.0,129.1,7061,7211,2448,1402,1
2026-09-17T22:39:43Z,1063,43.0,2400,2400,2400,2400,0x0,27,31,19,0.0,6.6,7061,7211,2448,1403,1
2026-09-17T22:39:44Z,1064,41.9,2400,2400,2400,2400,0x0,27,31,19,0.0,59.9,7061,7210,2448,1404,1
2026-09-17T22:39:45Z,1065,42.5,2400,2400,2400,2400,0x0,27,31,19,0.0,78.8,7061,7210,2448,1405,1
2026-09-17T22:39:46Z,1066,41.9,2400,2400,2400,2400,0x0,27,31,19,0.0,64.5,7061,7210,2448,1406,1
2026-09-17T22:39:47Z,1067,41.4,2400,2400,2400,2400,0x0,27,31,19,0.0,126.8,7061,7210,2448,1407,1
2026-09-17T22:39:48Z,1068,42.5,2400,2400,2400,2400,0x0,27,31,19,0.0,115.2,7061,7210,2448,1408,1
2026-09-17T22:39:49Z,1069,41.4,2400,2400,2400,2400,0x0,27,31,19,0.0,0.1,7061,7210,2448,1409,1
2026-09-17T22:39:50Z,1070,42.5,2400,2400,2400,2400,0x0,27,31,19,0.0,48.4,7061,7210,2448,1410,1
2026-09-17T22:39:51Z,1071,43.0,2400,2400,2400,2400,0x0,27,31,19,0.0,60.7,7061,7210,2448,1411,1
2026-09-17T22:39:52Z,1072,41.4,2400,2400,2400,2400,0x0,27,31,19,0.0,110.5,7061,7210,2448,1412,1
2026-09-17T22:39:54Z,1073,42.5,2400,2400,2400,2400,0x0,27,31,19,0.0,145.2,7061,7210,2448,1413,1
2026-09-17T22:39:55Z,1075,41.9,2400,2400,2400,2400,0x0,27,31,19,0.0,43.6,7061,7209,2448,1415,1
2026-09-17T22:39:56Z,1076,43.0,2400,2400,2400,2400,0x0,27,31,19,0.0,0.0,7061,7209,2448,1416,1
2026-09-17T22:39:57Z,1077,42.5,2400,2400,2400,2400,0x0,27,31,19,0.0,6.9,7061,7209,2448,1417,1
2026-09-17T22:39:58Z,1078,43.0,2400,2400,2400,2400,0x0,27,31,19,0.0,59.0,7061,7209,2448,1418,1
2026-09-17T22:39:59Z,1079,42.5,2400,2400,2400,2400,0x0,27,31,19,0.0,79.4,7061,7209,2448,1419,1
2026-09-17T22:40:00Z,1080,43.0,2400,2400,2400,2400,0x0,27,31,19,0.0,64.6,7061,7209,2448,1420,1
2026-09-17T22:40:01Z,1081,43.0,2400,2400,2400,2400,0x0,27,31,19,0.0,75.0,7061,7209,2448,1421,1
2026-09-17T22:40:02Z,1082,42.5,2400,2400,2400,2400,0x0,27,31,19,0.0,88.5,7061,7209,2448,1422,1
2026-09-17T22:40:03Z,1083,42.5,2400,2400,2400,2400,0x0,27,31,19,0.0,78.6,7061,7209,2448,1423,1
2026-09-17T22:40:04Z,1084,42.5,2400,2400,2400,2400,0x0,27,31,19,0.0,35.6,7061,7209,2448,1424,1
2026-09-17T22:40:05Z,1085,43.0,2400,2400,2400,2400,0x0,27,31,19,0.0,59.0,7061,7209,2448,1425,1
2026-09-17T22:40:06Z,1086,43.0,2400,2400,2400,2400,0x0,27,31,19,0.0,74.2,7061,7209,2448,1426,1
2026-09-17T22:40:07Z,1087,41.4,2400,2400,2400,2400,0x0,27,31,19,0.0,73.4,7061,7209,2448,1427,1
2026-09-17T22:40:08Z,1088,42.5,2400,2400,2400,2400,0x0,27,31,19,0.0,146.5,7061,7209,2448,1428,1
2026-09-17T22:40:10Z,1089,41.9,2400,2400,2400,2400,0x0,27,31,19,0.0,63.2,7061,7209,2448,1429,1
2026-09-17T22:40:11Z,1091,41.9,2400,2400,2400,2400,0x0,27,31,19,0.0,0.1,7061,7209,2448,1431,1
2026-09-17T22:40:12Z,1092,43.0,2400,2400,2400,2400,0x0,27,31,19,0.0,37.6,7061,7209,2448,1432,1
2026-09-17T22:40:13Z,1093,44.1,2400,2400,2400,2400,0x0,27,31,19,0.0,138.6,7061,7209,2448,1433,1
2026-09-17T22:40:14Z,1094,42.5,2400,2400,2400,2400,0x0,27,31,19,0.0,145.1,7061,7209,2448,1434,1
2026-09-17T22:40:15Z,1095,43.0,2400,2400,2400,2400,0x0,27,31,19,0.0,130.7,7061,7209,2448,1435,1
2026-09-17T22:40:16Z,1096,41.4,2400,2400,2400,2400,0x0,27,31,19,0.0,0.1,7061,7208,2448,1436,1
2026-09-17T22:40:17Z,1097,40.8,2400,2400,2400,2400,0x0,27,31,19,0.0,0.0,7061,7208,2448,1437,1
2026-09-17T22:40:18Z,1098,43.0,2400,2400,2400,2400,0x0,27,31,19,0.0,32.3,7061,7208,2448,1438,1
2026-09-17T22:40:19Z,1099,43.0,2400,2400,2400,2400,0x0,27,31,19,0.0,70.6,7061,7208,2448,1439,1
2026-09-17T22:40:20Z,1100,43.0,2400,2400,2400,2400,0x0,27,31,19,0.0,45.8,7061,7208,2448,1440,1
2026-09-17T22:40:21Z,1101,42.5,2400,2400,2400,2400,0x0,27,31,19,0.0,101.4,7061,7208,2448,1441,1
2026-09-17T22:40:22Z,1102,42.5,2400,2400,2400,2400,0x0,27,31,19,0.0,47.9,7061,7208,2448,1442,1
2026-09-17T22:40:24Z,1103,43.0,2400,2400,2400,2400,0x0,27,31,19,0.0,101.8,7061,7208,2448,1443,1
2026-09-17T22:40:25Z,1105,42.5,2400,2400,2400,2400,0x0,27,31,19,0.0,26.1,7061,7208,2448,1445,1
2026-09-17T22:40:26Z,1106,41.9,2400,2400,2400,2400,0x0,27,31,19,0.0,64.7,7061,7208,2448,1446,1
2026-09-17T22:40:27Z,1107,41.9,2400,2400,2400,2400,0x0,27,31,19,0.0,56.8,7061,7207,2448,1447,1
2026-09-17T22:40:28Z,1108,41.9,2400,2400,2400,2400,0x0,27,31,19,0.0,88.4,7061,7207,2448,1448,1
2026-09-17T22:40:29Z,1109,42.5,2400,2400,2400,2400,0x0,27,31,19,0.0,109.7,7061,7207,2448,1449,1
2026-09-17T22:40:30Z,1110,41.9,2400,2400,2400,2400,0x0,27,31,19,0.0,144.9,7061,7207,2448,1450,1
2026-09-17T22:40:31Z,1111,42.5,2400,2400,2400,2400,0x0,27,31,19,0.0,3.6,7061,7207,2448,1451,1
2026-09-17T22:40:32Z,1112,41.9,2400,2400,2400,2400,0x0,27,31,19,0.0,0.1,7061,7207,2448,1452,1
2026-09-17T22:40:33Z,1113,42.5,2400,2400,2400,2400,0x0,27,31,19,0.0,64.6,7061,7207,2448,1453,1
2026-09-17T22:40:34Z,1114,43.5,2400,2400,2400,2400,0x0,27,31,19,0.0,107.8,7061,7207,2448,1454,1
2026-09-17T22:40:35Z,1115,41.9,2400,2400,2400,2400,0x0,27,31,19,0.0,144.7,7061,7207,2448,1455,1
2026-09-17T22:40:36Z,1116,41.9,2400,2400,2400,2400,0x0,27,31,19,0.0,134.8,7061,7207,2448,1456,1
2026-09-17T22:40:37Z,1117,42.5,2400,2400,2400,2400,0x0,27,31,19,0.0,0.0,7061,7207,2448,1457,1
2026-09-17T22:40:39Z,1118,42.5,2400,2400,2400,2400,0x0,27,31,19,0.0,0.0,7061,7207,2448,1458,1
2026-09-17T22:40:40Z,1120,41.4,2400,2400,2400,2400,0x0,27,31,19,0.0,16.1,7061,7207,2448,1460,1
2026-09-17T22:40:41Z,1121,42.5,2400,2400,2400,2400,0x0,27,31,19,0.0,80.7,7061,7207,2448,1461,1
2026-09-17T22:40:42Z,1122,42.5,2400,2400,2400,2400,0x0,27,31,19,0.0,58.2,7061,7207,2448,1462,1
2026-09-17T22:40:43Z,1123,42.5,2400,2400,2400,2400,0x0,27,31,19,0.0,73.6,7061,7207,2448,1463,1
2026-09-17T22:40:44Z,1124,42.5,2400,2400,2400,2400,0x0,27,31,19,0.0,78.2,7061,7207,2448,1464,1
2026-09-17T22:40:45Z,1125,42.5,2400,2400,2400,2400,0x0,27,31,19,0.0,110.7,7061,7207,2448,1465,1
2026-09-17T22:40:46Z,1126,43.0,2400,2400,2400,2400,0x0,27,31,19,0.0,18.4,7061,7207,2448,1466,1
2026-09-17T22:40:47Z,1127,41.4,2400,2400,2400,2400,0x0,27,31,19,0.0,64.7,7061,7207,2448,1467,1
2026-09-17T22:40:48Z,1128,43.5,2400,2400,2400,2400,0x0,27,31,19,0.0,82.0,7061,7206,2448,1468,1
2026-09-17T22:40:49Z,1129,42.5,2400,2400,2400,2400,0x0,27,31,19,0.0,72.9,7061,7206,2448,1469,1
2026-09-17T22:40:50Z,1130,43.5,2400,2400,2400,2400,0x0,27,31,19,0.0,109.3,7061,7206,2448,1470,1
2026-09-17T22:40:51Z,1131,43.0,2400,2400,2400,2400,0x0,27,31,19,0.0,123.0,7061,7206,2448,1471,1
2026-09-17T22:40:53Z,1132,42.5,2400,2400,2400,2400,0x0,27,31,19,0.0,0.1,7061,7206,2448,1473,1
2026-09-17T22:40:54Z,1134,40.8,2400,2400,2400,2400,0x0,27,31,19,0.0,30.8,7061,7206,2448,1474,1
2026-09-17T22:40:55Z,1135,43.0,2400,2400,2400,2400,0x0,27,31,19,0.0,149.8,7061,7206,2448,1475,1
2026-09-17T22:40:56Z,1136,41.9,2400,2400,2400,2400,0x0,27,31,19,0.0,143.6,7061,7206,2448,1476,1
2026-09-17T22:40:57Z,1137,43.5,2400,2400,2400,2400,0x0,27,31,19,0.0,113.1,7061,7206,2448,1477,1
2026-09-17T22:40:58Z,1138,41.4,2400,2400,2400,2400,0x0,27,31,19,0.0,0.0,7061,7206,2448,1478,1
2026-09-17T22:40:59Z,1139,41.4,2400,2400,2400,2400,0x0,27,31,19,0.0,0.0,7061,7206,2448,1479,1
2026-09-17T22:41:00Z,1140,42.5,2400,2400,2400,2400,0x0,27,31,19,0.0,0.0,7061,7206,2448,1480,1
2026-09-17T22:41:01Z,1141,43.0,2400,2400,2400,2400,0x0,27,31,19,0.0,64.5,7061,7206,2448,1481,1
2026-09-17T22:41:02Z,1142,43.0,2400,2400,2400,2400,0x0,27,31,19,0.0,93.1,7061,7206,2448,1482,1
2026-09-17T22:41:03Z,1143,43.0,2400,2400,2400,2400,0x0,27,31,19,0.0,144.9,7061,7206,2448,1483,1
2026-09-17T22:41:04Z,1144,43.0,2400,2400,2400,2400,0x0,27,31,19,0.0,144.4,7061,7206,2448,1484,1
2026-09-17T22:41:05Z,1145,43.5,2400,2400,2400,2400,0x0,27,31,19,0.0,5.0,7061,7206,2448,1485,1
2026-09-17T22:41:06Z,1146,41.9,2400,2400,2400,2400,0x0,27,31,19,0.0,0.0,7061,7206,2448,1486,1
2026-09-17T22:41:08Z,1147,41.4,2400,2400,2400,2400,0x0,27,31,19,0.0,32.4,7061,7206,2448,1488,1
2026-09-17T22:41:09Z,1149,43.0,2400,2400,2400,2400,0x0,27,31,19,0.0,24.2,7061,7206,2448,1489,1
2026-09-17T22:41:10Z,1150,41.9,2400,2400,2400,2400,0x0,27,31,19,0.0,70.9,7061,7205,2448,1490,1
2026-09-17T22:41:11Z,1151,42.5,2400,2400,2400,2400,0x0,27,31,19,0.0,73.9,7061,7205,2448,1491,1
2026-09-17T22:41:12Z,1152,43.0,2400,2400,2400,2400,0x0,27,31,19,0.0,73.4,7061,7205,2448,1492,1
2026-09-17T22:41:13Z,1153,41.9,2400,2400,2400,2400,0x0,27,31,19,0.0,73.7,7061,7205,2448,1493,1
2026-09-17T22:41:14Z,1154,43.0,2400,2400,2400,2400,0x0,27,31,19,0.0,79.5,7061,7205,2448,1494,1
2026-09-17T22:41:15Z,1155,41.4,2400,2400,2400,2400,0x0,27,31,19,0.0,64.5,7061,7205,2448,1495,1
2026-09-17T22:41:16Z,1156,41.4,2400,2400,2400,2400,0x0,27,31,19,0.0,48.4,7061,7205,2448,1496,1
2026-09-17T22:41:17Z,1157,42.5,2400,2400,2400,2400,0x0,27,31,19,0.0,68.5,7061,7205,2448,1497,1
2026-09-17T22:41:18Z,1158,41.9,2400,2400,2400,2400,0x0,27,31,19,0.0,115.0,7061,7205,2448,1498,1
2026-09-17T22:41:19Z,1159,42.5,2400,2400,2400,2400,0x0,27,31,19,0.0,144.6,7061,7205,2448,1499,1
2026-09-17T22:41:20Z,1160,42.5,2400,2400,2400,2400,0x0,27,31,19,0.0,10.9,7061,7204,2448,1500,1
2026-09-17T22:41:22Z,1161,42.5,2400,2400,2400,2400,0x0,27,31,19,0.0,32.3,7061,7204,2448,1502,1
2026-09-17T22:41:23Z,1163,41.4,2400,2400,2400,2400,0x0,27,31,19,0.0,24.3,7061,7204,2448,1503,1
2026-09-17T22:41:24Z,1164,43.0,2400,2400,2400,2400,0x0,27,31,19,0.0,141.3,7061,7204,2448,1504,1
2026-09-17T22:41:25Z,1165,42.5,2400,2400,2400,2400,0x0,27,31,19,0.0,145.4,7061,7204,2448,1505,1
2026-09-17T22:41:26Z,1166,42.5,2400,2400,2400,2400,0x0,27,31,19,0.0,84.5,7061,7204,2448,1506,1
2026-09-17T22:41:27Z,1167,42.5,2400,2400,2400,2400,0x0,27,31,19,0.0,0.0,7061,7204,2448,1507,1
2026-09-17T22:41:28Z,1168,41.4,2400,2400,2400,2400,0x0,27,31,19,0.0,0.1,7061,7204,2448,1508,1
2026-09-17T22:41:29Z,1169,42.5,2400,2400,2400,2400,0x0,27,31,19,0.0,32.3,7061,7204,2448,1509,1
2026-09-17T22:41:30Z,1170,41.4,2400,2400,2400,2400,0x0,27,31,19,0.0,80.7,7061,7204,2448,1510,1
2026-09-17T22:41:31Z,1171,41.4,2400,2400,2400,2400,0x0,27,31,19,0.0,65.9,7061,7204,2448,1511,1
2026-09-17T22:41:32Z,1172,41.4,2400,2400,2400,2400,0x0,27,31,19,0.0,94.7,7061,7204,2448,1512,1
2026-09-17T22:41:33Z,1173,41.9,2400,2400,2400,2400,0x0,27,31,19,0.0,86.1,7061,7204,2448,1513,1
2026-09-17T22:41:35Z,1174,42.5,2400,2400,2400,2400,0x0,27,31,19,0.0,92.3,7061,7204,2448,1514,1
2026-09-17T22:41:36Z,1176,42.5,2400,2400,2400,2400,0x0,27,31,19,0.0,8.1,7061,7204,2448,1516,1
2026-09-17T22:41:37Z,1177,41.4,2400,2400,2400,2400,0x0,27,31,19,0.0,65.8,7061,7204,2448,1517,1
2026-09-17T22:41:38Z,1178,41.9,2400,2400,2400,2400,0x0,27,31,19,0.0,79.4,7061,7204,2448,1518,1
2026-09-17T22:41:39Z,1179,43.0,2400,2400,2400,2400,0x0,27,31,19,0.0,67.8,7061,7204,2448,1519,1
2026-09-17T22:41:40Z,1180,42.5,2400,2400,2400,2400,0x0,27,31,19,0.0,145.9,7061,7204,2448,1520,1
2026-09-17T22:41:41Z,1181,41.9,2400,2400,2400,2400,0x0,27,31,19,0.0,76.8,7061,7204,2448,1521,1
2026-09-17T22:41:42Z,1182,42.5,2400,2400,2400,2400,0x0,27,31,19,0.0,0.0,7061,7203,2448,1522,1
2026-09-17T22:41:43Z,1183,41.9,2400,2400,2400,2400,0x0,27,31,19,0.0,64.5,7061,7203,2448,1523,1
2026-09-17T22:41:44Z,1184,42.5,2400,2400,2400,2400,0x0,27,31,19,0.0,96.4,7061,7203,2448,1524,1
2026-09-17T22:41:45Z,1185,43.0,2400,2400,2400,2400,0x0,27,31,19,0.0,147.9,7061,7203,2448,1525,1
2026-09-17T22:41:46Z,1186,42.5,2400,2400,2400,2400,0x0,27,31,19,0.0,143.1,7061,7203,2448,1526,1
2026-09-17T22:41:47Z,1187,42.5,2400,2400,2400,2400,0x0,27,31,19,0.0,0.0,7061,7203,2448,1527,1
2026-09-17T22:41:48Z,1188,42.5,2400,2400,2400,2400,0x0,27,31,19,0.0,0.0,7061,7203,2448,1528,1
2026-09-17T22:41:49Z,1189,40.8,2400,2400,2400,2400,0x0,27,31,19,0.0,32.4,7061,7203,2448,1529,1
2026-09-17T22:41:51Z,1190,40.8,2400,2400,2400,2400,0x0,27,31,19,0.0,48.4,7061,7203,2448,1531,1
2026-09-17T22:41:52Z,1192,41.9,2400,2400,2400,2400,0x0,27,31,19,0.0,32.3,7061,7203,2448,1532,1
2026-09-17T22:41:53Z,1193,41.9,2400,2400,2400,2400,0x0,27,31,19,0.0,70.0,7061,7202,2448,1533,1
2026-09-17T22:41:54Z,1194,41.9,2400,2400,2400,2400,0x0,27,31,19,0.0,91.4,7061,7202,2448,1534,1
2026-09-17T22:41:55Z,1195,42.5,2400,2400,2400,2400,0x0,27,31,19,0.0,82.7,7061,7202,2448,1535,1
2026-09-17T22:41:56Z,1196,42.5,2400,2400,2400,2400,0x0,27,31,19,0.0,62.6,7061,7202,2448,1536,1
2026-09-17T22:41:57Z,1197,41.9,2400,2400,2400,2400,0x0,27,31,19,0.0,64.5,7061,7202,2448,1537,1
2026-09-17T22:41:58Z,1198,42.5,2400,2400,2400,2400,0x0,27,31,19,0.0,59.4,7061,7202,2448,1538,1
2026-09-17T22:41:59Z,1199,42.5,2400,2400,2400,2400,0x0,27,31,19,0.0,74.0,7061,7202,2448,1539,1
2026-09-17T22:42:00Z,1200,40.8,2400,2400,2400,2400,0x0,27,31,19,0.0,72.9,7061,7202,2448,1540,1
2026-09-17T22:42:01Z,1201,44.1,2400,2400,2400,2400,0x0,27,31,19,0.0,150.4,7061,7202,2448,1541,1
2026-09-17T22:42:03Z,1202,41.4,2400,2400,2400,2400,0x0,27,31,19,0.0,30.7,7061,7202,2448,1542,1
2026-09-17T22:42:04Z,1204,42.5,2400,2400,2400,2400,0x0,27,31,19,0.0,16.1,7061,7202,2448,1544,1
2026-09-17T22:42:05Z,1205,43.0,2400,2400,2400,2400,0x0,27,31,19,0.0,68.6,7061,7202,2448,1545,1
2026-09-17T22:42:06Z,1206,43.0,2400,2400,2400,2400,0x0,27,31,19,0.0,109.1,7061,7202,2448,1546,1
2026-09-17T22:42:07Z,1207,41.4,2400,2400,2400,2400,0x0,27,31,19,0.0,145.2,7061,7202,2448,1547,1
2026-09-17T22:42:08Z,1208,42.5,2400,2400,2400,2400,0x0,27,31,19,0.0,96.8,7061,7202,2448,1548,1
2026-09-17T22:42:09Z,1209,42.5,2400,2400,2400,2400,0x0,27,31,19,0.0,0.1,7061,7202,2448,1549,1
2026-09-17T22:42:10Z,1210,41.4,2400,2400,2400,2400,0x0,27,31,19,0.0,0.0,7061,7202,2448,1550,1
2026-09-17T22:42:11Z,1211,41.9,2400,2400,2400,2400,0x0,27,31,19,0.0,89.1,7061,7202,2448,1551,1
2026-09-17T22:42:12Z,1212,41.9,2400,2400,2400,2400,0x0,27,31,19,0.0,148.0,7061,7202,2448,1552,1
2026-09-17T22:42:13Z,1213,43.0,2400,2400,2400,2400,0x0,27,31,19,0.0,149.1,7061,7202,2448,1553,1
2026-09-17T22:42:14Z,1214,42.5,2400,2400,2400,2400,0x0,27,31,19,0.0,65.7,7061,7201,2448,1554,1
2026-09-17T22:42:15Z,1215,42.5,2400,2400,2400,2400,0x0,27,31,19,0.0,0.0,7061,7201,2448,1555,1
2026-09-17T22:42:16Z,1216,42.5,2400,2400,2400,2400,0x0,27,31,19,0.0,0.0,7061,7201,2448,1556,1
2026-09-17T22:42:18Z,1217,40.8,2400,2400,2400,2400,0x0,27,31,19,0.0,0.0,7061,7201,2448,1557,1
2026-09-17T22:42:19Z,1219,42.5,2400,2400,2400,2400,0x0,27,31,19,0.0,40.3,7061,7201,2448,1559,1
2026-09-17T22:42:20Z,1220,42.5,2400,2400,2400,2400,0x0,27,31,19,0.0,68.9,7061,7201,2448,1560,1
2026-09-17T22:42:21Z,1221,41.9,2400,2400,2400,2400,0x0,27,31,19,0.0,77.8,7061,7201,2448,1561,1
2026-09-17T22:42:22Z,1222,42.5,2400,2400,2400,2400,0x0,27,31,19,0.0,74.3,7061,7201,2448,1562,1
2026-09-17T22:42:23Z,1223,42.5,2400,2400,2400,2400,0x0,27,31,19,0.0,73.9,7061,7201,2448,1563,1
2026-09-17T22:42:24Z,1224,43.0,2400,2400,2400,2400,0x0,27,31,19,0.0,92.6,7061,7201,2448,1564,1
2026-09-17T22:42:25Z,1225,42.5,2400,2400,2400,2400,0x0,27,31,19,0.0,32.4,7061,7200,2448,1565,1
2026-09-17T22:42:26Z,1226,41.9,2400,2400,2400,2400,0x0,27,31,19,0.0,69.8,7061,7200,2448,1566,1
2026-09-17T22:42:27Z,1227,42.5,2400,2400,2400,2400,0x0,27,31,19,0.0,88.0,7061,7200,2448,1567,1
2026-09-17T22:42:28Z,1228,42.5,2400,2400,2400,2400,0x0,27,31,19,0.0,109.8,7061,7200,2448,1568,1
2026-09-17T22:42:29Z,1229,42.5,2400,2400,2400,2400,0x0,27,31,19,0.0,145.5,7061,7200,2448,1569,1
2026-09-17T22:42:30Z,1230,42.5,2400,2400,2400,2400,0x0,27,31,19,0.0,6.6,7061,7200,2448,1570,1
2026-09-17T22:42:32Z,1231,41.4,2400,2400,2400,2400,0x0,27,31,19,0.0,0.0,7061,7200,2448,1571,1
2026-09-17T22:42:33Z,1233,41.9,2400,2400,2400,2400,0x0,27,31,19,0.0,40.3,7061,7200,2448,1573,1
2026-09-17T22:42:34Z,1234,42.5,2400,2400,2400,2400,0x0,27,31,19,0.0,136.2,7061,7200,2448,1574,1
2026-09-17T22:42:35Z,1235,41.4,2400,2400,2400,2400,0x0,27,31,19,0.0,154.3,7061,7200,2448,1575,1
2026-09-17T22:42:36Z,1236,41.9,2400,2400,2400,2400,0x0,27,31,19,0.0,80.8,7061,7200,2448,1576,1
2026-09-17T22:42:37Z,1237,41.4,2400,2400,2400,2400,0x0,27,31,19,0.0,0.0,7061,7200,2448,1577,1
2026-09-17T22:42:38Z,1238,41.9,2400,2400,2400,2400,0x0,27,31,19,0.0,0.0,7061,7200,2448,1578,1
2026-09-17T22:42:39Z,1239,42.5,2400,2400,2400,2400,0x0,27,31,19,0.0,32.3,7061,7200,2448,1579,1
2026-09-17T22:42:40Z,1240,41.9,2400,2400,2400,2400,0x0,27,31,19,0.0,68.0,7061,7200,2448,1580,1
2026-09-17T22:42:41Z,1241,43.0,2400,2400,2400,2400,0x0,27,31,19,0.0,87.1,7061,7200,2448,1581,1
2026-09-17T22:42:42Z,1242,42.5,2400,2400,2400,2400,0x0,27,31,19,0.0,71.1,7061,7200,2448,1582,1
2026-09-17T22:42:43Z,1243,41.9,2400,2400,2400,2400,0x0,27,31,19,0.0,62.6,7061,7200,2448,1583,1
2026-09-17T22:42:44Z,1244,42.5,2400,2400,2400,2400,0x0,27,31,19,0.0,109.2,7061,7200,2448,1584,1
2026-09-17T22:42:46Z,1245,41.9,2400,2400,2400,2400,0x0,27,31,19,0.0,21.8,7061,7200,2448,1585,1
2026-09-17T22:42:47Z,1247,42.5,2400,2400,2400,2400,0x0,27,31,19,0.0,32.3,7061,7199,2448,1587,1
2026-09-17T22:42:48Z,1248,44.1,2400,2400,2400,2400,0x0,27,31,19,0.0,80.7,7061,7199,2448,1588,1
2026-09-17T22:42:49Z,1249,41.4,2400,2400,2400,2400,0x0,27,31,19,0.0,71.1,7061,7199,2448,1589,1
2026-09-17T22:42:50Z,1250,42.5,2400,2400,2400,2400,0x0,27,31,19,0.0,150.2,7061,7199,2448,1590,1
2026-09-17T22:42:51Z,1251,42.5,2400,2400,2400,2400,0x0,27,31,19,0.0,85.5,7061,7199,2448,1591,1
2026-09-17T22:42:52Z,1252,43.0,2400,2400,2400,2400,0x0,27,31,19,0.0,0.0,7061,7199,2448,1592,1
2026-09-17T22:42:53Z,1253,42.5,2400,2400,2400,2400,0x0,27,31,19,0.0,32.3,7061,7199,2448,1593,1
2026-09-17T22:42:54Z,1254,43.0,2400,2400,2400,2400,0x0,27,31,19,0.0,72.0,7061,7199,2448,1594,1
2026-09-17T22:42:55Z,1255,42.5,2400,2400,2400,2400,0x0,27,31,19,0.0,145.1,7061,7199,2448,1595,1
2026-09-17T22:42:56Z,1256,42.5,2400,2400,2400,2400,0x0,27,31,19,0.0,145.9,7061,7199,2448,1596,1
2026-09-17T22:42:57Z,1257,41.4,2400,2400,2400,2400,0x0,27,31,19,0.0,56.8,7061,7198,2448,1597,1
2026-09-17T22:42:59Z,1258,42.5,2400,2400,2400,2400,0x0,27,31,19,0.0,0.0,7061,7198,2448,1598,1
2026-09-17T22:43:00Z,1260,42.5,2400,2400,2400,2400,0x0,27,31,19,0.0,0.0,7061,7198,2448,1600,1
2026-09-17T22:43:01Z,1261,42.5,2400,2400,2400,2400,0x0,27,31,19,0.0,67.2,7061,7198,2448,1601,1
2026-09-17T22:43:02Z,1262,43.0,2400,2400,2400,2400,0x0,27,31,19,0.0,77.1,7061,7198,2448,1602,1
2026-09-17T22:43:03Z,1263,40.8,2400,2400,2400,2400,0x0,27,31,19,0.0,86.0,7061,7198,2448,1603,1
2026-09-17T22:43:04Z,1264,41.4,2400,2400,2400,2400,0x0,27,31,19,0.0,60.3,7061,7198,2448,1604,1
2026-09-17T22:43:05Z,1265,42.5,2400,2400,2400,2400,0x0,27,31,19,0.0,64.5,7061,7198,2448,1605,1
2026-09-17T22:43:06Z,1266,40.8,2400,2400,2400,2400,0x0,27,31,19,0.0,96.9,7061,7198,2448,1606,1
2026-09-17T22:43:07Z,1267,41.4,2400,2400,2400,2400,0x0,27,31,19,0.0,32.3,7061,7198,2448,1607,1
2026-09-17T22:43:08Z,1268,43.0,2400,2400,2400,2400,0x0,27,31,19,0.0,67.3,7061,7198,2448,1608,1
2026-09-17T22:43:09Z,1269,41.4,2400,2400,2400,2400,0x0,27,31,19,0.0,74.9,7061,7198,2448,1609,1
2026-09-17T22:43:10Z,1270,41.4,2400,2400,2400,2400,0x0,27,31,19,0.0,73.2,7061,7198,2448,1610,1
2026-09-17T22:43:11Z,1271,41.4,2400,2400,2400,2400,0x0,27,31,19,0.0,109.7,7061,7198,2448,1611,1
2026-09-17T22:43:12Z,1272,41.9,2400,2400,2400,2400,0x0,27,31,19,0.0,94.7,7061,7198,2448,1612,1
2026-09-17T22:43:14Z,1273,41.9,2400,2400,2400,2400,0x0,27,31,19,0.0,0.0,7061,7198,2448,1613,1
2026-09-17T22:43:15Z,1275,42.5,2400,2400,2400,2400,0x0,27,31,19,0.0,32.3,7061,7198,2448,1615,1
2026-09-17T22:43:16Z,1276,40.8,2400,2400,2400,2400,0x0,27,31,19,0.0,64.5,7061,7198,2448,1616,1
2026-09-17T22:43:17Z,1277,42.5,2400,2400,2400,2400,0x0,27,31,19,0.0,146.8,7061,7198,2448,1617,1
2026-09-17T22:43:18Z,1278,41.4,2400,2400,2400,2400,0x0,27,31,19,0.0,145.5,7061,7198,2448,1618,1
2026-09-17T22:43:19Z,1279,42.5,2400,2400,2400,2400,0x0,27,31,19,0.0,30.6,7061,7197,2448,1619,1
2026-09-17T22:43:20Z,1280,41.4,2400,2400,2400,2400,0x0,27,31,19,0.0,0.0,7061,7197,2448,1620,1
2026-09-17T22:43:21Z,1281,42.5,2400,2400,2400,2400,0x0,27,31,19,0.0,32.3,7061,7197,2448,1621,1
2026-09-17T22:43:22Z,1282,42.5,2400,2400,2400,2400,0x0,27,31,19,0.0,122.8,7061,7197,2448,1622,1
2026-09-17T22:43:23Z,1283,41.4,2400,2400,2400,2400,0x0,27,31,19,0.0,148.3,7061,7197,2448,1623,1
2026-09-17T22:43:24Z,1284,41.9,2400,2400,2400,2400,0x0,27,31,19,0.0,148.6,7061,7197,2448,1624,1
2026-09-17T22:43:25Z,1285,41.9,2400,2400,2400,2400,0x0,27,31,19,0.0,0.0,7061,7197,2448,1625,1
2026-09-17T22:43:26Z,1286,41.9,2400,2400,2400,2400,0x0,27,31,19,0.0,0.1,7061,7197,2448,1626,1
2026-09-17T22:43:27Z,1287,41.9,2400,2400,2400,2400,0x0,27,31,19,0.0,0.0,7061,7197,2448,1627,1
2026-09-17T22:43:28Z,1288,42.5,2400,2400,2400,2400,0x0,27,31,19,0.0,64.7,7061,7197,2448,1628,1
2026-09-17T22:43:30Z,1289,43.0,2400,2400,2400,2400,0x0,27,31,19,0.0,64.5,7061,7196,2448,1630,1
2026-09-17T22:43:31Z,1291,43.0,2400,2400,2400,2400,0x0,27,31,19,0.0,40.3,7061,7196,2448,1631,1
2026-09-17T22:43:32Z,1292,43.0,2400,2400,2400,2400,0x0,27,31,19,0.0,76.5,7061,7196,2448,1632,1
2026-09-17T22:43:33Z,1293,41.4,2400,2400,2400,2400,0x0,27,31,19,0.0,46.0,7061,7196,2448,1633,1
2026-09-17T22:43:34Z,1294,41.4,2400,2400,2400,2400,0x0,27,31,19,0.0,119.6,7061,7196,2448,1634,1
2026-09-17T22:43:35Z,1295,41.9,2400,2400,2400,2400,0x0,27,31,19,0.0,32.3,7061,7196,2448,1635,1
2026-09-17T22:43:36Z,1296,42.5,2400,2400,2400,2400,0x0,27,31,19,0.0,64.5,7061,7196,2448,1636,1
2026-09-17T22:43:37Z,1297,43.0,2400,2400,2400,2400,0x0,27,31,19,0.0,64.7,7061,7196,2448,1637,1
2026-09-17T22:43:38Z,1298,42.5,2400,2400,2400,2400,0x0,27,31,19,0.0,65.9,7061,7196,2448,1638,1
2026-09-17T22:43:39Z,1299,42.5,2400,2400,2400,2400,0x0,27,31,19,0.0,122.6,7061,7196,2448,1639,1
2026-09-17T22:43:40Z,1300,43.0,2400,2400,2400,2400,0x0,27,31,19,0.0,102.1,7061,7196,2448,1640,1
2026-09-17T22:43:41Z,1301,43.0,2400,2400,2400,2400,0x0,27,31,19,0.0,0.0,7061,7196,2448,1641,1
2026-09-17T22:43:42Z,1302,41.9,2400,2400,2400,2400,0x0,27,31,19,0.0,70.2,7061,7196,2448,1642,1
2026-09-17T22:43:44Z,1303,42.5,2400,2400,2400,2400,0x0,27,31,19,0.0,145.7,7061,7196,2448,1643,1
2026-09-17T22:43:45Z,1305,42.5,2400,2400,2400,2400,0x0,27,31,19,0.0,72.7,7061,7196,2448,1645,1
2026-09-17T22:43:46Z,1306,42.5,2400,2400,2400,2400,0x0,27,31,19,0.0,139.1,7061,7196,2448,1646,1
2026-09-17T22:43:47Z,1307,43.5,2400,2400,2400,2400,0x0,27,31,19,0.0,0.1,7061,7196,2448,1647,1
2026-09-17T22:43:48Z,1308,41.4,2400,2400,2400,2400,0x0,27,31,19,0.0,0.0,7061,7196,2448,1648,1
2026-09-17T22:43:49Z,1309,43.0,2400,2400,2400,2400,0x0,27,31,19,0.0,0.0,7061,7196,2448,1649,1
2026-09-17T22:43:50Z,1310,42.5,2400,2400,2400,2400,0x0,27,31,19,0.0,64.5,7061,7196,2448,1650,1
2026-09-17T22:43:51Z,1311,42.5,2400,2400,2400,2400,0x0,27,31,19,0.0,59.4,7061,7195,2448,1651,1
2026-09-17T22:43:52Z,1312,42.5,2400,2400,2400,2400,0x0,27,31,19,0.0,146.6,7061,7195,2448,1652,1
2026-09-17T22:43:53Z,1313,43.0,2400,2400,2400,2400,0x0,27,31,19,0.0,93.0,7061,7195,2448,1653,1
2026-09-17T22:43:54Z,1314,41.9,2400,2400,2400,2400,0x0,27,31,19,0.0,79.9,7061,7195,2448,1654,1
2026-09-17T22:43:55Z,1315,41.9,2400,2400,2400,2400,0x0,27,31,19,0.0,8.5,7061,7195,2448,1655,1
2026-09-17T22:43:56Z,1316,42.5,2400,2400,2400,2400,0x0,27,31,19,0.0,19.7,7061,7195,2448,1656,1
2026-09-17T22:43:57Z,1317,41.9,2400,2400,2400,2400,0x0,27,31,19,0.0,38.5,7061,7195,2448,1657,1
2026-09-17T22:43:58Z,1318,43.5,2400,2400,2400,2400,0x0,27,31,19,0.0,80.7,7061,7195,2448,1658,1
2026-09-17T22:44:00Z,1319,41.9,2400,2400,2400,2400,0x0,27,31,19,0.0,71.0,7061,7195,2448,1659,1
2026-09-17T22:44:01Z,1321,41.4,2400,2400,2400,2400,0x0,27,31,19,0.0,32.3,7061,7195,2448,1661,1
2026-09-17T22:44:02Z,1322,42.5,2400,2400,2400,2400,0x0,27,31,19,0.0,77.1,7061,7195,2448,1662,1
2026-09-17T22:44:03Z,1323,41.9,2400,2400,2400,2400,0x0,27,31,19,0.0,100.5,7061,7195,2448,1663,1
2026-09-17T22:44:04Z,1324,43.5,2400,2400,2400,2400,0x0,27,31,19,0.0,53.8,7061,7195,2448,1664,1
2026-09-17T22:44:05Z,1325,42.5,2400,2400,2400,2400,0x0,27,31,19,0.0,74.1,7061,7195,2448,1665,1
2026-09-17T22:44:06Z,1326,40.8,2400,2400,2400,2400,0x0,27,31,19,0.0,72.2,7061,7195,2448,1666,1
2026-09-17T22:44:07Z,1327,42.5,2400,2400,2400,2400,0x0,27,31,19,0.0,81.5,7061,7195,2448,1667,1
2026-09-17T22:44:08Z,1328,41.4,2400,2400,2400,2400,0x0,27,31,19,0.0,135.9,7061,7195,2448,1668,1
2026-09-17T22:44:10Z,1329,42.5,2400,2400,2400,2400,0x0,27,31,19,0.0,34.5,7061,7195,2448,1669,1
2026-09-17T22:44:11Z,1331,41.4,2400,2400,2400,2400,0x0,27,31,19,0.0,16.1,7061,7195,2448,1671,1
2026-09-17T22:44:12Z,1332,41.9,2400,2400,2400,2400,0x0,27,31,19,0.0,51.5,7061,7195,2448,1672,1
2026-09-17T22:44:13Z,1333,42.5,2400,2400,2400,2400,0x0,27,31,19,0.0,73.1,7061,7194,2448,1673,1
2026-09-17T22:44:14Z,1334,41.4,2400,2400,2400,2400,0x0,27,31,19,0.0,151.3,7061,7194,2448,1674,1
2026-09-17T22:44:15Z,1335,41.4,2400,2400,2400,2400,0x0,27,31,19,0.0,143.0,7061,7194,2448,1675,1
2026-09-17T22:44:16Z,1336,41.4,2400,2400,2400,2400,0x0,27,31,19,0.0,0.9,7061,7194,2448,1676,1
2026-09-17T22:44:17Z,1337,42.5,2400,2400,2400,2400,0x0,27,31,19,0.0,0.0,7061,7194,2448,1677,1
2026-09-17T22:44:18Z,1338,44.1,2400,2400,2400,2400,0x0,27,31,19,0.0,94.9,7061,7194,2448,1678,1
2026-09-17T22:44:19Z,1339,43.0,2400,2400,2400,2400,0x0,27,31,19,0.0,140.8,7061,7194,2448,1679,1
2026-09-17T22:44:20Z,1340,41.9,2400,2400,2400,2400,0x0,27,31,19,0.0,146.0,7061,7194,2448,1680,1
2026-09-17T22:44:21Z,1341,41.9,2400,2400,2400,2400,0x0,27,31,19,0.0,70.2,7061,7194,2448,1681,1
2026-09-17T22:44:22Z,1342,40.8,2400,2400,2400,2400,0x0,27,31,19,0.0,0.0,7061,7194,2448,1682,1
2026-09-17T22:44:24Z,1343,41.9,2400,2400,2400,2400,0x0,27,31,19,0.0,0.1,7061,7193,2448,1683,1
2026-09-17T22:44:25Z,1345,41.9,2400,2400,2400,2400,0x0,27,31,19,0.0,16.2,7061,7193,2448,1685,1
2026-09-17T22:44:26Z,1346,41.9,2400,2400,2400,2400,0x0,27,31,19,0.0,48.4,7061,7193,2448,1686,1
2026-09-17T22:44:27Z,1347,43.0,2400,2400,2400,2400,0x0,27,31,19,0.0,72.2,7061,7193,2448,1687,1
2026-09-17T22:44:28Z,1348,41.9,2400,2400,2400,2400,0x0,27,31,19,0.0,80.1,7061,7193,2448,1688,1
2026-09-17T22:44:29Z,1349,43.0,2400,2400,2400,2400,0x0,27,31,19,0.0,87.4,7061,7193,2448,1689,1
2026-09-17T22:44:30Z,1350,40.8,2400,2400,2400,2400,0x0,27,31,19,0.0,60.6,7061,7193,2448,1690,1
2026-09-17T22:44:31Z,1351,42.5,2400,2400,2400,2400,0x0,27,31,19,0.0,71.0,7061,7193,2448,1691,1
2026-09-17T22:44:32Z,1352,41.9,2400,2400,2400,2400,0x0,27,31,19,0.0,64.5,7061,7193,2448,1692,1
2026-09-17T22:44:33Z,1353,40.8,2400,2400,2400,2400,0x0,27,31,19,0.0,66.0,7061,7193,2448,1693,1
2026-09-17T22:44:34Z,1354,43.0,2400,2400,2400,2400,0x0,27,32,19,0.0,74.2,7061,7193,2448,1694,1
2026-09-17T22:44:35Z,1355,41.9,2400,2400,2400,2400,0x0,27,32,19,0.0,126.6,7061,7193,2448,1695,1
2026-09-17T22:44:37Z,1356,42.5,2400,2400,2400,2400,0x0,27,32,19,0.0,120.7,7061,7193,2448,1696,1
2026-09-17T22:44:38Z,1358,42.5,2400,2400,2400,2400,0x0,27,32,19,0.0,0.0,7061,7193,2448,1698,1
2026-09-17T22:44:39Z,1359,41.4,2400,2400,2400,2400,0x0,27,32,19,0.0,33.7,7061,7193,2448,1699,1
2026-09-17T22:44:40Z,1360,42.5,2400,2400,2400,2400,0x0,27,32,19,0.0,45.6,7061,7193,2448,1700,1
2026-09-17T22:44:41Z,1361,42.5,2400,2400,2400,2400,0x0,27,32,19,0.0,143.6,7061,7193,2448,1701,1
2026-09-17T22:44:42Z,1362,42.5,2400,2400,2400,2400,0x0,27,32,19,0.0,145.9,7061,7193,2448,1702,1
2026-09-17T22:44:43Z,1363,43.0,2400,2400,2400,2400,0x0,27,32,19,0.0,140.0,7061,7193,2448,1703,1
2026-09-17T22:44:44Z,1364,43.0,2400,2400,2400,2400,0x0,27,32,19,0.0,40.2,7061,7193,2448,1704,1
2026-09-17T22:44:45Z,1365,42.5,2400,2400,2400,2400,0x0,27,32,19,0.0,0.0,7061,7192,2448,1705,1
2026-09-17T22:44:46Z,1366,42.5,2400,2400,2400,2400,0x0,27,32,19,0.0,0.0,7061,7192,2448,1706,1
2026-09-17T22:44:47Z,1367,43.0,2400,2400,2400,2400,0x0,27,32,19,0.0,27.1,7061,7192,2448,1707,1
2026-09-17T22:44:48Z,1368,41.9,2400,2400,2400,2400,0x0,27,32,19,0.0,87.2,7061,7192,2448,1708,1
2026-09-17T22:44:49Z,1369,42.5,2400,2400,2400,2400,0x0,27,32,19,0.0,108.1,7061,7192,2448,1709,1
2026-09-17T22:44:50Z,1370,42.5,2400,2400,2400,2400,0x0,27,32,19,0.0,140.0,7061,7192,2448,1710,1
2026-09-17T22:44:52Z,1371,41.4,2400,2400,2400,2400,0x0,27,32,19,0.0,89.5,7061,7192,2448,1711,1
2026-09-17T22:44:53Z,1373,40.2,2400,2400,2400,2400,0x0,27,32,19,0.0,0.0,7061,7192,2448,1713,1
2026-09-17T22:44:54Z,1374,42.5,2400,2400,2400,2400,0x0,27,32,19,0.0,0.0,7061,7192,2448,1714,1
2026-09-17T22:44:55Z,1375,41.4,2400,2400,2400,2400,0x0,27,32,19,0.0,56.9,7061,7192,2448,1715,1
2026-09-17T22:44:56Z,1376,40.8,2400,2400,2400,2400,0x0,27,32,19,0.0,73.4,7061,7191,2448,1716,1
2026-09-17T22:44:57Z,1377,41.9,2400,2400,2400,2400,0x0,27,32,19,0.0,79.5,7061,7191,2448,1717,1
2026-09-17T22:44:58Z,1378,41.4,2400,2400,2400,2400,0x0,27,32,19,0.0,80.7,7061,7191,2448,1718,1
2026-09-17T22:44:59Z,1379,42.5,2400,2400,2400,2400,0x0,27,32,19,0.0,62.2,7061,7191,2448,1719,1
2026-09-17T22:45:00Z,1380,42.5,2400,2400,2400,2400,0x0,27,32,19,0.0,99.4,7061,7191,2448,1720,1
2026-09-17T22:45:01Z,1381,43.0,2400,2400,2400,2400,0x0,27,32,19,0.0,36.2,7061,7191,2448,1721,1
2026-09-17T22:45:02Z,1382,42.5,2400,2400,2400,2400,0x0,27,32,19,0.0,73.2,7061,7191,2448,1722,1
2026-09-17T22:45:03Z,1383,42.5,2400,2400,2400,2400,0x0,27,32,19,0.0,68.1,7061,7191,2448,1723,1
2026-09-17T22:45:05Z,1384,41.4,2400,2400,2400,2400,0x0,27,32,19,0.0,64.7,7061,7191,2448,1724,1
2026-09-17T22:45:06Z,1386,42.5,2400,2400,2400,2400,0x0,27,32,19,0.0,61.5,7061,7191,2448,1726,1
2026-09-17T22:45:07Z,1387,41.9,2400,2400,2400,2400,0x0,27,33,19,0.0,86.7,7061,7191,2448,1727,1
2026-09-17T22:45:08Z,1388,41.4,2400,2400,2400,2400,0x0,27,33,19,0.0,11.4,7061,7191,2448,1728,1
2026-09-17T22:45:09Z,1389,41.9,2400,2400,2400,2400,0x0,27,33,19,0.0,69.4,7061,7191,2448,1729,1
2026-09-17T22:45:10Z,1390,41.4,2400,2400,2400,2400,0x0,27,33,19,0.0,62.3,7061,7191,2448,1730,1
2026-09-17T22:45:11Z,1391,41.9,2400,2400,2400,2400,0x0,27,33,19,0.0,144.9,7061,7191,2448,1731,1
2026-09-17T22:45:12Z,1392,41.9,2400,2400,2400,2400,0x0,27,33,19,0.0,145.0,7061,7191,2448,1732,1
2026-09-17T22:45:13Z,1393,41.9,2400,2400,2400,2400,0x0,27,33,19,0.0,19.0,7061,7191,2448,1733,1
2026-09-17T22:45:14Z,1394,42.5,2400,2400,2400,2400,0x0,27,33,19,0.0,0.1,7061,7191,2448,1734,1
2026-09-17T22:45:15Z,1395,44.1,2400,2400,2400,2400,0x0,27,33,19,0.0,46.2,7061,7191,2448,1735,1
2026-09-17T22:45:16Z,1396,43.5,2400,2400,2400,2400,0x0,27,33,19,0.0,66.7,7061,7191,2448,1736,1
2026-09-17T22:45:17Z,1397,41.9,2400,2400,2400,2400,0x0,27,33,19,0.0,65.8,7061,7190,2448,1737,1
2026-09-17T22:45:18Z,1398,41.4,2400,2400,2400,2400,0x0,27,33,19,0.0,79.4,7061,7190,2448,1738,1
2026-09-17T22:45:20Z,1399,40.8,2400,2400,2400,2400,0x0,27,33,19,0.0,48.5,7061,7190,2448,1739,1
2026-09-17T22:45:21Z,1401,41.4,2400,2400,2400,2400,0x0,27,33,19,0.0,54.3,7061,7190,2448,1741,1
2026-09-17T22:45:22Z,1402,42.5,2400,2400,2400,2400,0x0,27,33,19,0.0,39.3,7061,7190,2448,1742,1
2026-09-17T22:45:23Z,1403,42.5,2400,2400,2400,2400,0x0,27,33,19,0.0,74.2,7061,7190,2448,1743,1
2026-09-17T22:45:24Z,1404,42.5,2400,2400,2400,2400,0x0,27,33,19,0.0,72.9,7061,7190,2448,1744,1
2026-09-17T22:45:25Z,1405,43.0,2400,2400,2400,2400,0x0,27,33,19,0.0,59.0,7061,7190,2448,1745,1
2026-09-17T22:45:26Z,1406,41.4,2400,2400,2400,2400,0x0,27,33,19,0.0,73.3,7061,7190,2448,1746,1
2026-09-17T22:45:27Z,1407,42.5,2400,2400,2400,2400,0x0,27,33,19,0.0,144.4,7061,7190,2448,1747,1
2026-09-17T22:45:28Z,1408,42.5,2400,2400,2400,2400,0x0,27,33,19,0.0,25.4,7061,7189,2448,1748,1
2026-09-17T22:45:29Z,1409,41.4,2400,2400,2400,2400,0x0,27,33,19,0.0,37.4,7061,7189,2448,1749,1
2026-09-17T22:45:30Z,1410,42.5,2400,2400,2400,2400,0x0,27,33,19,0.0,45.9,7061,7189,2448,1750,1
2026-09-17T22:45:31Z,1411,41.9,2400,2400,2400,2400,0x0,27,33,19,0.0,136.7,7061,7189,2448,1751,1
2026-09-17T22:45:32Z,1412,41.9,2400,2400,2400,2400,0x0,27,33,19,0.0,141.0,7061,7189,2448,1752,1
2026-09-17T22:45:33Z,1413,42.5,2400,2400,2400,2400,0x0,27,33,19,0.0,90.9,7061,7189,2448,1753,1
2026-09-17T22:45:35Z,1414,42.5,2400,2400,2400,2400,0x0,27,33,19,0.0,0.0,7061,7189,2448,1754,1
2026-09-17T22:45:36Z,1416,43.0,2400,2400,2400,2400,0x0,27,33,19,0.0,0.1,7061,7189,2448,1756,1
2026-09-17T22:45:37Z,1417,41.9,2400,2400,2400,2400,0x0,27,33,19,0.0,65.8,7061,7189,2448,1757,1
2026-09-17T22:45:38Z,1418,42.5,2400,2400,2400,2400,0x0,27,33,19,0.0,72.9,7061,7189,2448,1758,1
2026-09-17T22:45:39Z,1419,41.4,2400,2400,2400,2400,0x0,27,33,19,0.0,71.0,7061,7189,2448,1759,1
2026-09-17T22:45:40Z,1420,41.9,2400,2400,2400,2400,0x0,27,33,19,0.0,64.7,7061,7189,2448,1760,1
2026-09-17T22:45:41Z,1421,41.9,2400,2400,2400,2400,0x0,27,33,19,0.0,64.5,7061,7189,2448,1761,1
2026-09-17T22:45:42Z,1422,41.9,2400,2400,2400,2400,0x0,27,33,19,0.0,113.1,7061,7189,2448,1762,1
2026-09-17T22:45:43Z,1423,41.4,2400,2400,2400,2400,0x0,27,33,19,0.0,32.3,7061,7189,2448,1763,1
2026-09-17T22:45:44Z,1424,42.5,2400,2400,2400,2400,0x0,27,33,19,0.0,58.1,7061,7189,2448,1764,1
2026-09-17T22:45:45Z,1425,43.0,2400,2400,2400,2400,0x0,27,33,19,0.0,74.1,7061,7189,2448,1765,1
2026-09-17T22:45:46Z,1426,41.4,2400,2400,2400,2400,0x0,27,33,19,0.0,86.8,7061,7189,2448,1766,1
2026-09-17T22:45:47Z,1427,41.9,2400,2400,2400,2400,0x0,27,33,19,0.0,144.5,7061,7189,2448,1767,1
2026-09-17T22:45:49Z,1428,44.1,2400,2400,2400,2400,0x0,27,33,19,0.0,56.1,7061,7189,2448,1768,1
2026-09-17T22:45:50Z,1430,42.5,2400,2400,2400,2400,0x0,27,33,19,0.0,0.0,7061,7188,2448,1770,1
2026-09-17T22:45:51Z,1431,41.9,2400,2400,2400,2400,0x0,27,33,19,0.0,64.7,7061,7188,2448,1771,1
2026-09-17T22:45:52Z,1432,42.5,2400,2400,2400,2400,0x0,27,33,19,0.0,56.8,7061,7188,2448,1772,1
2026-09-17T22:45:53Z,1433,41.9,2400,2400,2400,2400,0x0,27,33,19,0.0,141.6,7061,7188,2448,1773,1
2026-09-17T22:45:54Z,1434,43.5,2400,2400,2400,2400,0x0,27,33,19,0.0,142.7,7061,7188,2448,1774,1
2026-09-17T22:45:55Z,1435,41.4,2400,2400,2400,2400,0x0,27,33,19,0.0,46.3,7061,7188,2448,1775,1
2026-09-17T22:45:56Z,1436,42.5,2400,2400,2400,2400,0x0,27,33,19,0.0,0.1,7061,7188,2448,1776,1
2026-09-17T22:45:57Z,1437,41.9,2400,2400,2400,2400,0x0,27,33,19,0.0,16.1,7061,7188,2448,1777,1
2026-09-17T22:45:58Z,1438,41.4,2400,2400,2400,2400,0x0,27,33,19,0.0,64.5,7061,7188,2448,1778,1
2026-09-17T22:45:59Z,1439,42.5,2400,2400,2400,2400,0x0,27,33,19,0.0,68.9,7061,7188,2448,1779,1
2026-09-17T22:46:00Z,1440,43.0,2400,2400,2400,2400,0x0,27,33,19,0.0,73.8,7061,7187,2448,1780,1
2026-09-17T22:46:01Z,1441,42.5,2400,2400,2400,2400,0x0,27,33,19,0.0,74.1,7061,7187,2448,1781,1
2026-09-17T22:46:02Z,1442,41.4,2400,2400,2400,2400,0x0,27,33,19,0.0,73.7,7061,7187,2448,1782,1
2026-09-17T22:46:03Z,1443,42.5,2400,2400,2400,2400,0x0,27,33,19,0.0,80.7,7061,7187,2448,1783,1
2026-09-17T22:46:05Z,1444,42.5,2400,2400,2400,2400,0x0,27,33,19,0.0,48.4,7061,7187,2448,1784,1
2026-09-17T22:46:06Z,1446,41.4,2400,2400,2400,2400,0x0,27,33,19,0.0,32.3,7061,7187,2448,1786,1
2026-09-17T22:46:07Z,1447,42.5,2400,2400,2400,2400,0x0,27,33,19,0.0,67.7,7061,7187,2448,1787,1
2026-09-17T22:46:08Z,1448,42.5,2400,2400,2400,2400,0x0,27,33,19,0.0,73.3,7061,7187,2448,1788,1
2026-09-17T22:46:09Z,1449,41.4,2400,2400,2400,2400,0x0,27,33,19,0.0,140.7,7061,7187,2448,1789,1
2026-09-17T22:46:10Z,1450,42.5,2400,2400,2400,2400,0x0,27,33,19,0.0,57.1,7061,7187,2448,1790,1
2026-09-17T22:46:11Z,1451,41.4,2400,2400,2400,2400,0x0,27,33,19,0.0,32.4,7061,7187,2448,1791,1
2026-09-17T22:46:12Z,1452,41.4,2400,2400,2400,2400,0x0,27,33,19,0.0,48.4,7061,7187,2448,1792,1
2026-09-17T22:46:13Z,1453,42.5,2400,2400,2400,2400,0x0,27,33,19,0.0,120.2,7061,7187,2448,1793,1
2026-09-17T22:46:14Z,1454,42.5,2400,2400,2400,2400,0x0,27,33,19,0.0,135.3,7061,7187,2448,1794,1
2026-09-17T22:46:15Z,1455,43.0,2400,2400,2400,2400,0x0,27,33,19,0.0,115.7,7061,7187,2448,1795,1
2026-09-17T22:46:17Z,1456,41.9,2400,2400,2400,2400,0x0,27,33,19,0.0,0.1,7061,7187,2448,1796,1
2026-09-17T22:46:18Z,1458,41.9,2400,2400,2400,2400,0x0,27,33,19,0.0,0.0,7061,7187,2448,1798,1
2026-09-17T22:46:19Z,1459,42.5,2400,2400,2400,2400,0x0,27,33,19,0.0,48.4,7061,7187,2448,1799,1
2026-09-17T22:46:20Z,1460,41.9,2400,2400,2400,2400,0x0,27,33,19,0.0,72.7,7061,7187,2448,1800,1
2026-09-17T22:46:21Z,1461,43.5,2400,2400,2400,2400,0x0,27,33,19,0.0,86.2,7061,7187,2448,1801,1
2026-09-17T22:46:22Z,1462,42.5,2400,2400,2400,2400,0x0,27,33,19,0.0,73.1,7061,7186,2448,1802,1
2026-09-17T22:46:23Z,1463,43.0,2400,2400,2400,2400,0x0,27,33,19,0.0,77.9,7061,7186,2448,1803,1
2026-09-17T22:46:24Z,1464,41.9,2400,2400,2400,2400,0x0,27,33,19,0.0,93.6,7061,7186,2448,1804,1
2026-09-17T22:46:25Z,1465,42.5,2400,2400,2400,2400,0x0,27,33,19,0.0,32.3,7061,7186,2448,1805,1
2026-09-17T22:46:26Z,1466,43.0,2400,2400,2400,2400,0x0,27,33,19,0.0,48.5,7061,7186,2448,1806,1
2026-09-17T22:46:27Z,1467,42.5,2400,2400,2400,2400,0x0,27,33,19,0.0,74.5,7061,7186,2448,1807,1
2026-09-17T22:46:28Z,1468,42.5,2400,2400,2400,2400,0x0,27,33,19,0.0,86.8,7061,7186,2448,1808,1
2026-09-17T22:46:29Z,1469,42.5,2400,2400,2400,2400,0x0,27,33,19,0.0,143.8,7061,7186,2448,1809,1
2026-09-17T22:46:30Z,1470,40.8,2400,2400,2400,2400,0x0,27,33,19,0.0,66.0,7061,7186,2448,1810,1
2026-09-17T22:46:31Z,1471,42.5,2400,2400,2400,2400,0x0,27,33,19,0.0,0.1,7061,7186,2448,1811,1
2026-09-17T22:46:33Z,1473,43.5,2400,2400,2400,2400,0x0,27,33,19,0.0,24.2,7061,7185,2448,1813,1
2026-09-17T22:46:34Z,1474,41.4,2400,2400,2400,2400,0x0,27,33,19,0.0,64.7,7061,7185,2448,1814,1
2026-09-17T22:46:35Z,1475,41.9,2400,2400,2400,2400,0x0,27,33,19,0.0,140.1,7061,7185,2448,1815,1
2026-09-17T22:46:36Z,1476,43.0,2400,2400,2400,2400,0x0,27,33,19,0.0,143.6,7061,7185,2448,1816,1
2026-09-17T22:46:37Z,1477,40.8,2400,2400,2400,2400,0x0,27,33,19,0.0,55.2,7061,7185,2448,1817,1
2026-09-17T22:46:38Z,1478,42.5,2400,2400,2400,2400,0x0,27,33,19,0.0,0.0,7061,7185,2448,1818,1
2026-09-17T22:46:39Z,1479,42.5,2400,2400,2400,2400,0x0,27,33,19,0.0,32.3,7061,7185,2448,1819,1
2026-09-17T22:46:40Z,1480,42.5,2400,2400,2400,2400,0x0,27,33,19,0.0,48.4,7061,7185,2448,1820,1
2026-09-17T22:46:41Z,1481,40.8,2400,2400,2400,2400,0x0,27,33,19,0.0,132.2,7061,7185,2448,1821,1
2026-09-17T22:46:42Z,1482,44.1,2400,2400,2400,2400,0x0,27,33,19,0.0,132.5,7061,7185,2448,1822,1
2026-09-17T22:46:43Z,1483,43.0,2400,2400,2400,2400,0x0,27,33,19,0.0,140.6,7061,7185,2448,1823,1
2026-09-17T22:46:45Z,1484,41.4,2400,2400,2400,2400,0x0,27,33,19,0.0,62.8,7061,7185,2448,1824,1
2026-09-17T22:46:46Z,1486,41.9,2400,2400,2400,2400,0x0,27,33,19,0.0,0.0,7061,7185,2448,1826,1
2026-09-17T22:46:47Z,1487,42.5,2400,2400,2400,2400,0x0,27,33,19,0.0,0.2,7061,7185,2448,1827,1
2026-09-17T22:46:48Z,1488,42.5,2400,2400,2400,2400,0x0,27,33,19,0.0,40.7,7061,7185,2448,1828,1
2026-09-17T22:46:49Z,1489,42.5,2400,2400,2400,2400,0x0,27,33,19,0.0,71.3,7061,7185,2448,1829,1
2026-09-17T22:46:50Z,1490,42.5,2400,2400,2400,2400,0x0,27,33,19,0.0,93.4,7061,7185,2448,1830,1
2026-09-17T22:46:51Z,1491,42.5,2400,2400,2400,2400,0x0,27,33,19,0.0,146.0,7061,7185,2448,1831,1
2026-09-17T22:46:52Z,1492,41.9,2400,2400,2400,2400,0x0,27,33,19,0.0,100.6,7061,7185,2448,1832,1
2026-09-17T22:46:53Z,1493,41.9,2400,2400,2400,2400,0x0,27,33,19,0.0,0.0,7061,7185,2448,1833,1
2026-09-17T22:46:54Z,1494,41.9,2400,2400,2400,2400,0x0,27,33,19,0.0,2.6,7061,7184,2448,1834,1
2026-09-17T22:46:55Z,1495,41.4,2400,2400,2400,2400,0x0,27,33,19,0.0,60.7,7061,7184,2448,1835,1
2026-09-17T22:46:56Z,1496,43.0,2400,2400,2400,2400,0x0,27,33,19,0.0,73.1,7061,7184,2448,1836,1
2026-09-17T22:46:57Z,1497,42.5,2400,2400,2400,2400,0x0,27,33,19,0.0,85.7,7061,7184,2448,1837,1
2026-09-17T22:46:58Z,1498,41.4,2400,2400,2400,2400,0x0,27,33,19,0.0,52.3,7061,7184,2448,1838,1
2026-09-17T22:47:00Z,1499,42.5,2400,2400,2400,2400,0x0,27,33,19,0.0,94.1,7061,7184,2448,1839,1
2026-09-17T22:47:01Z,1501,41.9,2400,2400,2400,2400,0x0,27,33,19,0.0,41.8,7061,7184,2448,1841,1
2026-09-17T22:47:02Z,1502,42.5,2400,2400,2400,2400,0x0,27,33,19,0.0,17.4,7061,7184,2448,1842,1
2026-09-17T22:47:03Z,1503,41.4,2400,2400,2400,2400,0x0,27,33,19,0.0,74.3,7061,7184,2448,1843,1
2026-09-17T22:47:04Z,1504,42.5,2400,2400,2400,2400,0x0,27,33,19,0.0,73.8,7061,7184,2448,1844,1
2026-09-17T22:47:05Z,1505,41.9,2400,2400,2400,2400,0x0,27,33,19,0.0,73.3,7061,7184,2448,1845,1
2026-09-17T22:47:06Z,1506,42.5,2400,2400,2400,2400,0x0,27,33,19,0.0,145.6,7061,7184,2448,1846,1
2026-09-17T22:47:07Z,1507,41.4,2400,2400,2400,2400,0x0,27,33,19,0.0,67.4,7061,7184,2448,1847,1
2026-09-17T22:47:08Z,1508,42.5,2400,2400,2400,2400,0x0,27,33,19,0.0,0.2,7061,7184,2448,1848,1
2026-09-17T22:47:09Z,1509,43.0,2400,2400,2400,2400,0x0,27,33,19,0.0,64.7,7061,7184,2448,1849,1
2026-09-17T22:47:10Z,1510,42.5,2400,2400,2400,2400,0x0,27,33,19,0.0,60.2,7061,7184,2448,1850,1
2026-09-17T22:47:11Z,1511,41.9,2400,2400,2400,2400,0x0,27,33,19,0.0,141.8,7061,7184,2448,1851,1
2026-09-17T22:47:12Z,1512,41.9,2400,2400,2400,2400,0x0,27,33,19,0.0,132.3,7061,7184,2448,1852,1
2026-09-17T22:47:13Z,1513,41.4,2400,2400,2400,2400,0x0,27,33,19,0.0,53.0,7061,7184,2448,1853,1
2026-09-17T22:47:15Z,1514,42.5,2400,2400,2400,2400,0x0,27,33,19,0.0,0.0,7061,7184,2448,1854,1
2026-09-17T22:47:16Z,1516,41.9,2400,2400,2400,2400,0x0,27,34,19,0.0,8.1,7061,7183,2448,1856,1
2026-09-17T22:47:17Z,1517,43.0,2400,2400,2400,2400,0x0,27,34,19,0.0,84.6,7061,7183,2448,1857,1
2026-09-17T22:47:18Z,1518,42.5,2400,2400,2400,2400,0x0,27,34,19,0.0,74.6,7061,7183,2448,1858,1
2026-09-17T22:47:19Z,1519,42.5,2400,2400,2400,2400,0x0,27,34,19,0.0,59.0,7061,7183,2448,1859,1
2026-09-17T22:47:20Z,1520,42.5,2400,2400,2400,2400,0x0,27,34,19,0.0,88.5,7061,7183,2448,1860,1
2026-09-17T22:47:21Z,1521,43.0,2400,2400,2400,2400,0x0,27,34,19,0.0,109.4,7061,7183,2448,1861,1
2026-09-17T22:47:22Z,1522,41.4,2400,2400,2400,2400,0x0,27,34,19,0.0,19.7,7061,7183,2448,1862,1
2026-09-17T22:47:23Z,1523,43.0,2400,2400,2400,2400,0x0,27,34,19,0.0,48.5,7061,7183,2448,1863,1
2026-09-17T22:47:24Z,1524,41.4,2400,2400,2400,2400,0x0,27,34,19,0.0,74.2,7061,7183,2448,1864,1
2026-09-17T22:47:25Z,1525,41.4,2400,2400,2400,2400,0x0,27,34,19,0.0,72.3,7061,7183,2448,1865,1
2026-09-17T22:47:26Z,1526,42.5,2400,2400,2400,2400,0x0,27,34,19,0.0,109.7,7061,7182,2448,1866,1
2026-09-17T22:47:27Z,1527,43.0,2400,2400,2400,2400,0x0,27,34,19,0.0,145.9,7061,7182,2448,1867,1
2026-09-17T22:47:29Z,1528,41.9,2400,2400,2400,2400,0x0,27,34,19,0.0,1.5,7061,7182,2448,1868,1
2026-09-17T22:47:30Z,1530,42.5,2400,2400,2400,2400,0x0,27,34,19,0.0,16.2,7061,7182,2448,1870,1
2026-09-17T22:47:31Z,1531,42.5,2400,2400,2400,2400,0x0,27,34,19,0.0,51.0,7061,7182,2448,1871,1
2026-09-17T22:47:32Z,1532,40.8,2400,2400,2400,2400,0x0,27,34,19,0.0,139.5,7061,7182,2448,1872,1
2026-09-17T22:47:33Z,1533,42.5,2400,2400,2400,2400,0x0,27,34,19,0.0,137.8,7061,7182,2448,1873,1
2026-09-17T22:47:34Z,1534,41.9,2400,2400,2400,2400,0x0,27,34,19,0.0,91.3,7061,7182,2448,1874,1
2026-09-17T22:47:35Z,1535,42.5,2400,2400,2400,2400,0x0,27,34,19,0.0,0.0,7061,7182,2448,1875,1
2026-09-17T22:47:36Z,1536,42.5,2400,2400,2400,2400,0x0,27,34,19,0.0,0.0,7061,7182,2448,1876,1
2026-09-17T22:47:37Z,1537,41.9,2400,2400,2400,2400,0x0,27,34,19,0.0,48.4,7061,7182,2448,1877,1
2026-09-17T22:47:38Z,1538,41.4,2400,2400,2400,2400,0x0,27,34,19,0.0,129.2,7061,7182,2448,1878,1
2026-09-17T22:47:39Z,1539,42.5,2400,2400,2400,2400,0x0,27,34,19,0.0,146.0,7061,7182,2448,1879,1
2026-09-17T22:47:40Z,1540,41.4,2400,2400,2400,2400,0x0,27,34,19,0.0,138.1,7061,7182,2448,1880,1
2026-09-17T22:47:41Z,1541,41.4,2400,2400,2400,2400,0x0,27,34,19,0.0,54.8,7061,7182,2448,1881,1
2026-09-17T22:47:42Z,1542,42.5,2400,2400,2400,2400,0x0,27,34,19,0.0,0.0,7061,7182,2448,1882,1
2026-09-17T22:47:44Z,1543,41.4,2400,2400,2400,2400,0x0,27,34,19,0.0,0.1,7061,7182,2448,1883,1
2026-09-17T22:47:45Z,1545,42.5,2400,2400,2400,2400,0x0,27,34,19,0.0,16.1,7061,7182,2448,1885,1
2026-09-17T22:47:46Z,1546,42.5,2400,2400,2400,2400,0x0,27,34,19,0.0,48.4,7061,7182,2448,1886,1
2026-09-17T22:47:47Z,1547,42.5,2400,2400,2400,2400,0x0,27,34,19,0.0,86.7,7061,7182,2448,1887,1
2026-09-17T22:47:48Z,1548,42.5,2400,2400,2400,2400,0x0,27,33,19,0.0,58.2,7061,7181,2448,1888,1
2026-09-17T22:47:49Z,1549,41.9,2400,2400,2400,2400,0x0,27,33,19,0.0,81.0,7061,7181,2448,1889,1
2026-09-17T22:47:50Z,1550,41.9,2400,2400,2400,2400,0x0,27,33,19,0.0,82.1,7061,7181,2448,1890,1
2026-09-17T22:47:51Z,1551,41.4,2400,2400,2400,2400,0x0,27,33,19,0.0,63.2,7061,7181,2448,1891,1
2026-09-17T22:47:52Z,1552,42.5,2400,2400,2400,2400,0x0,27,33,19,0.0,65.8,7061,7181,2448,1892,1
2026-09-17T22:47:53Z,1553,42.5,2400,2400,2400,2400,0x0,27,33,19,0.0,73.8,7061,7181,2448,1893,1
2026-09-17T22:47:54Z,1554,41.4,2400,2400,2400,2400,0x0,27,33,19,0.0,73.6,7061,7181,2448,1894,1
2026-09-17T22:47:55Z,1555,41.4,2400,2400,2400,2400,0x0,27,33,19,0.0,115.8,7061,7181,2448,1895,1
2026-09-17T22:47:57Z,1556,41.9,2400,2400,2400,2400,0x0,27,33,19,0.0,122.8,7061,7181,2448,1896,1
2026-09-17T22:47:58Z,1558,41.9,2400,2400,2400,2400,0x0,27,33,19,0.0,0.0,7061,7181,2448,1898,1
2026-09-17T22:47:59Z,1559,42.5,2400,2400,2400,2400,0x0,27,33,19,0.0,16.3,7061,7180,2448,1899,1
2026-09-17T22:48:00Z,1560,43.0,2400,2400,2400,2400,0x0,27,33,19,0.0,87.4,7061,7180,2448,1900,1
2026-09-17T22:48:01Z,1561,42.5,2400,2400,2400,2400,0x0,27,33,19,0.0,94.0,7061,7180,2448,1901,1
2026-09-17T22:48:02Z,1562,42.5,2400,2400,2400,2400,0x0,27,33,19,0.0,141.5,7061,7180,2448,1902,1
2026-09-17T22:48:03Z,1563,42.5,2400,2400,2400,2400,0x0,27,33,19,0.0,112.9,7061,7180,2448,1903,1
2026-09-17T22:48:04Z,1564,42.5,2400,2400,2400,2400,0x0,27,33,19,0.0,0.1,7061,7180,2448,1904,1
2026-09-17T22:48:05Z,1565,41.9,2400,2400,2400,2400,0x0,27,33,19,0.0,0.0,7061,7180,2448,1905,1
2026-09-17T22:48:06Z,1566,41.9,2400,2400,2400,2400,0x0,27,33,19,0.0,64.5,7061,7180,2448,1906,1
2026-09-17T22:48:07Z,1567,43.0,2400,2400,2400,2400,0x0,27,33,19,0.0,55.0,7061,7180,2448,1907,1
2026-09-17T22:48:08Z,1568,41.4,2400,2400,2400,2400,0x0,27,33,19,0.0,86.7,7061,7180,2448,1908,1
2026-09-17T22:48:09Z,1569,42.5,2400,2400,2400,2400,0x0,27,33,19,0.0,60.5,7061,7180,2448,1909,1
2026-09-17T22:48:10Z,1570,41.9,2400,2400,2400,2400,0x0,27,33,19,0.0,71.0,7061,7180,2448,1910,1
2026-09-17T22:48:11Z,1571,40.8,2400,2400,2400,2400,0x0,27,33,19,0.0,111.6,7061,7180,2448,1911,1
2026-09-17T22:48:13Z,1572,41.4,2400,2400,2400,2400,0x0,27,33,19,0.0,35.0,7061,7180,2448,1912,1
2026-09-17T22:48:14Z,1574,41.4,2400,2400,2400,2400,0x0,27,33,19,0.0,31.0,7061,7180,2448,1914,1
2026-09-17T22:48:15Z,1575,41.9,2400,2400,2400,2400,0x0,27,33,19,0.0,55.3,7061,7180,2448,1915,1
2026-09-17T22:48:16Z,1576,43.0,2400,2400,2400,2400,0x0,27,33,19,0.0,86.9,7061,7180,2448,1916,1
2026-09-17T22:48:17Z,1577,41.4,2400,2400,2400,2400,0x0,27,33,19,0.0,147.3,7061,7180,2448,1917,1
2026-09-17T22:48:18Z,1578,41.9,2400,2400,2400,2400,0x0,27,33,19,0.0,68.1,7061,7180,2448,1918,1
2026-09-17T22:48:19Z,1579,40.8,2400,2400,2400,2400,0x0,27,33,19,0.0,0.0,7061,7180,2448,1919,1
2026-09-17T22:48:20Z,1580,40.8,2400,2400,2400,2400,0x0,27,34,19,0.0,64.7,7061,7179,2448,1920,1
2026-09-17T22:48:21Z,1581,42.5,2400,2400,2400,2400,0x0,27,34,19,0.0,99.9,7061,7179,2448,1921,1
2026-09-17T22:48:22Z,1582,42.5,2400,2400,2400,2400,0x0,27,34,19,0.0,142.2,7061,7179,2448,1922,1
2026-09-17T22:48:23Z,1583,43.0,2400,2400,2400,2400,0x0,27,34,19,0.0,140.1,7061,7179,2448,1923,1
2026-09-17T22:48:24Z,1584,41.9,2400,2400,2400,2400,0x0,27,34,19,0.0,5.3,7061,7179,2448,1924,1
2026-09-17T22:48:25Z,1585,41.9,2400,2400,2400,2400,0x0,27,34,19,0.0,0.0,7061,7179,2448,1925,1
2026-09-17T22:48:27Z,1586,42.5,2400,2400,2400,2400,0x0,27,34,19,0.0,32.3,7061,7179,2448,1926,1
2026-09-17T22:48:28Z,1588,42.5,2400,2400,2400,2400,0x0,27,34,19,0.0,32.3,7061,7179,2448,1928,1
2026-09-17T22:48:29Z,1589,41.9,2400,2400,2400,2400,0x0,27,34,19,0.0,64.5,7061,7179,2448,1929,1
2026-09-17T22:48:30Z,1590,41.9,2400,2400,2400,2400,0x0,27,34,19,0.0,56.9,7061,7179,2448,1930,1
2026-09-17T22:48:31Z,1591,41.9,2400,2400,2400,2400,0x0,27,34,19,0.0,86.2,7061,7178,2448,1931,1
2026-09-17T22:48:32Z,1592,41.9,2400,2400,2400,2400,0x0,27,34,19,0.0,88.3,7061,7178,2448,1932,1
2026-09-17T22:48:33Z,1593,41.9,2400,2400,2400,2400,0x0,27,34,19,0.0,59.3,7061,7178,2448,1933,1
2026-09-17T22:48:34Z,1594,41.9,2400,2400,2400,2400,0x0,27,34,19,0.0,59.6,7061,7178,2448,1934,1
2026-09-17T22:48:35Z,1595,41.4,2400,2400,2400,2400,0x0,27,34,19,0.0,54.8,7061,7178,2448,1935,1
2026-09-17T22:48:36Z,1596,41.9,2400,2400,2400,2400,0x0,27,34,19,0.0,74.2,7061,7178,2448,1936,1
2026-09-17T22:48:37Z,1597,42.5,2400,2400,2400,2400,0x0,27,34,19,0.0,141.5,7061,7178,2448,1937,1
2026-09-17T22:48:38Z,1598,40.2,2400,2400,2400,2400,0x0,27,34,19,0.0,151.7,7061,7178,2448,1938,1
2026-09-17T22:48:40Z,1599,41.9,2400,2400,2400,2400,0x0,27,34,19,0.0,138.6,7061,7178,2448,1939,1
2026-09-17T22:48:41Z,1601,41.4,2400,2400,2400,2400,0x0,27,34,19,0.0,12.6,7061,7178,2448,1941,1
2026-09-17T22:48:42Z,1602,41.9,2400,2400,2400,2400,0x0,27,34,19,0.0,0.0,7061,7178,2448,1942,1
2026-09-17T22:48:43Z,1603,41.9,2400,2400,2400,2400,0x0,27,34,19,0.0,0.0,7061,7178,2448,1943,1
2026-09-17T22:48:44Z,1604,42.5,2400,2400,2400,2400,0x0,27,34,19,0.0,46.9,7061,7178,2448,1944,1
2026-09-17T22:48:45Z,1605,40.8,2400,2400,2400,2400,0x0,27,34,19,0.0,73.6,7061,7178,2448,1945,1
2026-09-17T22:48:46Z,1606,41.9,2400,2400,2400,2400,0x0,27,34,19,0.0,134.3,7061,7178,2448,1946,1
2026-09-17T22:48:47Z,1607,41.9,2400,2400,2400,2400,0x0,27,34,19,0.0,142.3,7061,7178,2448,1947,1
2026-09-17T22:48:48Z,1608,41.4,2400,2400,2400,2400,0x0,27,34,19,0.0,54.8,7061,7178,2448,1948,1
2026-09-17T22:48:49Z,1609,40.8,2400,2400,2400,2400,0x0,27,34,19,0.0,0.0,7061,7178,2448,1949,1
2026-09-17T22:48:50Z,1610,42.5,2400,2400,2400,2400,0x0,27,34,19,0.0,0.2,7061,7178,2448,1950,1
2026-09-17T22:48:51Z,1611,41.9,2400,2400,2400,2400,0x0,27,34,19,0.0,80.7,7061,7178,2448,1951,1
2026-09-17T22:48:52Z,1612,41.9,2400,2400,2400,2400,0x0,27,34,19,0.0,59.9,7061,7177,2448,1952,1
2026-09-17T22:48:53Z,1613,43.0,2400,2400,2400,2400,0x0,27,34,19,0.0,69.1,7061,7177,2448,1953,1
2026-09-17T22:48:55Z,1614,40.8,2400,2400,2400,2400,0x0,27,34,19,0.0,64.5,7061,7177,2448,1955,1
2026-09-17T22:48:56Z,1616,42.5,2400,2400,2400,2400,0x0,27,34,19,0.0,32.3,7061,7177,2448,1956,1
2026-09-17T22:48:57Z,1617,43.0,2400,2400,2400,2400,0x0,27,34,19,0.0,129.2,7061,7177,2448,1957,1
2026-09-17T22:48:58Z,1618,41.9,2400,2400,2400,2400,0x0,27,34,19,0.0,13.9,7061,7177,2448,1958,1
2026-09-17T22:48:59Z,1619,41.9,2400,2400,2400,2400,0x0,27,34,19,0.0,72.4,7061,7177,2448,1959,1
2026-09-17T22:49:00Z,1620,41.9,2400,2400,2400,2400,0x0,27,34,19,0.0,72.5,7061,7177,2448,1960,1
2026-09-17T22:49:01Z,1621,41.9,2400,2400,2400,2400,0x0,27,34,19,0.0,78.9,7061,7177,2448,1961,1
2026-09-17T22:49:02Z,1622,41.4,2400,2400,2400,2400,0x0,27,34,19,0.0,119.9,7061,7177,2448,1962,1
2026-09-17T22:49:03Z,1623,41.4,2400,2400,2400,2400,0x0,27,34,19,0.0,94.2,7061,7176,2448,1963,1
2026-09-17T22:49:04Z,1624,41.4,2400,2400,2400,2400,0x0,27,34,19,0.0,0.0,7061,7176,2448,1964,1
2026-09-17T22:49:05Z,1625,40.8,2400,2400,2400,2400,0x0,27,34,19,0.0,47.3,7061,7176,2448,1965,1
2026-09-17T22:49:06Z,1626,40.8,2400,2400,2400,2400,0x0,27,34,19,0.0,85.9,7061,7176,2448,1966,1
2026-09-17T22:49:07Z,1627,42.5,2400,2400,2400,2400,0x0,27,34,19,0.0,144.0,7061,7176,2448,1967,1
2026-09-17T22:49:08Z,1628,41.9,2400,2400,2400,2400,0x0,27,34,19,0.0,143.9,7061,7176,2448,1968,1
2026-09-17T22:49:10Z,1630,41.9,2400,2400,2400,2400,0x0,27,34,19,0.0,15.5,7061,7176,2448,1970,1
2026-09-17T22:49:11Z,1631,41.9,2400,2400,2400,2400,0x0,27,34,19,0.0,0.0,7061,7176,2448,1971,1
2026-09-17T22:49:12Z,1632,43.0,2400,2400,2400,2400,0x0,27,34,19,0.0,6.9,7061,7176,2448,1972,1
2026-09-17T22:49:13Z,1633,41.9,2400,2400,2400,2400,0x0,27,34,19,0.0,73.9,7061,7176,2448,1973,1
2026-09-17T22:49:14Z,1634,41.9,2400,2400,2400,2400,0x0,27,34,19,0.0,72.5,7061,7176,2448,1974,1
2026-09-17T22:49:15Z,1635,41.9,2400,2400,2400,2400,0x0,27,34,19,0.0,73.8,7061,7176,2448,1975,1
2026-09-17T22:49:16Z,1636,42.5,2400,2400,2400,2400,0x0,27,34,19,0.0,76.2,7061,7176,2448,1976,1
2026-09-17T22:49:17Z,1637,41.4,2400,2400,2400,2400,0x0,27,34,19,0.0,35.8,7061,7176,2448,1977,1
2026-09-17T22:49:18Z,1638,41.4,2400,2400,2400,2400,0x0,27,34,19,0.0,142.8,7061,7176,2448,1978,1
2026-09-17T22:49:19Z,1639,41.4,2400,2400,2400,2400,0x0,27,34,19,0.0,142.7,7061,7176,2448,1979,1
2026-09-17T22:49:20Z,1640,41.9,2400,2400,2400,2400,0x0,27,34,19,0.0,141.9,7061,7176,2448,1980,1
2026-09-17T22:49:21Z,1641,42.5,2400,2400,2400,2400,0x0,27,34,19,0.0,89.1,7061,7176,2448,1981,1
2026-09-17T22:49:22Z,1642,40.8,2400,2400,2400,2400,0x0,27,34,19,0.0,0.0,7061,7176,2448,1982,1
2026-09-17T22:49:24Z,1643,41.9,2400,2400,2400,2400,0x0,27,34,19,0.0,0.0,7061,7176,2448,1983,1
2026-09-17T22:49:25Z,1645,42.5,2400,2400,2400,2400,0x0,27,34,19,0.0,0.0,7061,7175,2448,1985,1
2026-09-17T22:49:26Z,1646,41.9,2400,2400,2400,2400,0x0,27,34,19,0.0,70.8,7061,7175,2448,1986,1
2026-09-17T22:49:27Z,1647,40.8,2400,2400,2400,2400,0x0,27,34,19,0.0,73.1,7061,7175,2448,1987,1
2026-09-17T22:49:28Z,1648,41.9,2400,2400,2400,2400,0x0,27,34,19,0.0,66.1,7061,7175,2448,1988,1
2026-09-17T22:49:29Z,1649,42.5,2400,2400,2400,2400,0x0,27,34,19,0.0,64.5,7061,7175,2448,1989,1
2026-09-17T22:49:30Z,1650,41.9,2400,2400,2400,2400,0x0,27,34,19,0.0,64.5,7061,7175,2448,1990,1
2026-09-17T22:49:31Z,1651,41.9,2400,2400,2400,2400,0x0,27,34,19,0.0,113.1,7061,7175,2448,1991,1
2026-09-17T22:49:32Z,1652,40.8,2400,2400,2400,2400,0x0,27,34,19,0.0,32.3,7061,7175,2448,1992,1
2026-09-17T22:49:33Z,1653,42.5,2400,2400,2400,2400,0x0,27,34,19,0.0,52.3,7061,7175,2448,1993,1
2026-09-17T22:49:34Z,1654,41.4,2400,2400,2400,2400,0x0,27,34,19,0.0,71.6,7061,7175,2448,1994,1
2026-09-17T22:49:35Z,1655,41.9,2400,2400,2400,2400,0x0,27,34,19,0.0,87.1,7061,7174,2448,1995,1
2026-09-17T22:49:36Z,1656,43.0,2400,2400,2400,2400,0x0,27,34,19,0.0,141.5,7061,7174,2448,1996,1
2026-09-17T22:49:38Z,1657,41.4,2400,2400,2400,2400,0x0,27,34,19,0.0,67.2,7061,7174,2448,1997,1
2026-09-17T22:49:39Z,1659,41.4,2400,2400,2400,2400,0x0,27,34,19,0.0,0.0,7061,7174,2448,1999,1
2026-09-17T22:49:40Z,1660,40.8,2400,2400,2400,2400,0x0,27,34,19,0.0,64.5,7061,7174,2448,2000,1
2026-09-17T22:49:41Z,1661,42.5,2400,2400,2400,2400,0x0,27,34,19,0.0,56.2,7061,7174,2448,2001,1
2026-09-17T22:49:42Z,1662,41.4,2400,2400,2400,2400,0x0,27,34,19,0.0,132.4,7061,7174,2448,2002,1
2026-09-17T22:49:43Z,1663,41.4,2400,2400,2400,2400,0x0,27,34,19,0.0,142.6,7061,7174,2448,2003,1
2026-09-17T22:49:44Z,1664,40.8,2400,2400,2400,2400,0x0,27,34,19,0.0,56.1,7061,7174,2448,2004,1
2026-09-17T22:49:45Z,1665,41.9,2400,2400,2400,2400,0x0,27,34,19,0.0,0.0,7061,7174,2448,2005,1
2026-09-17T22:49:46Z,1666,42.5,2400,2400,2400,2400,0x0,27,34,19,0.0,16.1,7061,7174,2448,2006,1
2026-09-17T22:49:47Z,1667,42.5,2400,2400,2400,2400,0x0,27,34,19,0.0,64.7,7061,7174,2448,2007,1
2026-09-17T22:49:48Z,1668,42.5,2400,2400,2400,2400,0x0,27,34,19,0.0,71.9,7061,7174,2448,2008,1
2026-09-17T22:49:49Z,1669,40.8,2400,2400,2400,2400,0x0,27,34,19,0.0,73.5,7061,7174,2448,2009,1
2026-09-17T22:49:50Z,1670,41.9,2400,2400,2400,2400,0x0,27,34,19,0.0,70.9,7061,7174,2448,2010,1
2026-09-17T22:49:51Z,1671,41.4,2400,2400,2400,2400,0x0,27,34,19,0.0,66.7,7061,7174,2448,2011,1
2026-09-17T22:49:52Z,1672,40.8,2400,2400,2400,2400,0x0,27,34,19,0.0,88.4,7061,7174,2448,2012,1
2026-09-17T22:49:54Z,1673,41.4,2400,2400,2400,2400,0x0,27,34,19,0.0,48.4,7061,7174,2448,2013,1
2026-09-17T22:49:55Z,1675,41.9,2400,2400,2400,2400,0x0,27,34,19,0.0,32.3,7061,7174,2448,2015,1
2026-09-17T22:49:56Z,1676,42.5,2400,2400,2400,2400,0x0,27,34,19,0.0,83.5,7061,7174,2448,2016,1
2026-09-17T22:49:57Z,1677,43.0,2400,2400,2400,2400,0x0,27,33,19,0.0,103.9,7061,7173,2448,2017,1
2026-09-17T22:49:58Z,1678,41.9,2400,2400,2400,2400,0x0,27,33,19,0.0,151.8,7061,7173,2448,2018,1
2026-09-17T22:49:59Z,1679,41.9,2400,2400,2400,2400,0x0,27,33,19,0.0,0.0,7061,7173,2448,2019,1
2026-09-17T22:50:00Z,1680,40.2,2400,2400,2400,2400,0x0,27,33,19,0.0,16.1,7061,7173,2448,2020,1
2026-09-17T22:50:01Z,1681,41.4,2400,2400,2400,2400,0x0,27,33,19,0.0,69.8,7061,7173,2448,2021,1
2026-09-17T22:50:02Z,1682,42.5,2400,2400,2400,2400,0x0,27,33,19,0.0,106.0,7061,7173,2448,2022,1
2026-09-17T22:50:03Z,1683,40.8,2400,2400,2400,2400,0x0,27,33,19,0.0,145.2,7061,7173,2448,2023,1
2026-09-17T22:50:04Z,1684,41.9,2400,2400,2400,2400,0x0,27,33,19,0.0,114.8,7061,7173,2448,2024,1
2026-09-17T22:50:05Z,1685,42.5,2400,2400,2400,2400,0x0,27,33,19,0.0,0.0,7061,7173,2448,2025,1
2026-09-17T22:50:07Z,1686,40.8,2400,2400,2400,2400,0x0,27,33,19,0.0,0.0,7061,7173,2448,2026,1
2026-09-17T22:50:08Z,1688,41.9,2400,2400,2400,2400,0x0,27,33,19,0.0,32.3,7061,7173,2448,2028,1
2026-09-17T22:50:09Z,1689,40.2,2400,2400,2400,2400,0x0,27,33,19,0.0,64.7,7061,7173,2448,2029,1
2026-09-17T22:50:10Z,1690,42.5,2400,2400,2400,2400,0x0,27,33,19,0.0,60.2,7061,7173,2448,2030,1
2026-09-17T22:50:11Z,1691,41.4,2400,2400,2400,2400,0x0,27,33,19,0.0,86.3,7061,7173,2448,2031,1
2026-09-17T22:50:12Z,1692,41.9,2400,2400,2400,2400,0x0,27,33,19,0.0,63.4,7061,7173,2448,2032,1
2026-09-17T22:50:13Z,1693,42.5,2400,2400,2400,2400,0x0,27,33,19,0.0,109.4,7061,7173,2448,2033,1
2026-09-17T22:50:14Z,1694,41.9,2400,2400,2400,2400,0x0,27,33,19,0.0,35.8,7061,7173,2448,2034,1
2026-09-17T22:50:15Z,1695,40.8,2400,2400,2400,2400,0x0,27,33,19,0.0,64.5,7061,7173,2448,2035,1
2026-09-17T22:50:16Z,1696,41.4,2400,2400,2400,2400,0x0,27,33,19,0.0,56.8,7061,7173,2448,2036,1
2026-09-17T22:50:17Z,1697,40.8,2400,2400,2400,2400,0x0,27,33,19,0.0,74.5,7061,7173,2448,2037,1
2026-09-17T22:50:18Z,1698,41.9,2400,2400,2400,2400,0x0,27,33,19,0.0,107.2,7061,7172,2448,2038,1
2026-09-17T22:50:20Z,1699,41.9,2400,2400,2400,2400,0x0,27,33,19,0.0,116.8,7061,7172,2448,2039,1
2026-09-17T22:50:21Z,1701,41.4,2400,2400,2400,2400,0x0,27,33,19,0.0,0.0,7061,7172,2448,2041,1
2026-09-17T22:50:22Z,1702,41.9,2400,2400,2400,2400,0x0,27,33,19,0.0,83.3,7061,7172,2448,2042,1
2026-09-17T22:50:23Z,1703,42.5,2400,2400,2400,2400,0x0,27,33,19,0.0,118.8,7061,7172,2448,2043,1
2026-09-17T22:50:24Z,1704,42.5,2400,2400,2400,2400,0x0,27,33,19,0.0,138.9,7061,7172,2448,2044,1
2026-09-17T22:50:25Z,1705,41.9,2400,2400,2400,2400,0x0,27,33,19,0.0,143.1,7061,7172,2448,2045,1
2026-09-17T22:50:26Z,1706,42.5,2400,2400,2400,2400,0x0,27,33,19,0.0,0.0,7061,7172,2448,2046,1
2026-09-17T22:50:27Z,1707,41.9,2400,2400,2400,2400,0x0,27,33,19,0.0,0.0,7061,7172,2448,2047,1
2026-09-17T22:50:28Z,1708,41.9,2400,2400,2400,2400,0x0,27,33,19,0.0,0.1,7061,7172,2448,2048,1
2026-09-17T22:50:29Z,1709,40.8,2400,2400,2400,2400,0x0,27,34,19,0.0,64.7,7061,7171,2448,2049,1
2026-09-17T22:50:30Z,1710,41.9,2400,2400,2400,2400,0x0,27,34,19,0.0,75.9,7061,7171,2448,2050,1
2026-09-17T22:50:31Z,1711,41.9,2400,2400,2400,2400,0x0,27,34,19,0.0,144.3,7061,7171,2448,2051,1
2026-09-17T22:50:33Z,1712,40.8,2400,2400,2400,2400,0x0,27,34,19,0.0,133.9,7061,7171,2448,2052,1
2026-09-17T22:50:34Z,1714,42.5,2400,2400,2400,2400,0x0,27,34,19,0.0,16.6,7061,7171,2448,2054,1
2026-09-17T22:50:35Z,1715,41.9,2400,2400,2400,2400,0x0,27,34,19,0.0,0.0,7061,7171,2448,2055,1
2026-09-17T22:50:36Z,1716,42.5,2400,2400,2400,2400,0x0,27,34,19,0.0,25.8,7061,7171,2448,2056,1
2026-09-17T22:50:37Z,1717,42.5,2400,2400,2400,2400,0x0,27,34,19,0.0,84.9,7061,7171,2448,2057,1
2026-09-17T22:50:38Z,1718,41.9,2400,2400,2400,2400,0x0,27,34,19,0.0,87.4,7061,7171,2448,2058,1
2026-09-17T22:50:39Z,1719,41.9,2400,2400,2400,2400,0x0,27,34,19,0.0,142.2,7061,7171,2448,2059,1
2026-09-17T22:50:40Z,1720,40.8,2400,2400,2400,2400,0x0,27,34,19,0.0,143.9,7061,7171,2448,2060,1
2026-09-17T22:50:41Z,1721,40.8,2400,2400,2400,2400,0x0,27,34,19,0.0,96.8,7061,7171,2448,2061,1
2026-09-17T22:50:42Z,1722,41.4,2400,2400,2400,2400,0x0,27,34,19,0.0,0.0,7061,7171,2448,2062,1
2026-09-17T22:50:43Z,1723,42.5,2400,2400,2400,2400,0x0,27,34,19,0.0,0.1,7061,7171,2448,2063,1
2026-09-17T22:50:44Z,1724,42.5,2400,2400,2400,2400,0x0,27,34,19,0.0,13.6,7061,7171,2448,2064,1
2026-09-17T22:50:45Z,1725,41.4,2400,2400,2400,2400,0x0,27,34,19,0.0,73.3,7061,7171,2448,2065,1
2026-09-17T22:50:46Z,1726,41.9,2400,2400,2400,2400,0x0,27,34,19,0.0,73.6,7061,7171,2448,2066,1
2026-09-17T22:50:47Z,1727,41.9,2400,2400,2400,2400,0x0,27,34,19,0.0,140.3,7061,7171,2448,2067,1
2026-09-17T22:50:49Z,1728,41.4,2400,2400,2400,2400,0x0,27,34,19,0.0,130.6,7061,7171,2448,2068,1
2026-09-17T22:50:50Z,1730,41.4,2400,2400,2400,2400,0x0,27,34,19,0.0,10.2,7061,7171,2448,2070,1
2026-09-17T22:50:51Z,1731,41.9,2400,2400,2400,2400,0x0,27,34,19,0.0,0.0,7061,7170,2448,2071,1
2026-09-17T22:50:52Z,1732,42.5,2400,2400,2400,2400,0x0,27,34,19,0.0,30.4,7061,7170,2448,2072,1
2026-09-17T22:50:53Z,1733,42.5,2400,2400,2400,2400,0x0,27,34,19,0.0,65.0,7061,7170,2448,2073,1
2026-09-17T22:50:54Z,1734,41.4,2400,2400,2400,2400,0x0,27,34,19,0.0,82.1,7061,7170,2448,2074,1
2026-09-17T22:50:55Z,1735,41.9,2400,2400,2400,2400,0x0,27,34,19,0.0,71.5,7061,7170,2448,2075,1
2026-09-17T22:50:56Z,1736,41.4,2400,2400,2400,2400,0x0,27,34,19,0.0,57.7,7061,7170,2448,2076,1
2026-09-17T22:50:57Z,1737,41.9,2400,2400,2400,2400,0x0,27,34,19,0.0,102.3,7061,7170,2448,2077,1
2026-09-17T22:50:58Z,1738,41.9,2400,2400,2400,2400,0x0,27,34,19,0.0,43.0,7061,7170,2448,2078,1
2026-09-17T22:50:59Z,1739,42.5,2400,2400,2400,2400,0x0,27,34,19,0.0,72.9,7061,7170,2448,2079,1
2026-09-17T22:51:00Z,1740,41.9,2400,2400,2400,2400,0x0,27,34,19,0.0,73.6,7061,7170,2448,2080,1
2026-09-17T22:51:02Z,1741,41.9,2400,2400,2400,2400,0x0,27,33,19,0.0,61.0,7061,7169,2448,2081,1
2026-09-17T22:51:03Z,1743,40.8,2400,2400,2400,2400,0x0,27,33,19,0.0,53.1,7061,7169,2448,2083,1
2026-09-17T22:51:04Z,1744,41.9,2400,2400,2400,2400,0x0,27,33,19,0.0,138.4,7061,7169,2448,2084,1
2026-09-17T22:51:05Z,1745,42.5,2400,2400,2400,2400,0x0,27,33,19,0.0,0.0,7061,7169,2448,2085,1
2026-09-17T22:51:06Z,1746,40.8,2400,2400,2400,2400,0x0,27,33,19,0.0,47.6,7061,7169,2448,2086,1
2026-09-17T22:51:07Z,1747,41.9,2400,2400,2400,2400,0x0,27,33,19,0.0,75.0,7061,7169,2448,2087,1
2026-09-17T22:51:08Z,1748,40.8,2400,2400,2400,2400,0x0,27,33,19,0.0,73.5,7061,7169,2448,2088,1
2026-09-17T22:51:09Z,1749,40.8,2400,2400,2400,2400,0x0,27,33,19,0.0,139.3,7061,7169,2448,2089,1
2026-09-17T22:51:10Z,1750,42.5,2400,2400,2400,2400,0x0,27,33,19,0.0,116.5,7061,7169,2448,2090,1
2026-09-17T22:51:11Z,1751,42.5,2400,2400,2400,2400,0x0,27,33,19,0.0,0.0,7061,7169,2448,2091,1
2026-09-17T22:51:12Z,1752,42.5,2400,2400,2400,2400,0x0,27,33,19,0.0,12.6,7061,7169,2448,2092,1
2026-09-17T22:51:13Z,1753,41.9,2400,2400,2400,2400,0x0,27,33,19,0.0,105.8,7061,7169,2448,2093,1
2026-09-17T22:51:14Z,1754,41.9,2400,2400,2400,2400,0x0,27,33,19,0.0,141.1,7061,7169,2448,2094,1
2026-09-17T22:51:16Z,1756,40.8,2400,2400,2400,2400,0x0,27,33,19,0.0,74.2,7061,7169,2448,2096,1
2026-09-17T22:51:17Z,1757,41.9,2400,2400,2400,2400,0x0,27,33,19,0.0,44.2,7061,7169,2448,2097,1
2026-09-17T22:51:18Z,1758,41.4,2400,2400,2400,2400,0x0,27,33,19,0.0,0.0,7061,7169,2448,2098,1
2026-09-17T22:51:19Z,1759,41.9,2400,2400,2400,2400,0x0,27,33,19,0.0,0.2,7061,7169,2448,2099,1
2026-09-17T22:51:20Z,1760,41.9,2400,2400,2400,2400,0x0,27,33,19,0.0,40.7,7061,7169,2448,2100,1
2026-09-17T22:51:21Z,1761,40.8,2400,2400,2400,2400,0x0,27,33,19,0.0,141.8,7061,7169,2448,2101,1
2026-09-17T22:51:22Z,1762,41.9,2400,2400,2400,2400,0x0,27,33,19,0.0,147.6,7061,7169,2448,2102,1
2026-09-17T22:51:23Z,1763,41.9,2400,2400,2400,2400,0x0,27,33,19,0.0,140.7,7061,7168,2448,2103,1
2026-09-17T22:51:24Z,1764,41.9,2400,2400,2400,2400,0x0,27,33,19,0.0,13.5,7061,7168,2448,2104,1
2026-09-17T22:51:25Z,1765,41.9,2400,2400,2400,2400,0x0,27,33,19,0.0,0.0,7061,7168,2448,2105,1
2026-09-17T22:51:26Z,1766,41.9,2400,2400,2400,2400,0x0,27,33,19,0.0,0.0,7061,7168,2448,2106,1
2026-09-17T22:51:27Z,1767,40.2,2400,2400,2400,2400,0x0,27,33,19,0.0,48.4,7061,7168,2448,2107,1
2026-09-17T22:51:28Z,1768,41.9,2400,2400,2400,2400,0x0,27,33,19,0.0,64.5,7061,7168,2448,2108,1
2026-09-17T22:51:30Z,1769,41.4,2400,2400,2400,2400,0x0,27,33,19,0.0,64.6,7061,7168,2448,2109,1
2026-09-17T22:51:31Z,1771,41.4,2400,2400,2400,2400,0x0,27,33,19,0.0,32.3,7061,7168,2448,2111,1
2026-09-17T22:51:32Z,1772,41.4,2400,2400,2400,2400,0x0,27,33,19,0.0,64.6,7061,7168,2448,2112,1
2026-09-17T22:51:33Z,1773,41.9,2400,2400,2400,2400,0x0,27,33,19,0.0,107.3,7061,7168,2448,2113,1
2026-09-17T22:51:34Z,1774,41.4,2400,2400,2400,2400,0x0,27,33,19,0.0,51.7,7061,7167,2448,2114,1
2026-09-17T22:51:35Z,1775,41.9,2400,2400,2400,2400,0x0,27,33,19,0.0,67.0,7061,7167,2448,2115,1
2026-09-17T22:51:36Z,1776,41.9,2400,2400,2400,2400,0x0,27,33,19,0.0,64.5,7061,7167,2448,2116,1
2026-09-17T22:51:37Z,1777,42.5,2400,2400,2400,2400,0x0,27,33,19,0.0,80.7,7061,7167,2448,2117,1
2026-09-17T22:51:38Z,1778,42.5,2400,2400,2400,2400,0x0,27,33,19,0.0,121.3,7061,7167,2448,2118,1
2026-09-17T22:51:39Z,1779,40.8,2400,2400,2400,2400,0x0,27,33,19,0.0,104.6,7061,7167,2448,2119,1
2026-09-17T22:51:40Z,1780,41.4,2400,2400,2400,2400,0x0,27,33,19,0.0,0.1,7061,7167,2448,2120,1
2026-09-17T22:51:41Z,1781,41.9,2400,2400,2400,2400,0x0,27,33,19,0.0,36.6,7061,7167,2448,2121,1
2026-09-17T22:51:42Z,1782,41.9,2400,2400,2400,2400,0x0,27,33,19,0.0,72.7,7061,7167,2448,2122,1
2026-09-17T22:51:43Z,1783,42.5,2400,2400,2400,2400,0x0,27,33,19,0.0,109.0,7061,7167,2448,2123,1
2026-09-17T22:51:45Z,1784,41.9,2400,2400,2400,2400,0x0,27,33,19,0.0,143.1,7061,7167,2448,2124,1
2026-09-17T22:51:46Z,1786,41.4,2400,2400,2400,2400,0x0,27,33,19,0.0,45.3,7061,7167,2448,2126,1
2026-09-17T22:51:47Z,1787,42.5,2400,2400,2400,2400,0x0,27,33,19,0.0,0.0,7061,7167,2448,2127,1
2026-09-17T22:51:48Z,1788,42.5,2400,2400,2400,2400,0x0,27,33,19,0.0,9.7,7061,7167,2448,2128,1
2026-09-17T22:51:49Z,1789,41.9,2400,2400,2400,2400,0x0,27,33,19,0.0,54.8,7061,7167,2448,2129,1
2026-09-17T22:51:50Z,1790,41.9,2400,2400,2400,2400,0x0,27,33,19,0.0,94.8,7061,7167,2448,2130,1
2026-09-17T22:51:51Z,1791,41.4,2400,2400,2400,2400,0x0,27,33,19,0.0,139.5,7061,7167,2448,2131,1
2026-09-17T22:51:52Z,1792,41.4,2400,2400,2400,2400,0x0,27,33,19,0.0,141.3,7061,7167,2448,2132,1
2026-09-17T22:51:53Z,1793,41.4,2400,2400,2400,2400,0x0,27,33,19,0.0,108.7,7061,7167,2448,2133,1
2026-09-17T22:51:54Z,1794,40.8,2400,2400,2400,2400,0x0,27,33,19,0.0,0.0,7061,7167,2448,2134,1
2026-09-17T22:51:55Z,1795,41.9,2400,2400,2400,2400,0x0,27,33,19,0.0,0.1,7061,7166,2448,2135,1
2026-09-17T22:51:56Z,1796,41.4,2400,2400,2400,2400,0x0,27,33,19,0.0,16.1,7061,7166,2448,2136,1
2026-09-17T22:51:57Z,1797,41.9,2400,2400,2400,2400,0x0,27,33,19,0.0,64.5,7061,7166,2448,2137,1
2026-09-17T22:51:58Z,1798,40.8,2400,2400,2400,2400,0x0,27,33,19,0.0,81.6,7061,7166,2448,2138,1
2026-09-17T22:52:00Z,1799,40.8,2400,2400,2400,2400,0x0,27,33,19,0.0,142.4,7061,7166,2448,2139,1
2026-09-17T22:52:01Z,1801,41.4,2400,2400,2400,2400,0x0,27,33,19,0.0,65.5,7061,7166,2448,2141,1
2026-09-17T22:52:02Z,1802,40.8,2400,2400,2400,2400,0x0,27,33,19,0.0,16.1,7061,7166,2448,2142,1
2026-09-17T22:52:03Z,1803,43.0,2400,2400,2400,2400,0x0,27,33,19,0.0,0.0,7061,7166,2448,2143,1
2026-09-17T22:52:04Z,1804,40.2,2400,2400,2400,2400,0x0,27,33,19,0.0,44.8,7061,7166,2448,2144,1
2026-09-17T22:52:05Z,1805,41.4,2400,2400,2400,2400,0x0,27,33,19,0.0,107.5,7061,7166,2448,2145,1
2026-09-17T22:52:06Z,1806,41.9,2400,2400,2400,2400,0x0,27,33,19,0.0,130.6,7061,7165,2448,2146,1
2026-09-17T22:52:07Z,1807,41.4,2400,2400,2400,2400,0x0,27,33,19,0.0,160.8,7061,7165,2448,2147,1
2026-09-17T22:52:08Z,1808,41.9,2400,2400,2400,2400,0x0,27,33,19,0.0,72.8,7061,7165,2448,2148,1
2026-09-17T22:52:09Z,1809,41.4,2400,2400,2400,2400,0x0,27,33,19,0.0,0.0,7061,7165,2448,2149,1
2026-09-17T22:52:10Z,1810,40.8,2400,2400,2400,2400,0x0,27,33,19,0.0,0.0,7061,7165,2448,2150,1
2026-09-17T22:52:11Z,1811,41.9,2400,2400,2400,2400,0x0,27,33,19,0.0,29.5,7061,7165,2448,2151,1
2026-09-17T22:52:12Z,1812,41.9,2400,2400,2400,2400,0x0,27,33,19,0.0,67.5,7061,7165,2448,2152,1
2026-09-17T22:52:14Z,1813,41.4,2400,2400,2400,2400,0x0,27,33,19,0.0,48.4,7061,7165,2448,2153,1
2026-09-17T22:52:15Z,1815,41.4,2400,2400,2400,2400,0x0,27,33,19,0.0,32.3,7061,7165,2448,2155,1
2026-09-17T22:52:16Z,1816,41.9,2400,2400,2400,2400,0x0,27,33,19,0.0,67.3,7061,7165,2448,2156,1
2026-09-17T22:52:17Z,1817,40.8,2400,2400,2400,2400,0x0,27,33,19,0.0,72.9,7061,7165,2448,2157,1
2026-09-17T22:52:18Z,1818,42.5,2400,2400,2400,2400,0x0,27,33,19,0.0,102.1,7061,7165,2448,2158,1
2026-09-17T22:52:19Z,1819,41.4,2400,2400,2400,2400,0x0,27,33,19,0.0,58.1,7061,7165,2448,2159,1
2026-09-17T22:52:20Z,1820,40.8,2400,2400,2400,2400,0x0,27,33,19,0.0,71.0,7061,7165,2448,2160,1
2026-09-17T22:52:21Z,1821,41.4,2400,2400,2400,2400,0x0,27,33,19,0.0,48.6,7061,7165,2448,2161,1
2026-09-17T22:52:22Z,1822,41.9,2400,2400,2400,2400,0x0,27,33,19,0.0,112.9,7061,7165,2448,2162,1
2026-09-17T22:52:23Z,1823,42.5,2400,2400,2400,2400,0x0,27,33,19,0.0,137.5,7061,7165,2448,2163,1
2026-09-17T22:52:24Z,1824,41.9,2400,2400,2400,2400,0x0,27,33,19,0.0,23.9,7061,7165,2448,2164,1
2026-09-17T22:52:25Z,1825,40.2,2400,2400,2400,2400,0x0,27,33,19,0.0,16.1,7061,7165,2448,2165,1
2026-09-17T22:52:26Z,1826,41.4,2400,2400,2400,2400,0x0,27,33,19,0.0,70.0,7061,7165,2448,2166,1
2026-09-17T22:52:28Z,1827,41.4,2400,2400,2400,2400,0x0,27,33,19,0.0,122.4,7061,7164,2448,2167,1
2026-09-17T22:52:29Z,1829,41.9,2400,2400,2400,2400,0x0,27,33,19,0.0,70.8,7061,7164,2448,2169,1
2026-09-17T22:52:30Z,1830,41.9,2400,2400,2400,2400,0x0,27,33,19,0.0,101.9,7061,7164,2448,2170,1
2026-09-17T22:52:31Z,1831,41.9,2400,2400,2400,2400,0x0,27,33,19,0.0,0.0,7061,7164,2448,2171,1
2026-09-17T22:52:32Z,1832,41.9,2400,2400,2400,2400,0x0,27,33,19,0.0,0.1,7061,7164,2448,2172,1
2026-09-17T22:52:33Z,1833,40.8,2400,2400,2400,2400,0x0,27,33,19,0.0,55.6,7061,7164,2448,2173,1
2026-09-17T22:52:34Z,1834,41.4,2400,2400,2400,2400,0x0,27,33,19,0.0,57.3,7061,7164,2448,2174,1
2026-09-17T22:52:35Z,1835,41.4,2400,2400,2400,2400,0x0,27,33,19,0.0,64.5,7061,7164,2448,2175,1
2026-09-17T22:52:36Z,1836,40.2,2400,2400,2400,2400,0x0,27,33,19,0.0,80.7,7061,7164,2448,2176,1
2026-09-17T22:52:37Z,1837,41.4,2400,2400,2400,2400,0x0,27,33,19,0.0,48.5,7061,7164,2448,2177,1
2026-09-17T22:52:38Z,1838,41.9,2400,2400,2400,2400,0x0,27,33,19,0.0,144.2,7061,7163,2448,2178,1
2026-09-17T22:52:40Z,1839,41.9,2400,2400,2400,2400,0x0,27,33,19,0.0,172.2,7061,7163,2448,2179,1
2026-09-17T22:52:41Z,1841,40.2,2400,2400,2400,2400,0x0,27,33,19,0.0,71.0,7061,7163,2448,2181,1
2026-09-17T22:52:42Z,1842,41.9,2400,2400,2400,2400,0x0,27,33,19,0.0,9.7,7061,7163,2448,2182,1
2026-09-17T22:52:43Z,1843,40.8,2400,2400,2400,2400,0x0,27,33,19,0.0,0.0,7061,7163,2448,2183,1
2026-09-17T22:52:44Z,1844,41.9,2400,2400,2400,2400,0x0,27,33,19,0.0,0.0,7061,7163,2448,2184,1
2026-09-17T22:52:45Z,1845,41.4,2400,2400,2400,2400,0x0,27,33,19,0.0,47.0,7061,7163,2448,2185,1
2026-09-17T22:52:46Z,1846,41.4,2400,2400,2400,2400,0x0,27,33,19,0.0,71.5,7061,7163,2448,2186,1
2026-09-17T22:52:47Z,1847,41.9,2400,2400,2400,2400,0x0,27,33,19,0.0,133.4,7061,7163,2448,2187,1
2026-09-17T22:52:48Z,1848,40.2,2400,2400,2400,2400,0x0,27,33,19,0.0,144.1,7061,7163,2448,2188,1
2026-09-17T22:52:49Z,1849,43.0,2400,2400,2400,2400,0x0,27,33,19,0.0,56.1,7061,7163,2448,2189,1
2026-09-17T22:52:50Z,1850,42.5,2400,2400,2400,2400,0x0,27,33,19,0.0,0.0,7061,7163,2448,2190,1
2026-09-17T22:52:51Z,1851,40.2,2400,2400,2400,2400,0x0,27,33,19,0.0,22.7,7061,7163,2448,2191,1
2026-09-17T22:52:52Z,1852,41.9,2400,2400,2400,2400,0x0,27,33,19,0.0,73.3,7061,7163,2448,2192,1
2026-09-17T22:52:53Z,1853,41.4,2400,2400,2400,2400,0x0,27,33,19,0.0,65.5,7061,7163,2448,2193,1
2026-09-17T22:52:55Z,1854,41.4,2400,2400,2400,2400,0x0,27,33,19,0.0,48.4,7061,7163,2448,2194,1
2026-09-17T22:52:56Z,1856,40.8,2400,2400,2400,2400,0x0,27,33,19,0.0,40.3,7061,7163,2448,2196,1
2026-09-17T22:52:57Z,1857,41.9,2400,2400,2400,2400,0x0,27,33,19,0.0,65.8,7061,7163,2448,2197,1
2026-09-17T22:52:58Z,1858,40.8,2400,2400,2400,2400,0x0,27,33,19,0.0,95.6,7061,7163,2448,2198,1
2026-09-17T22:52:59Z,1859,41.9,2400,2400,2400,2400,0x0,27,33,19,0.0,51.5,7061,7163,2448,2199,1
2026-09-17T22:53:00Z,1860,40.8,2400,2400,2400,2400,0x0,27,33,19,0.0,73.4,7061,7162,2448,2200,1
2026-09-17T22:53:01Z,1861,40.2,2400,2400,2400,2400,0x0,27,33,19,0.0,52.7,7061,7162,2448,2201,1
2026-09-17T22:53:02Z,1862,41.9,2400,2400,2400,2400,0x0,27,33,19,0.0,64.7,7061,7162,2448,2202,1
2026-09-17T22:53:03Z,1863,40.2,2400,2400,2400,2400,0x0,27,33,19,0.0,126.3,7061,7162,2448,2203,1
2026-09-17T22:53:04Z,1864,40.8,2400,2400,2400,2400,0x0,27,33,19,0.0,83.5,7061,7162,2448,2204,1
2026-09-17T22:53:05Z,1865,40.8,2400,2400,2400,2400,0x0,27,33,19,0.0,9.7,7061,7162,2448,2205,1
2026-09-17T22:53:06Z,1866,39.7,2400,2400,2400,2400,0x0,27,33,19,0.0,71.0,7061,7162,2448,2206,1
2026-09-17T22:53:07Z,1867,40.8,2400,2400,2400,2400,0x0,27,33,19,0.0,61.7,7061,7162,2448,2207,1
2026-09-17T22:53:08Z,1868,41.4,2400,2400,2400,2400,0x0,27,33,19,0.0,143.3,7061,7162,2448,2208,1
2026-09-17T22:53:10Z,1869,40.8,2400,2400,2400,2400,0x0,27,33,19,0.0,139.7,7061,7162,2448,2209,1
2026-09-17T22:53:11Z,1871,40.2,2400,2400,2400,2400,0x0,27,33,19,0.0,13.4,7061,7162,2448,2211,1
2026-09-17T22:53:12Z,1872,41.9,2400,2400,2400,2400,0x0,27,33,19,0.0,0.0,7061,7162,2448,2212,1
2026-09-17T22:53:13Z,1873,41.4,2400,2400,2400,2400,0x0,27,33,19,0.0,46.3,7061,7162,2448,2213,1
2026-09-17T22:53:14Z,1874,40.2,2400,2400,2400,2400,0x0,27,33,19,0.0,59.1,7061,7162,2448,2214,1
2026-09-17T22:53:15Z,1875,41.4,2400,2400,2400,2400,0x0,27,33,19,0.0,72.3,7061,7162,2448,2215,1
2026-09-17T22:53:16Z,1876,41.9,2400,2400,2400,2400,0x0,27,33,19,0.0,64.5,7061,7162,2448,2216,1
2026-09-17T22:53:17Z,1877,40.8,2400,2400,2400,2400,0x0,27,33,19,0.0,64.5,7061,7162,2448,2217,1
2026-09-17T22:53:18Z,1878,39.7,2400,2400,2400,2400,0x0,27,33,19,0.0,103.5,7061,7162,2448,2218,1
2026-09-17T22:53:19Z,1879,41.9,2400,2400,2400,2400,0x0,27,33,19,0.0,44.1,7061,7162,2448,2219,1
2026-09-17T22:53:20Z,1880,42.5,2400,2400,2400,2400,0x0,27,33,19,0.0,73.4,7061,7162,2448,2220,1
2026-09-17T22:53:21Z,1881,40.2,2400,2400,2400,2400,0x0,27,33,19,0.0,69.7,7061,7161,2448,2221,1
2026-09-17T22:53:22Z,1882,42.5,2400,2400,2400,2400,0x0,27,33,19,0.0,59.0,7061,7161,2448,2222,1
2026-09-17T22:53:23Z,1883,41.4,2400,2400,2400,2400,0x0,27,33,19,0.0,76.7,7061,7161,2448,2223,1
2026-09-17T22:53:25Z,1885,42.5,2400,2400,2400,2400,0x0,27,33,19,0.0,74.9,7061,7161,2448,2225,1
2026-09-17T22:53:26Z,1886,40.8,2400,2400,2400,2400,0x0,27,33,19,0.0,21.3,7061,7161,2448,2226,1
2026-09-17T22:53:27Z,1887,41.4,2400,2400,2400,2400,0x0,27,33,19,0.0,28.1,7061,7161,2448,2227,1
2026-09-17T22:53:28Z,1888,41.4,2400,2400,2400,2400,0x0,27,33,19,0.0,86.3,7061,7161,2448,2228,1
2026-09-17T22:53:29Z,1889,41.4,2400,2400,2400,2400,0x0,27,33,19,0.0,109.5,7061,7161,2448,2229,1
2026-09-17T22:53:30Z,1890,43.0,2400,2400,2400,2400,0x0,27,33,19,0.0,139.7,7061,7161,2448,2230,1
2026-09-17T22:53:31Z,1891,41.9,2400,2400,2400,2400,0x0,27,33,19,0.0,88.4,7061,7161,2448,2231,1
2026-09-17T22:53:32Z,1892,41.4,2400,2400,2400,2400,0x0,27,33,19,0.0,0.0,7061,7160,2448,2232,1
2026-09-17T22:53:33Z,1893,41.9,2400,2400,2400,2400,0x0,27,33,19,0.0,0.1,7061,7160,2448,2233,1
2026-09-17T22:53:34Z,1894,41.9,2400,2400,2400,2400,0x0,27,33,19,0.0,72.1,7061,7160,2448,2234,1
2026-09-17T22:53:35Z,1895,40.8,2400,2400,2400,2400,0x0,27,33,19,0.0,73.1,7061,7160,2448,2235,1
2026-09-17T22:53:36Z,1896,41.9,2400,2400,2400,2400,0x0,27,33,19,0.0,90.8,7061,7160,2448,2236,1
2026-09-17T22:53:37Z,1897,41.9,2400,2400,2400,2400,0x0,27,33,19,0.0,141.4,7061,7160,2448,2237,1
2026-09-17T22:53:39Z,1898,41.9,2400,2400,2400,2400,0x0,27,33,19,0.0,142.2,7061,7160,2448,2238,1
2026-09-17T22:53:40Z,1900,41.4,2400,2400,2400,2400,0x0,27,33,19,0.0,46.9,7061,7160,2448,2240,1
2026-09-17T22:53:41Z,1901,40.2,2400,2400,2400,2400,0x0,27,33,19,0.0,0.0,7061,7160,2448,2241,1
2026-09-17T22:53:42Z,1902,41.9,2400,2400,2400,2400,0x0,27,33,19,0.0,0.0,7061,7160,2448,2242,1
2026-09-17T22:53:43Z,1903,41.9,2400,2400,2400,2400,0x0,27,33,19,0.0,15.1,7061,7160,2448,2243,1
2026-09-17T22:53:44Z,1904,41.9,2400,2400,2400,2400,0x0,27,33,19,0.0,86.0,7061,7160,2448,2244,1
2026-09-17T22:53:45Z,1905,40.8,2400,2400,2400,2400,0x0,27,33,19,0.0,146.4,7061,7160,2448,2245,1
2026-09-17T22:53:46Z,1906,41.9,2400,2400,2400,2400,0x0,27,33,19,0.0,142.6,7061,7160,2448,2246,1
2026-09-17T22:53:47Z,1907,40.8,2400,2400,2400,2400,0x0,27,33,19,0.0,126.5,7061,7160,2448,2247,1
2026-09-17T22:53:48Z,1908,41.4,2400,2400,2400,2400,0x0,27,33,19,0.0,0.1,7061,7160,2448,2248,1
2026-09-17T22:53:49Z,1909,40.8,2400,2400,2400,2400,0x0,27,33,19,0.0,0.0,7061,7160,2448,2249,1
2026-09-17T22:53:51Z,1910,39.7,2400,2400,2400,2400,0x0,27,33,19,0.0,0.0,7061,7160,2448,2250,1
2026-09-17T22:53:52Z,1912,41.4,2400,2400,2400,2400,0x0,27,33,19,0.0,24.2,7061,7160,2448,2252,1
2026-09-17T22:53:53Z,1913,40.8,2400,2400,2400,2400,0x0,27,33,19,0.0,94.6,7061,7160,2448,2253,1
2026-09-17T22:53:54Z,1914,41.4,2400,2400,2400,2400,0x0,27,33,19,0.0,136.9,7061,7159,2448,2254,1
2026-09-17T22:53:55Z,1915,41.9,2400,2400,2400,2400,0x0,27,33,19,0.0,143.8,7061,7159,2448,2255,1
2026-09-17T22:53:56Z,1916,40.8,2400,2400,2400,2400,0x0,27,33,19,0.0,28.4,7061,7159,2448,2256,1
2026-09-17T22:53:57Z,1917,41.9,2400,2400,2400,2400,0x0,27,33,19,0.0,0.0,7061,7159,2448,2257,1
2026-09-17T22:53:58Z,1918,40.8,2400,2400,2400,2400,0x0,27,33,19,0.0,32.3,7061,7159,2448,2258,1
2026-09-17T22:53:59Z,1919,41.9,2400,2400,2400,2400,0x0,27,33,19,0.0,64.7,7061,7159,2448,2259,1
2026-09-17T22:54:00Z,1920,40.8,2400,2400,2400,2400,0x0,27,33,19,0.0,64.5,7061,7159,2448,2260,1
2026-09-17T22:54:01Z,1921,42.5,2400,2400,2400,2400,0x0,27,33,19,0.0,87.0,7061,7159,2448,2261,1
2026-09-17T22:54:02Z,1922,41.4,2400,2400,2400,2400,0x0,27,33,19,0.0,140.0,7061,7159,2448,2262,1
2026-09-17T22:54:03Z,1923,41.9,2400,2400,2400,2400,0x0,27,33,19,0.0,136.5,7061,7159,2448,2263,1
2026-09-17T22:54:04Z,1924,41.9,2400,2400,2400,2400,0x0,27,33,19,0.0,120.7,7061,7158,2448,2264,1
2026-09-17T22:54:05Z,1925,41.9,2400,2400,2400,2400,0x0,27,33,19,0.0,0.0,7061,7158,2448,2265,1
2026-09-17T22:54:07Z,1926,41.9,2400,2400,2400,2400,0x0,27,33,19,0.0,0.0,7061,7158,2448,2266,1
2026-09-17T22:54:08Z,1928,41.4,2400,2400,2400,2400,0x0,27,33,19,0.0,0.0,7061,7158,2448,2268,1
2026-09-17T22:54:09Z,1929,40.8,2400,2400,2400,2400,0x0,27,33,19,0.0,49.8,7061,7158,2448,2269,1
2026-09-17T22:54:10Z,1930,41.9,2400,2400,2400,2400,0x0,27,33,19,0.0,74.2,7061,7158,2448,2270,1
2026-09-17T22:54:11Z,1931,41.4,2400,2400,2400,2400,0x0,27,33,19,0.0,141.5,7061,7158,2448,2271,1
2026-09-17T22:54:12Z,1932,40.2,2400,2400,2400,2400,0x0,27,33,19,0.0,143.4,7061,7158,2448,2272,1
2026-09-17T22:54:13Z,1933,41.4,2400,2400,2400,2400,0x0,27,33,19,0.0,43.1,7061,7158,2448,2273,1
2026-09-17T22:54:14Z,1934,41.4,2400,2400,2400,2400,0x0,27,33,19,0.0,0.1,7061,7158,2448,2274,1
2026-09-17T22:54:15Z,1935,40.2,2400,2400,2400,2400,0x0,27,33,19,0.0,32.3,7061,7158,2448,2275,1
2026-09-17T22:54:16Z,1936,41.9,2400,2400,2400,2400,0x0,27,33,19,0.0,72.9,7061,7158,2448,2276,1
2026-09-17T22:54:17Z,1937,41.9,2400,2400,2400,2400,0x0,27,33,19,0.0,60.3,7061,7158,2448,2277,1
2026-09-17T22:54:18Z,1938,40.2,2400,2400,2400,2400,0x0,27,33,19,0.0,86.2,7061,7158,2448,2278,1
2026-09-17T22:54:19Z,1939,41.4,2400,2400,2400,2400,0x0,27,33,19,0.0,71.1,7061,7158,2448,2279,1
2026-09-17T22:54:21Z,1940,41.4,2400,2400,2400,2400,0x0,27,33,19,0.0,62.4,7061,7158,2448,2280,1
2026-09-17T22:54:22Z,1942,40.8,2400,2400,2400,2400,0x0,27,33,19,0.0,33.4,7061,7158,2448,2282,1
2026-09-17T22:54:23Z,1943,41.9,2400,2400,2400,2400,0x0,27,33,19,0.0,48.4,7061,7158,2448,2283,1
2026-09-17T22:54:24Z,1944,41.4,2400,2400,2400,2400,0x0,27,33,19,0.0,73.1,7061,7158,2448,2284,1
2026-09-17T22:54:25Z,1945,41.4,2400,2400,2400,2400,0x0,27,33,19,0.0,74.4,7061,7158,2448,2285,1
2026-09-17T22:54:26Z,1946,41.9,2400,2400,2400,2400,0x0,27,33,19,0.0,139.6,7061,7157,2448,2286,1
2026-09-17T22:54:27Z,1947,41.4,2400,2400,2400,2400,0x0,27,33,19,0.0,142.3,7061,7157,2448,2287,1
2026-09-17T22:54:28Z,1948,40.8,2400,2400,2400,2400,0x0,27,33,19,0.0,142.7,7061,7157,2448,2288,1
2026-09-17T22:54:29Z,1949,40.2,2400,2400,2400,2400,0x0,27,33,19,0.0,25.3,7061,7157,2448,2289,1
2026-09-17T22:54:30Z,1950,41.4,2400,2400,2400,2400,0x0,27,33,19,0.0,0.0,7061,7157,2448,2290,1
2026-09-17T22:54:31Z,1951,41.9,2400,2400,2400,2400,0x0,27,33,19,0.0,0.0,7061,7157,2448,2291,1
2026-09-17T22:54:32Z,1952,41.4,2400,2400,2400,2400,0x0,27,33,19,0.0,32.3,7061,7157,2448,2292,1
2026-09-17T22:54:33Z,1953,41.9,2400,2400,2400,2400,0x0,27,33,19,0.0,72.9,7061,7157,2448,2293,1
2026-09-17T22:54:35Z,1954,40.8,2400,2400,2400,2400,0x0,27,33,19,0.0,142.2,7061,7157,2448,2294,1
2026-09-17T22:54:36Z,1956,41.4,2400,2400,2400,2400,0x0,27,33,19,0.0,69.5,7061,7157,2448,2296,1
2026-09-17T22:54:37Z,1957,39.7,2400,2400,2400,2400,0x0,27,33,19,0.0,65.7,7061,7156,2448,2297,1
2026-09-17T22:54:38Z,1958,43.0,2400,2400,2400,2400,0x0,27,33,19,0.0,0.0,7061,7156,2448,2298,1
2026-09-17T22:54:39Z,1959,41.4,2400,2400,2400,2400,0x0,27,33,19,0.0,20.3,7061,7156,2448,2299,1
2026-09-17T22:54:40Z,1960,41.9,2400,2400,2400,2400,0x0,27,33,19,0.0,60.5,7061,7156,2448,2300,1
2026-09-17T22:54:41Z,1961,41.4,2400,2400,2400,2400,0x0,27,33,19,0.0,105.2,7061,7156,2448,2301,1
2026-09-17T22:54:42Z,1962,40.2,2400,2400,2400,2400,0x0,27,33,19,0.0,144.4,7061,7156,2448,2302,1
2026-09-17T22:54:43Z,1963,40.2,2400,2400,2400,2400,0x0,27,33,19,0.0,137.7,7061,7156,2448,2303,1
2026-09-17T22:54:44Z,1964,41.4,2400,2400,2400,2400,0x0,27,33,19,0.0,80.8,7061,7156,2448,2304,1
2026-09-17T22:54:45Z,1965,41.9,2400,2400,2400,2400,0x0,27,33,19,0.0,0.0,7061,7156,2448,2305,1
2026-09-17T22:54:46Z,1966,42.5,2400,2400,2400,2400,0x0,27,33,19,0.0,0.0,7061,7156,2448,2306,1
2026-09-17T22:54:47Z,1967,41.4,2400,2400,2400,2400,0x0,27,33,19,0.0,24.5,7061,7156,2448,2307,1
2026-09-17T22:54:49Z,1968,41.4,2400,2400,2400,2400,0x0,27,33,19,0.0,56.2,7061,7156,2448,2308,1
2026-09-17T22:54:50Z,1970,41.9,2400,2400,2400,2400,0x0,27,33,19,0.0,32.3,7061,7156,2448,2310,1
2026-09-17T22:54:51Z,1971,41.9,2400,2400,2400,2400,0x0,27,33,19,0.0,132.4,7061,7156,2448,2311,1
2026-09-17T22:54:52Z,1972,41.9,2400,2400,2400,2400,0x0,27,33,19,0.0,145.9,7061,7156,2448,2312,1
2026-09-17T22:54:53Z,1973,41.9,2400,2400,2400,2400,0x0,27,33,19,0.0,141.4,7061,7156,2448,2313,1
2026-09-17T22:54:54Z,1974,40.8,2400,2400,2400,2400,0x0,27,33,19,0.0,48.4,7061,7156,2448,2314,1
2026-09-17T22:54:55Z,1975,40.2,2400,2400,2400,2400,0x0,27,33,19,0.0,0.1,7061,7156,2448,2315,1
2026-09-17T22:54:56Z,1976,41.9,2400,2400,2400,2400,0x0,27,33,19,0.0,0.0,7061,7156,2448,2316,1
2026-09-17T22:54:57Z,1977,40.2,2400,2400,2400,2400,0x0,27,33,19,0.0,32.3,7061,7156,2448,2317,1
2026-09-17T22:54:58Z,1978,41.9,2400,2400,2400,2400,0x0,27,33,19,0.0,48.4,7061,7155,2448,2318,1
2026-09-17T22:54:59Z,1979,41.4,2400,2400,2400,2400,0x0,27,33,19,0.0,136.0,7061,7155,2448,2319,1
2026-09-17T22:55:00Z,1980,41.4,2400,2400,2400,2400,0x0,27,33,19,0.0,138.5,7061,7155,2448,2320,1
2026-09-17T22:55:01Z,1981,40.8,2400,2400,2400,2400,0x0,27,33,19,0.0,96.8,7061,7155,2448,2321,1
2026-09-17T22:55:02Z,1982,41.4,2400,2400,2400,2400,0x0,27,33,19,0.0,0.0,7061,7155,2448,2322,1
2026-09-17T22:55:03Z,1983,41.4,2400,2400,2400,2400,0x0,27,33,19,0.0,0.0,7061,7155,2448,2323,1
2026-09-17T22:55:05Z,1984,40.8,2400,2400,2400,2400,0x0,27,33,19,0.0,64.5,7061,7155,2448,2324,1
2026-09-17T22:55:06Z,1986,39.7,2400,2400,2400,2400,0x0,27,33,19,0.0,67.8,7061,7155,2448,2326,1
2026-09-17T22:55:07Z,1987,41.9,2400,2400,2400,2400,0x0,27,33,19,0.0,143.1,7061,7155,2448,2327,1
2026-09-17T22:55:08Z,1988,41.4,2400,2400,2400,2400,0x0,27,33,19,0.0,140.4,7061,7155,2448,2328,1
2026-09-17T22:55:09Z,1989,41.9,2400,2400,2400,2400,0x0,27,33,19,0.0,0.6,7061,7154,2448,2329,1
2026-09-17T22:55:10Z,1990,40.8,2400,2400,2400,2400,0x0,27,33,19,0.0,0.0,7061,7154,2448,2330,1
2026-09-17T22:55:11Z,1991,40.8,2400,2400,2400,2400,0x0,27,33,19,0.0,0.2,7061,7154,2448,2331,1
2026-09-17T22:55:12Z,1992,40.2,2400,2400,2400,2400,0x0,27,33,19,0.0,64.5,7061,7154,2448,2332,1
2026-09-17T22:55:13Z,1993,41.4,2400,2400,2400,2400,0x0,27,33,19,0.0,64.5,7061,7154,2448,2333,1
2026-09-17T22:55:14Z,1994,41.4,2400,2400,2400,2400,0x0,27,33,19,0.0,64.5,7061,7154,2448,2334,1
2026-09-17T22:55:15Z,1995,41.9,2400,2400,2400,2400,0x0,27,33,19,0.0,58.3,7061,7154,2448,2335,1
2026-09-17T22:55:16Z,1996,40.2,2400,2400,2400,2400,0x0,27,33,19,0.0,73.1,7061,7154,2448,2336,1
2026-09-17T22:55:17Z,1997,40.2,2400,2400,2400,2400,0x0,27,33,19,0.0,122.8,7061,7154,2448,2337,1
2026-09-17T22:55:18Z,1998,41.9,2400,2400,2400,2400,0x0,27,33,19,0.0,36.6,7061,7154,2448,2338,1
2026-09-17T22:55:20Z,1999,40.2,2400,2400,2400,2400,0x0,27,33,19,0.0,64.5,7061,7154,2448,2340,1
2026-09-17T22:55:21Z,2001,41.9,2400,2400,2400,2400,0x0,27,33,19,0.0,32.3,7061,7154,2448,2341,1
2026-09-17T22:55:22Z,2002,41.9,2400,2400,2400,2400,0x0,27,33,19,0.0,54.3,7061,7154,2448,2342,1
2026-09-17T22:55:23Z,2003,41.9,2400,2400,2400,2400,0x0,27,33,19,0.0,118.1,7061,7154,2448,2343,1
2026-09-17T22:55:24Z,2004,41.4,2400,2400,2400,2400,0x0,27,33,19,0.0,118.1,7061,7154,2448,2344,1
2026-09-17T22:55:25Z,2005,41.4,2400,2400,2400,2400,0x0,27,33,19,0.0,0.0,7061,7154,2448,2345,1
2026-09-17T22:55:26Z,2006,41.4,2400,2400,2400,2400,0x0,27,33,19,0.0,55.4,7061,7154,2448,2346,1
2026-09-17T22:55:27Z,2007,43.0,2400,2400,2400,2400,0x0,27,33,19,0.0,138.6,7061,7154,2448,2347,1
2026-09-17T22:55:28Z,2008,41.4,2400,2400,2400,2400,0x0,27,33,19,0.0,145.2,7061,7154,2448,2348,1
2026-09-17T22:55:29Z,2009,42.5,2400,2400,2400,2400,0x0,27,33,19,0.0,143.8,7061,7154,2448,2349,1
2026-09-17T22:55:30Z,2010,39.7,2400,2400,2400,2400,0x0,27,33,19,0.0,1.5,7061,7153,2448,2350,1
2026-09-17T22:55:31Z,2011,41.9,2400,2400,2400,2400,0x0,27,33,19,0.0,0.1,7061,7153,2448,2351,1
2026-09-17T22:55:32Z,2012,39.7,2400,2400,2400,2400,0x0,27,33,19,0.0,0.0,7061,7153,2448,2352,1
2026-09-17T22:55:33Z,2013,41.4,2400,2400,2400,2400,0x0,27,33,19,0.0,48.4,7061,7153,2448,2353,1
2026-09-17T22:55:35Z,2014,40.2,2400,2400,2400,2400,0x0,27,33,19,0.0,114.3,7061,7153,2448,2354,1
2026-09-17T22:55:36Z,2016,41.4,2400,2400,2400,2400,0x0,27,33,19,0.0,70.6,7061,7153,2448,2356,1
2026-09-17T22:55:37Z,2017,41.4,2400,2400,2400,2400,0x0,27,33,19,0.0,136.3,7061,7153,2448,2357,1
2026-09-17T22:55:38Z,2018,41.9,2400,2400,2400,2400,0x0,27,33,19,0.0,76.5,7061,7153,2448,2358,1
2026-09-17T22:55:39Z,2019,41.9,2400,2400,2400,2400,0x0,27,33,19,0.0,0.0,7061,7153,2448,2359,1
2026-09-17T22:55:40Z,2020,40.8,2400,2400,2400,2400,0x0,27,33,19,0.0,0.0,7061,7153,2448,2360,1
2026-09-17T22:55:41Z,2021,40.8,2400,2400,2400,2400,0x0,27,33,19,0.0,16.3,7061,7153,2448,2361,1
2026-09-17T22:55:42Z,2022,39.7,2400,2400,2400,2400,0x0,27,33,19,0.0,64.5,7061,7153,2448,2362,1
2026-09-17T22:55:43Z,2023,41.4,2400,2400,2400,2400,0x0,27,33,19,0.0,120.6,7061,7153,2448,2363,1
2026-09-17T22:55:44Z,2024,41.4,2400,2400,2400,2400,0x0,27,33,19,0.0,140.7,7061,7153,2448,2364,1
2026-09-17T22:55:45Z,2025,41.4,2400,2400,2400,2400,0x0,27,33,19,0.0,143.5,7061,7153,2448,2365,1
2026-09-17T22:55:46Z,2026,41.4,2400,2400,2400,2400,0x0,27,33,19,0.0,63.4,7061,7153,2448,2366,1
2026-09-17T22:55:47Z,2027,41.4,2400,2400,2400,2400,0x0,27,33,19,0.0,0.0,7061,7153,2448,2367,1
2026-09-17T22:55:48Z,2028,39.7,2400,2400,2400,2400,0x0,27,33,19,0.0,0.0,7061,7153,2448,2368,1
2026-09-17T22:55:49Z,2029,40.8,2400,2400,2400,2400,0x0,27,33,19,0.0,32.3,7061,7153,2448,2369,1
2026-09-17T22:55:51Z,2030,41.4,2400,2400,2400,2400,0x0,27,33,19,0.0,64.5,7061,7153,2448,2370,1
2026-09-17T22:55:52Z,2032,41.4,2400,2400,2400,2400,0x0,27,33,19,0.0,57.6,7061,7152,2448,2372,1
2026-09-17T22:55:53Z,2033,40.8,2400,2400,2400,2400,0x0,27,33,19,0.0,167.8,7061,7152,2448,2373,1
2026-09-17T22:55:54Z,2034,41.4,2400,2400,2400,2400,0x0,27,33,19,0.0,72.3,7061,7152,2448,2374,1
2026-09-17T22:55:55Z,2035,39.7,2400,2400,2400,2400,0x0,27,33,19,0.0,0.0,7061,7152,2448,2375,1
2026-09-17T22:55:56Z,2036,40.2,2400,2400,2400,2400,0x0,27,33,19,0.0,0.0,7061,7152,2448,2376,1
2026-09-17T22:55:57Z,2037,41.4,2400,2400,2400,2400,0x0,27,33,19,0.0,48.5,7061,7152,2448,2377,1
2026-09-17T22:55:58Z,2038,41.9,2400,2400,2400,2400,0x0,27,33,19,0.0,72.9,7061,7152,2448,2378,1
2026-09-17T22:55:59Z,2039,40.8,2400,2400,2400,2400,0x0,27,33,19,0.0,72.3,7061,7152,2448,2379,1
2026-09-17T22:56:00Z,2040,41.9,2400,2400,2400,2400,0x0,27,33,19,0.0,74.0,7061,7152,2448,2380,1
2026-09-17T22:56:01Z,2041,40.8,2400,2400,2400,2400,0x0,27,33,19,0.0,85.3,7061,7152,2448,2381,1
2026-09-17T22:56:03Z,2042,41.4,2400,2400,2400,2400,0x0,27,33,19,0.0,99.2,7061,7151,2448,2382,1
2026-09-17T22:56:04Z,2044,41.4,2400,2400,2400,2400,0x0,27,33,19,0.0,16.1,7061,7151,2448,2384,1
2026-09-17T22:56:05Z,2045,41.4,2400,2400,2400,2400,0x0,27,33,19,0.0,51.4,7061,7151,2448,2385,1
2026-09-17T22:56:06Z,2046,42.5,2400,2400,2400,2400,0x0,27,33,19,0.0,140.7,7061,7151,2448,2386,1
2026-09-17T22:56:07Z,2047,41.4,2400,2400,2400,2400,0x0,27,33,19,0.0,133.4,7061,7151,2448,2387,1
2026-09-17T22:56:08Z,2048,41.4,2400,2400,2400,2400,0x0,27,33,19,0.0,142.4,7061,7151,2448,2388,1
2026-09-17T22:56:09Z,2049,40.2,2400,2400,2400,2400,0x0,27,33,19,0.0,48.4,7061,7151,2448,2389,1
2026-09-17T22:56:10Z,2050,41.9,2400,2400,2400,2400,0x0,27,33,19,0.0,0.0,7061,7151,2448,2390,1
2026-09-17T22:56:11Z,2051,41.4,2400,2400,2400,2400,0x0,27,33,19,0.0,0.0,7061,7151,2448,2391,1
2026-09-17T22:56:12Z,2052,41.9,2400,2400,2400,2400,0x0,27,33,19,0.0,32.4,7061,7151,2448,2392,1
2026-09-17T22:56:13Z,2053,41.9,2400,2400,2400,2400,0x0,27,33,19,0.0,58.1,7061,7151,2448,2393,1
2026-09-17T22:56:14Z,2054,40.2,2400,2400,2400,2400,0x0,27,33,19,0.0,123.7,7061,7151,2448,2394,1
2026-09-17T22:56:15Z,2055,40.2,2400,2400,2400,2400,0x0,27,33,19,0.0,142.3,7061,7151,2448,2395,1
2026-09-17T22:56:16Z,2056,39.7,2400,2400,2400,2400,0x0,27,33,19,0.0,95.5,7061,7151,2448,2396,1
2026-09-17T22:56:18Z,2057,41.9,2400,2400,2400,2400,0x0,27,33,19,0.0,0.1,7061,7151,2448,2397,1
2026-09-17T22:56:19Z,2059,41.4,2400,2400,2400,2400,0x0,27,33,19,0.0,0.0,7061,7151,2448,2399,1
2026-09-17T22:56:20Z,2060,40.2,2400,2400,2400,2400,0x0,27,33,19,0.0,99.6,7061,7151,2448,2400,1
2026-09-17T22:56:21Z,2061,40.8,2400,2400,2400,2400,0x0,27,33,19,0.0,141.0,7061,7151,2448,2401,1
2026-09-17T22:56:22Z,2062,41.9,2400,2400,2400,2400,0x0,27,33,19,0.0,139.0,7061,7151,2448,2402,1
2026-09-17T22:56:23Z,2063,40.2,2400,2400,2400,2400,0x0,27,33,19,0.0,72.4,7061,7151,2448,2403,1
2026-09-17T22:56:24Z,2064,41.4,2400,2400,2400,2400,0x0,26,33,19,0.0,0.0,7061,7150,2448,2404,1
2026-09-17T22:56:25Z,2065,40.8,2400,2400,2400,2400,0x0,26,33,19,0.0,0.0,7061,7150,2448,2405,1
2026-09-17T22:56:26Z,2066,41.4,2400,2400,2400,2400,0x0,26,33,19,0.0,32.3,7061,7150,2448,2406,1
2026-09-17T22:56:27Z,2067,41.4,2400,2400,2400,2400,0x0,26,33,19,0.0,56.9,7061,7150,2448,2407,1
2026-09-17T22:56:28Z,2068,41.4,2400,2400,2400,2400,0x0,26,33,19,0.0,133.3,7061,7150,2448,2408,1
2026-09-17T22:56:29Z,2069,41.4,2400,2400,2400,2400,0x0,26,33,19,0.0,141.2,7061,7150,2448,2409,1
2026-09-17T22:56:30Z,2070,41.4,2400,2400,2400,2400,0x0,26,33,19,0.0,140.8,7061,7150,2448,2410,1
2026-09-17T22:56:31Z,2071,41.4,2400,2400,2400,2400,0x0,26,33,19,0.0,44.5,7061,7150,2448,2411,1
2026-09-17T22:56:33Z,2072,41.4,2400,2400,2400,2400,0x0,26,33,19,0.0,0.0,7061,7150,2448,2412,1
2026-09-17T22:56:34Z,2074,41.4,2400,2400,2400,2400,0x0,26,33,19,0.0,0.1,7061,7150,2448,2414,1
2026-09-17T22:56:35Z,2075,40.8,2400,2400,2400,2400,0x0,26,33,19,0.0,18.8,7061,7149,2448,2415,1
2026-09-17T22:56:36Z,2076,40.8,2400,2400,2400,2400,0x0,26,33,19,0.0,76.6,7061,7149,2448,2416,1
2026-09-17T22:56:37Z,2077,41.4,2400,2400,2400,2400,0x0,26,33,19,0.0,107.7,7061,7149,2448,2417,1
2026-09-17T22:56:38Z,2078,41.4,2400,2400,2400,2400,0x0,26,33,19,0.0,125.7,7061,7149,2448,2418,1
2026-09-17T22:56:39Z,2079,41.9,2400,2400,2400,2400,0x0,26,33,19,0.0,123.1,7061,7149,2448,2419,1
2026-09-17T22:56:40Z,2080,41.9,2400,2400,2400,2400,0x0,26,33,19,0.0,0.0,7061,7149,2448,2420,1
2026-09-17T22:56:41Z,2081,40.8,2400,2400,2400,2400,0x0,26,33,19,0.0,0.0,7061,7149,2448,2421,1
2026-09-17T22:56:42Z,2082,40.2,2400,2400,2400,2400,0x0,26,33,19,0.0,51.0,7061,7149,2448,2422,1
2026-09-17T22:56:43Z,2083,41.4,2400,2400,2400,2400,0x0,26,33,19,0.0,73.8,7061,7149,2448,2423,1
2026-09-17T22:56:44Z,2084,40.8,2400,2400,2400,2400,0x0,26,33,19,0.0,96.0,7061,7149,2448,2424,1
2026-09-17T22:56:45Z,2085,41.4,2400,2400,2400,2400,0x0,26,33,19,0.0,59.9,7061,7149,2448,2425,1
2026-09-17T22:56:47Z,2086,40.8,2400,2400,2400,2400,0x0,26,33,19,0.0,58.2,7061,7149,2448,2426,1
2026-09-17T22:56:48Z,2088,41.9,2400,2400,2400,2400,0x0,26,33,19,0.0,56.5,7061,7149,2448,2428,1
2026-09-17T22:56:49Z,2089,41.4,2400,2400,2400,2400,0x0,26,33,19,0.0,32.4,7061,7149,2448,2429,1
2026-09-17T22:56:50Z,2090,41.9,2400,2400,2400,2400,0x0,26,33,19,0.0,59.9,7061,7149,2448,2430,1
2026-09-17T22:56:51Z,2091,41.9,2400,2400,2400,2400,0x0,26,33,19,0.0,86.6,7061,7149,2448,2431,1
2026-09-17T22:56:52Z,2092,40.8,2400,2400,2400,2400,0x0,26,33,19,0.0,80.7,7061,7149,2448,2432,1
2026-09-17T22:56:53Z,2093,41.4,2400,2400,2400,2400,0x0,26,33,19,0.0,143.0,7061,7149,2448,2433,1
2026-09-17T22:56:54Z,2094,41.9,2400,2400,2400,2400,0x0,26,33,19,0.0,49.5,7061,7149,2448,2434,1
2026-09-17T22:56:55Z,2095,41.9,2400,2400,2400,2400,0x0,26,33,19,0.0,0.0,7061,7149,2448,2435,1
2026-09-17T22:56:56Z,2096,41.9,2400,2400,2400,2400,0x0,26,33,19,0.0,55.2,7061,7148,2448,2436,1
2026-09-17T22:56:57Z,2097,41.4,2400,2400,2400,2400,0x0,26,33,19,0.0,100.5,7061,7148,2448,2437,1
2026-09-17T22:56:59Z,2099,40.2,2400,2400,2400,2400,0x0,26,33,19,0.0,65.5,7061,7148,2448,2439,1
2026-09-17T22:57:00Z,2100,40.8,2400,2400,2400,2400,0x0,26,33,19,0.0,140.1,7061,7148,2448,2440,1
2026-09-17T22:57:01Z,2101,41.4,2400,2400,2400,2400,0x0,26,33,19,0.0,25.3,7061,7148,2448,2441,1
2026-09-17T22:57:02Z,2102,41.9,2400,2400,2400,2400,0x0,26,33,19,0.0,0.0,7061,7148,2448,2442,1
2026-09-17T22:57:03Z,2103,41.9,2400,2400,2400,2400,0x0,26,33,19,0.0,52.6,7061,7148,2448,2443,1
2026-09-17T22:57:04Z,2104,41.4,2400,2400,2400,2400,0x0,26,33,19,0.0,73.1,7061,7148,2448,2444,1
2026-09-17T22:57:05Z,2105,40.8,2400,2400,2400,2400,0x0,26,33,19,0.0,68.1,7061,7148,2448,2445,1
2026-09-17T22:57:06Z,2106,40.2,2400,2400,2400,2400,0x0,26,33,19,0.0,64.5,7061,7148,2448,2446,1
2026-09-17T22:57:07Z,2107,41.4,2400,2400,2400,2400,0x0,26,33,19,0.0,64.5,7061,7147,2448,2447,1
2026-09-17T22:57:08Z,2108,42.5,2400,2400,2400,2400,0x0,26,33,19,0.0,129.1,7061,7147,2448,2448,1
2026-09-17T22:57:09Z,2109,41.9,2400,2400,2400,2400,0x0,26,33,19,0.0,9.7,7061,7147,2448,2449,1
2026-09-17T22:57:10Z,2110,40.2,2400,2400,2400,2400,0x0,26,33,19,0.0,73.9,7061,7147,2448,2450,1
2026-09-17T22:57:11Z,2111,41.4,2400,2400,2400,2400,0x0,26,33,19,0.0,72.4,7061,7147,2448,2451,1
2026-09-17T22:57:12Z,2112,40.2,2400,2400,2400,2400,0x0,26,33,19,0.0,54.1,7061,7147,2448,2452,1
2026-09-17T22:57:14Z,2113,40.2,2400,2400,2400,2400,0x0,26,33,19,0.0,108.6,7061,7147,2448,2453,1
2026-09-17T22:57:15Z,2115,40.8,2400,2400,2400,2400,0x0,26,33,19,0.0,66.8,7061,7147,2448,2455,1
2026-09-17T22:57:16Z,2116,41.4,2400,2400,2400,2400,0x0,26,33,19,0.0,0.0,7061,7147,2448,2456,1
2026-09-17T22:57:17Z,2117,41.9,2400,2400,2400,2400,0x0,26,33,19,0.0,38.6,7061,7147,2448,2457,1
2026-09-17T22:57:18Z,2118,40.2,2400,2400,2400,2400,0x0,26,33,19,0.0,74.4,7061,7147,2448,2458,1
2026-09-17T22:57:19Z,2119,40.2,2400,2400,2400,2400,0x0,26,33,19,0.0,131.3,7061,7147,2448,2459,1
2026-09-17T22:57:20Z,2120,41.4,2400,2400,2400,2400,0x0,26,33,19,0.0,136.7,7061,7147,2448,2460,1
2026-09-17T22:57:21Z,2121,40.2,2400,2400,2400,2400,0x0,26,33,19,0.0,71.0,7061,7147,2448,2461,1
2026-09-17T22:57:22Z,2122,41.4,2400,2400,2400,2400,0x0,26,33,19,0.0,0.0,7061,7147,2448,2462,1
2026-09-17T22:57:23Z,2123,41.4,2400,2400,2400,2400,0x0,26,33,19,0.0,0.0,7061,7147,2448,2463,1
2026-09-17T22:57:24Z,2124,41.9,2400,2400,2400,2400,0x0,26,33,19,0.0,68.4,7061,7147,2448,2464,1
2026-09-17T22:57:25Z,2125,40.2,2400,2400,2400,2400,0x0,26,33,19,0.0,72.4,7061,7147,2448,2465,1
2026-09-17T22:57:26Z,2126,41.4,2400,2400,2400,2400,0x0,26,33,19,0.0,74.6,7061,7147,2448,2466,1
2026-09-17T22:57:27Z,2127,41.4,2400,2400,2400,2400,0x0,26,33,19,0.0,59.0,7061,7147,2448,2467,1
2026-09-17T22:57:29Z,2128,41.4,2400,2400,2400,2400,0x0,26,33,19,0.0,77.1,7061,7146,2448,2469,1
2026-09-17T22:57:30Z,2130,41.9,2400,2400,2400,2400,0x0,26,33,19,0.0,79.2,7061,7146,2448,2470,1
2026-09-17T22:57:31Z,2131,40.2,2400,2400,2400,2400,0x0,26,33,19,0.0,140.8,7061,7146,2448,2471,1
2026-09-17T22:57:32Z,2132,41.4,2400,2400,2400,2400,0x0,26,33,19,0.0,124.0,7061,7146,2448,2472,1
2026-09-17T22:57:33Z,2133,41.4,2400,2400,2400,2400,0x0,26,33,19,0.0,0.0,7061,7146,2448,2473,1
2026-09-17T22:57:34Z,2134,40.2,2400,2400,2400,2400,0x0,26,33,19,0.0,0.0,7061,7146,2448,2474,1
2026-09-17T22:57:35Z,2135,40.8,2400,2400,2400,2400,0x0,26,33,19,0.0,0.1,7061,7146,2448,2475,1
2026-09-17T22:57:36Z,2136,41.9,2400,2400,2400,2400,0x0,26,33,19,0.0,48.4,7061,7146,2448,2476,1
2026-09-17T22:57:37Z,2137,41.4,2400,2400,2400,2400,0x0,26,33,19,0.0,89.1,7061,7146,2448,2477,1
2026-09-17T22:57:38Z,2138,41.4,2400,2400,2400,2400,0x0,26,33,19,0.0,144.4,7061,7146,2448,2478,1
2026-09-17T22:57:39Z,2139,41.9,2400,2400,2400,2400,0x0,26,33,19,0.0,145.2,7061,7145,2448,2479,1
2026-09-17T22:57:41Z,2140,41.4,2400,2400,2400,2400,0x0,26,33,19,0.0,24.8,7061,7145,2448,2480,1
2026-09-17T22:57:42Z,2142,40.8,2400,2400,2400,2400,0x0,26,33,19,0.0,0.0,7061,7145,2448,2482,1
2026-09-17T22:57:43Z,2143,40.8,2400,2400,2400,2400,0x0,26,33,19,0.0,60.7,7061,7145,2448,2483,1
2026-09-17T22:57:44Z,2144,41.9,2400,2400,2400,2400,0x0,26,33,19,0.0,144.4,7061,7145,2448,2484,1
2026-09-17T22:57:45Z,2145,41.4,2400,2400,2400,2400,0x0,26,33,19,0.0,136.0,7061,7145,2448,2485,1
2026-09-17T22:57:46Z,2146,41.4,2400,2400,2400,2400,0x0,26,33,19,0.0,110.8,7061,7145,2448,2486,1
2026-09-17T22:57:47Z,2147,40.8,2400,2400,2400,2400,0x0,26,33,19,0.0,0.0,7061,7145,2448,2487,1
2026-09-17T22:57:48Z,2148,41.4,2400,2400,2400,2400,0x0,26,33,19,0.0,0.0,7061,7145,2448,2488,1
2026-09-17T22:57:49Z,2149,42.5,2400,2400,2400,2400,0x0,26,33,19,0.0,0.0,7061,7145,2448,2489,1
2026-09-17T22:57:50Z,2150,41.4,2400,2400,2400,2400,0x0,26,33,19,0.0,48.5,7061,7145,2448,2490,1
2026-09-17T22:57:51Z,2151,41.4,2400,2400,2400,2400,0x0,26,33,19,0.0,109.3,7061,7145,2448,2491,1
2026-09-17T22:57:52Z,2152,41.9,2400,2400,2400,2400,0x0,26,33,19,0.0,155.1,7061,7145,2448,2492,1
2026-09-17T22:57:53Z,2153,40.8,2400,2400,2400,2400,0x0,26,33,19,0.0,139.1,7061,7145,2448,2493,1
2026-09-17T22:57:55Z,2154,40.8,2400,2400,2400,2400,0x0,26,33,19,0.0,0.0,7061,7145,2448,2494,1
2026-09-17T22:57:56Z,2156,41.9,2400,2400,2400,2400,0x0,26,33,19,0.0,0.1,7061,7145,2448,2496,1
2026-09-17T22:57:57Z,2157,43.0,2400,2400,2400,2400,0x0,26,33,19,0.0,32.3,7061,7145,2448,2497,1
2026-09-17T22:57:58Z,2158,40.2,2400,2400,2400,2400,0x0,26,33,19,0.0,59.4,7061,7145,2448,2498,1
2026-09-17T22:57:59Z,2159,41.4,2400,2400,2400,2400,0x0,26,33,19,0.0,69.7,7061,7145,2448,2499,1
2026-09-17T22:58:00Z,2160,40.8,2400,2400,2400,2400,0x0,26,33,19,0.0,80.8,7061,7145,2448,2500,1
2026-09-17T22:58:01Z,2161,41.9,2400,2400,2400,2400,0x0,26,33,19,0.0,64.5,7061,7144,2448,2501,1
2026-09-17T22:58:02Z,2162,40.8,2400,2400,2400,2400,0x0,26,33,19,0.0,102.5,7061,7144,2448,2502,1
2026-09-17T22:58:03Z,2163,41.4,2400,2400,2400,2400,0x0,26,33,19,0.0,44.2,7061,7144,2448,2503,1
2026-09-17T22:58:04Z,2164,41.4,2400,2400,2400,2400,0x0,26,33,19,0.0,73.7,7061,7144,2448,2504,1
2026-09-17T22:58:05Z,2165,40.8,2400,2400,2400,2400,0x0,26,33,19,0.0,73.1,7061,7144,2448,2505,1
2026-09-17T22:58:06Z,2166,41.4,2400,2400,2400,2400,0x0,26,33,19,0.0,61.8,7061,7144,2448,2506,1
2026-09-17T22:58:07Z,2167,41.4,2400,2400,2400,2400,0x0,26,33,19,0.0,106.5,7061,7144,2448,2507,1
2026-09-17T22:58:09Z,2168,41.4,2400,2400,2400,2400,0x0,26,33,19,0.0,139.3,7061,7144,2448,2508,1
2026-09-17T22:58:10Z,2170,40.2,2400,2400,2400,2400,0x0,26,33,19,0.0,71.4,7061,7144,2448,2510,1
2026-09-17T22:58:11Z,2171,40.8,2400,2400,2400,2400,0x0,26,33,19,0.0,79.5,7061,7144,2448,2511,1
2026-09-17T22:58:12Z,2172,41.9,2400,2400,2400,2400,0x0,26,33,19,0.0,0.0,7061,7143,2448,2512,1
2026-09-17T22:58:13Z,2173,41.4,2400,2400,2400,2400,0x0,26,33,19,0.0,0.0,7061,7143,2448,2513,1
2026-09-17T22:58:14Z,2174,41.4,2400,2400,2400,2400,0x0,26,33,19,0.0,25.8,7061,7143,2448,2514,1
2026-09-17T22:58:15Z,2175,41.9,2400,2400,2400,2400,0x0,26,33,19,0.0,53.4,7061,7143,2448,2515,1
2026-09-17T22:58:16Z,2176,41.9,2400,2400,2400,2400,0x0,26,33,19,0.0,111.7,7061,7143,2448,2516,1
2026-09-17T22:58:17Z,2177,41.9,2400,2400,2400,2400,0x0,26,33,19,0.0,141.8,7061,7143,2448,2517,1
2026-09-17T22:58:18Z,2178,41.9,2400,2400,2400,2400,0x0,26,33,19,0.0,140.9,7061,7143,2448,2518,1
2026-09-17T22:58:19Z,2179,41.4,2400,2400,2400,2400,0x0,26,33,19,0.0,75.3,7061,7143,2448,2519,1
2026-09-17T22:58:20Z,2180,40.8,2400,2400,2400,2400,0x0,26,33,19,0.0,0.1,7061,7143,2448,2520,1
2026-09-17T22:58:21Z,2181,41.4,2400,2400,2400,2400,0x0,26,33,19,0.0,0.0,7061,7143,2448,2521,1
2026-09-17T22:58:22Z,2182,42.5,2400,2400,2400,2400,0x0,26,33,19,0.0,29.8,7061,7143,2448,2522,1
2026-09-17T22:58:24Z,2183,41.4,2400,2400,2400,2400,0x0,26,33,19,0.0,50.9,7061,7143,2448,2523,1
2026-09-17T22:58:25Z,2185,40.8,2400,2400,2400,2400,0x0,26,33,19,0.0,49.1,7061,7143,2448,2525,1
2026-09-17T22:58:26Z,2186,42.5,2400,2400,2400,2400,0x0,26,33,19,0.0,148.1,7061,7143,2448,2526,1
2026-09-17T22:58:27Z,2187,41.4,2400,2400,2400,2400,0x0,26,33,19,0.0,125.2,7061,7143,2448,2527,1
2026-09-17T22:58:28Z,2188,41.4,2400,2400,2400,2400,0x0,26,33,19,0.0,0.0,7061,7143,2448,2528,1
2026-09-17T22:58:29Z,2189,40.8,2400,2400,2400,2400,0x0,26,33,19,0.0,0.0,7061,7143,2448,2529,1
2026-09-17T22:58:30Z,2190,41.4,2400,2400,2400,2400,0x0,26,33,19,0.0,48.4,7061,7143,2448,2530,1
2026-09-17T22:58:31Z,2191,40.2,2400,2400,2400,2400,0x0,26,33,19,0.0,115.0,7061,7143,2448,2531,1
2026-09-17T22:58:32Z,2192,41.9,2400,2400,2400,2400,0x0,26,33,19,0.0,141.0,7061,7143,2448,2532,1
2026-09-17T22:58:34Z,2193,41.9,2400,2400,2400,2400,0x0,26,33,19,0.0,157.1,7061,7142,2448,2533,1
2026-09-17T22:58:35Z,2195,41.9,2400,2400,2400,2400,0x0,26,33,19,0.0,27.4,7061,7142,2448,2535,1
2026-09-17T22:58:36Z,2196,40.8,2400,2400,2400,2400,0x0,26,33,19,0.0,0.0,7061,7142,2448,2536,1
2026-09-17T22:58:37Z,2197,41.4,2400,2400,2400,2400,0x0,26,33,19,0.0,0.1,7061,7142,2448,2537,1
2026-09-17T22:58:38Z,2198,43.0,2400,2400,2400,2400,0x0,26,33,19,0.0,44.0,7061,7142,2448,2538,1
2026-09-17T22:58:39Z,2199,41.4,2400,2400,2400,2400,0x0,26,33,19,0.0,62.3,7061,7142,2448,2539,1
2026-09-17T22:58:40Z,2200,42.5,2400,2400,2400,2400,0x0,26,33,19,0.0,146.9,7061,7142,2448,2540,1
2026-09-17T22:58:41Z,2201,40.8,2400,2400,2400,2400,0x0,26,33,19,0.0,135.6,7061,7142,2448,2541,1
2026-09-17T22:58:42Z,2202,41.4,2400,2400,2400,2400,0x0,26,33,19,0.0,140.9,7061,7142,2448,2542,1
2026-09-17T22:58:43Z,2203,41.4,2400,2400,2400,2400,0x0,26,33,19,0.0,19.2,7061,7142,2448,2543,1
2026-09-17T22:58:44Z,2204,41.9,2400,2400,2400,2400,0x0,26,33,19,0.0,0.0,7061,7141,2448,2544,1
2026-09-17T22:58:45Z,2205,41.9,2400,2400,2400,2400,0x0,26,33,19,0.0,0.0,7061,7141,2448,2545,1
2026-09-17T22:58:46Z,2206,40.2,2400,2400,2400,2400,0x0,26,33,19,0.0,55.4,7061,7141,2448,2546,1
2026-09-17T22:58:47Z,2207,41.9,2400,2400,2400,2400,0x0,26,33,19,0.0,142.3,7061,7141,2448,2547,1
2026-09-17T22:58:48Z,2208,41.4,2400,2400,2400,2400,0x0,26,33,19,0.0,140.4,7061,7141,2448,2548,1
2026-09-17T22:58:50Z,2210,41.4,2400,2400,2400,2400,0x0,26,33,19,0.0,73.1,7061,7141,2448,2550,1
2026-09-17T22:58:51Z,2211,40.8,2400,2400,2400,2400,0x0,26,33,19,0.0,0.0,7061,7141,2448,2551,1
2026-09-17T22:58:52Z,2212,40.2,2400,2400,2400,2400,0x0,26,33,19,0.0,0.1,7061,7141,2448,2552,1
2026-09-17T22:58:53Z,2213,40.8,2400,2400,2400,2400,0x0,26,33,19,0.0,0.0,7061,7141,2448,2553,1
2026-09-17T22:58:54Z,2214,41.4,2400,2400,2400,2400,0x0,26,33,19,0.0,59.9,7061,7141,2448,2554,1
2026-09-17T22:58:55Z,2215,40.8,2400,2400,2400,2400,0x0,26,33,19,0.0,53.0,7061,7141,2448,2555,1
2026-09-17T22:58:56Z,2216,40.8,2400,2400,2400,2400,0x0,26,33,19,0.0,110.7,7061,7141,2448,2556,1
2026-09-17T22:58:57Z,2217,41.4,2400,2400,2400,2400,0x0,26,33,19,0.0,134.6,7061,7141,2448,2557,1
2026-09-17T22:58:58Z,2218,41.4,2400,2400,2400,2400,0x0,26,33,19,0.0,144.9,7061,7141,2448,2558,1
2026-09-17T22:58:59Z,2219,41.4,2400,2400,2400,2400,0x0,26,33,19,0.0,78.0,7061,7141,2448,2559,1
2026-09-17T22:59:00Z,2220,41.9,2400,2400,2400,2400,0x0,26,33,19,0.0,0.0,7061,7141,2448,2560,1
2026-09-17T22:59:01Z,2221,41.4,2400,2400,2400,2400,0x0,26,33,19,0.0,0.0,7061,7141,2448,2561,1
2026-09-17T22:59:02Z,2222,41.4,2400,2400,2400,2400,0x0,26,33,19,0.0,32.4,7061,7141,2448,2562,1
2026-09-17T22:59:04Z,2223,41.4,2400,2400,2400,2400,0x0,26,33,19,0.0,61.0,7061,7141,2448,2563,1
2026-09-17T22:59:05Z,2225,41.9,2400,2400,2400,2400,0x0,26,33,19,0.0,74.4,7061,7141,2448,2565,1
2026-09-17T22:59:06Z,2226,40.8,2400,2400,2400,2400,0x0,26,33,19,0.0,146.3,7061,7140,2448,2566,1
2026-09-17T22:59:07Z,2227,41.4,2400,2400,2400,2400,0x0,26,33,19,0.0,128.2,7061,7140,2448,2567,1
2026-09-17T22:59:08Z,2228,40.2,2400,2400,2400,2400,0x0,26,33,19,0.0,0.0,7061,7140,2448,2568,1
2026-09-17T22:59:09Z,2229,41.4,2400,2400,2400,2400,0x0,26,33,19,0.0,0.0,7061,7140,2448,2569,1
2026-09-17T22:59:10Z,2230,41.9,2400,2400,2400,2400,0x0,26,33,19,0.0,0.0,7061,7140,2448,2570,1
2026-09-17T22:59:11Z,2231,40.8,2400,2400,2400,2400,0x0,26,33,19,0.0,55.0,7061,7140,2448,2571,1
2026-09-17T22:59:12Z,2232,41.4,2400,2400,2400,2400,0x0,26,33,19,0.0,94.8,7061,7140,2448,2572,1
2026-09-17T22:59:13Z,2233,41.4,2400,2400,2400,2400,0x0,26,33,19,0.0,140.9,7061,7140,2448,2573,1
2026-09-17T22:59:14Z,2234,40.8,2400,2400,2400,2400,0x0,26,33,19,0.0,145.2,7061,7140,2448,2574,1
2026-09-17T22:59:15Z,2235,40.8,2400,2400,2400,2400,0x0,26,33,19,0.0,16.1,7061,7140,2448,2575,1
2026-09-17T22:59:17Z,2236,41.4,2400,2400,2400,2400,0x0,26,33,19,0.0,0.0,7061,7140,2448,2576,1
2026-09-17T22:59:18Z,2238,41.4,2400,2400,2400,2400,0x0,26,33,19,0.0,16.2,7061,7140,2448,2578,1
2026-09-17T22:59:19Z,2239,41.4,2400,2400,2400,2400,0x0,26,33,19,0.0,55.0,7061,7140,2448,2579,1
2026-09-17T22:59:20Z,2240,40.8,2400,2400,2400,2400,0x0,26,33,19,0.0,139.3,7061,7140,2448,2580,1
2026-09-17T22:59:21Z,2241,41.4,2400,2400,2400,2400,0x0,26,33,19,0.0,141.7,7061,7140,2448,2581,1
2026-09-17T22:59:22Z,2242,41.4,2400,2400,2400,2400,0x0,26,33,19,0.0,142.2,7061,7140,2448,2582,1
2026-09-17T22:59:23Z,2243,40.2,2400,2400,2400,2400,0x0,26,33,19,0.0,38.3,7061,7140,2448,2583,1
2026-09-17T22:59:24Z,2244,41.4,2400,2400,2400,2400,0x0,26,33,19,0.0,0.0,7061,7140,2448,2584,1
2026-09-17T22:59:25Z,2245,39.7,2400,2400,2400,2400,0x0,26,33,19,0.0,0.0,7061,7140,2448,2585,1
2026-09-17T22:59:26Z,2246,40.2,2400,2400,2400,2400,0x0,26,33,19,0.0,32.3,7061,7140,2448,2586,1
2026-09-17T22:59:27Z,2247,41.9,2400,2400,2400,2400,0x0,26,33,19,0.0,91.7,7061,7139,2448,2587,1
2026-09-17T22:59:28Z,2248,41.4,2400,2400,2400,2400,0x0,26,33,19,0.0,130.7,7061,7139,2448,2588,1
2026-09-17T22:59:29Z,2249,41.4,2400,2400,2400,2400,0x0,26,33,19,0.0,143.4,7061,7139,2448,2589,1
2026-09-17T22:59:30Z,2250,40.8,2400,2400,2400,2400,0x0,26,33,19,0.0,118.6,7061,7139,2448,2590,1
2026-09-17T22:59:32Z,2251,41.4,2400,2400,2400,2400,0x0,26,33,19,0.0,0.0,7061,7139,2448,2591,1
2026-09-17T22:59:33Z,2253,41.4,2400,2400,2400,2400,0x0,26,33,19,0.0,0.0,7061,7139,2448,2593,1
2026-09-17T22:59:34Z,2254,41.9,2400,2400,2400,2400,0x0,26,33,19,0.0,0.1,7061,7139,2448,2594,1
2026-09-17T22:59:35Z,2255,41.9,2400,2400,2400,2400,0x0,26,33,19,0.0,58.1,7061,7139,2448,2595,1
2026-09-17T22:59:36Z,2256,41.4,2400,2400,2400,2400,0x0,26,33,19,0.0,136.6,7061,7139,2448,2596,1
2026-09-17T22:59:37Z,2257,40.8,2400,2400,2400,2400,0x0,26,33,19,0.0,142.7,7061,7139,2448,2597,1
2026-09-17T22:59:38Z,2258,41.4,2400,2400,2400,2400,0x0,26,33,19,0.0,132.8,7061,7138,2448,2598,1
2026-09-17T22:59:39Z,2259,41.9,2400,2400,2400,2400,0x0,26,33,19,0.0,46.3,7061,7138,2448,2599,1
2026-09-17T22:59:40Z,2260,41.4,2400,2400,2400,2400,0x0,26,33,19,0.0,0.0,7061,7138,2448,2600,1
2026-09-17T22:59:41Z,2261,41.9,2400,2400,2400,2400,0x0,26,33,19,0.0,0.0,7061,7138,2448,2601,1
2026-09-17T22:59:42Z,2262,40.8,2400,2400,2400,2400,0x0,26,33,19,0.0,48.4,7061,7138,2448,2602,1
2026-09-17T22:59:43Z,2263,41.4,2400,2400,2400,2400,0x0,26,33,19,0.0,98.2,7061,7138,2448,2603,1
2026-09-17T22:59:45Z,2264,40.8,2400,2400,2400,2400,0x0,26,33,19,0.0,144.0,7061,7138,2448,2604,1
2026-09-17T22:59:46Z,2266,41.4,2400,2400,2400,2400,0x0,26,33,19,0.0,68.3,7061,7138,2448,2606,1
2026-09-17T22:59:47Z,2267,41.9,2400,2400,2400,2400,0x0,26,33,19,0.0,89.2,7061,7138,2448,2607,1
2026-09-17T22:59:48Z,2268,43.0,2400,2400,2400,2400,0x0,26,33,19,0.0,0.0,7061,7138,2448,2608,1
2026-09-17T22:59:49Z,2269,41.4,2400,2400,2400,2400,0x0,26,33,19,0.0,0.1,7061,7138,2448,2609,1
2026-09-17T22:59:50Z,2270,41.4,2400,2400,2400,2400,0x0,26,33,19,0.0,28.5,7061,7138,2448,2610,1
2026-09-17T22:59:51Z,2271,41.9,2400,2400,2400,2400,0x0,26,33,19,0.0,74.1,7061,7138,2448,2611,1
2026-09-17T22:59:52Z,2272,39.7,2400,2400,2400,2400,0x0,26,33,19,0.0,144.7,7061,7138,2448,2612,1
2026-09-17T22:59:53Z,2273,40.2,2400,2400,2400,2400,0x0,26,33,19,0.0,132.4,7061,7138,2448,2613,1
2026-09-17T22:59:54Z,2274,41.9,2400,2400,2400,2400,0x0,26,33,19,0.0,136.8,7061,7138,2448,2614,1
2026-09-17T22:59:55Z,2275,41.4,2400,2400,2400,2400,0x0,26,33,19,0.0,0.0,7061,7138,2448,2615,1
2026-09-17T22:59:56Z,2276,39.7,2400,2400,2400,2400,0x0,26,33,19,0.0,0.0,7061,7138,2448,2616,1
2026-09-17T22:59:57Z,2277,42.5,2400,2400,2400,2400,0x0,26,33,19,0.0,0.0,7061,7138,2448,2617,1
2026-09-17T22:59:58Z,2278,41.4,2400,2400,2400,2400,0x0,26,33,19,0.0,48.5,7061,7138,2448,2618,1
2026-09-17T23:00:00Z,2279,40.2,2400,2400,2400,2400,0x0,26,33,19,0.0,113.1,7061,7137,2448,2619,1
2026-09-17T23:00:01Z,2281,41.9,2400,2400,2400,2400,0x0,26,33,19,0.0,72.0,7061,7137,2448,2621,1
2026-09-17T23:00:02Z,2282,41.9,2400,2400,2400,2400,0x0,26,33,19,0.0,148.1,7061,7137,2448,2622,1
2026-09-17T23:00:03Z,2283,40.8,2400,2400,2400,2400,0x0,26,33,19,0.0,62.8,7061,7137,2448,2623,1
2026-09-17T23:00:04Z,2284,40.2,2400,2400,2400,2400,0x0,26,33,19,0.0,0.1,7061,7137,2448,2624,1
2026-09-17T23:00:05Z,2285,41.9,2400,2400,2400,2400,0x0,26,33,19,0.0,0.0,7061,7137,2448,2625,1
2026-09-17T23:00:06Z,2286,39.7,2400,2400,2400,2400,0x0,26,33,19,0.0,32.3,7061,7137,2448,2626,1
2026-09-17T23:00:07Z,2287,41.4,2400,2400,2400,2400,0x0,26,33,19,0.0,72.9,7061,7137,2448,2627,1
2026-09-17T23:00:08Z,2288,41.4,2400,2400,2400,2400,0x0,26,33,19,0.0,140.2,7061,7137,2448,2628,1
2026-09-17T23:00:09Z,2289,41.4,2400,2400,2400,2400,0x0,26,33,19,0.0,127.2,7061,7137,2448,2629,1
2026-09-17T23:00:10Z,2290,41.4,2400,2400,2400,2400,0x0,26,33,19,0.0,142.7,7061,7136,2448,2630,1
2026-09-17T23:00:11Z,2291,41.9,2400,2400,2400,2400,0x0,26,33,19,0.0,1.2,7061,7136,2448,2631,1
2026-09-17T23:00:12Z,2292,41.4,2400,2400,2400,2400,0x0,26,33,19,0.0,0.0,7061,7136,2448,2632,1
2026-09-17T23:00:14Z,2293,41.4,2400,2400,2400,2400,0x0,26,33,19,0.0,0.0,7061,7136,2448,2633,1
2026-09-17T23:00:15Z,2295,40.8,2400,2400,2400,2400,0x0,26,33,19,0.0,24.3,7061,7136,2448,2635,1
2026-09-17T23:00:16Z,2296,39.7,2400,2400,2400,2400,0x0,26,33,19,0.0,128.0,7061,7136,2448,2636,1
2026-09-17T23:00:17Z,2297,42.5,2400,2400,2400,2400,0x0,26,33,19,0.0,145.2,7061,7136,2448,2637,1
2026-09-17T23:00:18Z,2298,40.8,2400,2400,2400,2400,0x0,26,33,19,0.0,138.7,7061,7136,2448,2638,1
2026-09-17T23:00:19Z,2299,41.4,2400,2400,2400,2400,0x0,26,33,19,0.0,56.3,7061,7136,2448,2639,1
2026-09-17T23:00:20Z,2300,41.9,2400,2400,2400,2400,0x0,26,33,19,0.0,0.0,7061,7136,2448,2640,1
2026-09-17T23:00:21Z,2301,41.4,2400,2400,2400,2400,0x0,26,33,19,0.0,0.0,7061,7136,2448,2641,1
2026-09-17T23:00:22Z,2302,41.9,2400,2400,2400,2400,0x0,26,33,19,0.0,32.3,7061,7136,2448,2642,1
2026-09-17T23:00:23Z,2303,41.9,2400,2400,2400,2400,0x0,26,33,19,0.0,72.9,7061,7136,2448,2643,1
2026-09-17T23:00:24Z,2304,40.2,2400,2400,2400,2400,0x0,26,33,19,0.0,135.8,7061,7136,2448,2644,1
2026-09-17T23:00:25Z,2305,40.8,2400,2400,2400,2400,0x0,26,33,19,0.0,141.7,7061,7136,2448,2645,1
2026-09-17T23:00:26Z,2306,41.4,2400,2400,2400,2400,0x0,26,33,19,0.0,134.0,7061,7136,2448,2646,1
2026-09-17T23:00:27Z,2307,41.4,2400,2400,2400,2400,0x0,26,33,19,0.0,0.0,7061,7136,2448,2647,1
2026-09-17T23:00:28Z,2308,41.4,2400,2400,2400,2400,0x0,26,33,19,0.0,0.0,7061,7136,2448,2648,1
2026-09-17T23:00:30Z,2309,40.8,2400,2400,2400,2400,0x0,26,33,19,0.0,0.1,7061,7136,2448,2649,1
2026-09-17T23:00:31Z,2311,40.2,2400,2400,2400,2400,0x0,26,33,19,0.0,24.2,7061,7136,2448,2651,1
2026-09-17T23:00:32Z,2312,42.5,2400,2400,2400,2400,0x0,26,33,19,0.0,126.6,7061,7135,2448,2652,1
2026-09-17T23:00:33Z,2313,41.9,2400,2400,2400,2400,0x0,26,33,19,0.0,146.9,7061,7135,2448,2653,1
2026-09-17T23:00:34Z,2314,40.2,2400,2400,2400,2400,0x0,26,33,19,0.0,140.9,7061,7135,2448,2654,1
2026-09-17T23:00:35Z,2315,40.2,2400,2400,2400,2400,0x0,26,33,19,0.0,53.7,7061,7135,2448,2655,1
2026-09-17T23:00:36Z,2316,40.8,2400,2400,2400,2400,0x0,26,33,19,0.0,0.0,7061,7135,2448,2656,1
2026-09-17T23:00:37Z,2317,41.4,2400,2400,2400,2400,0x0,26,33,19,0.0,0.0,7061,7135,2448,2657,1
2026-09-17T23:00:38Z,2318,40.8,2400,2400,2400,2400,0x0,26,33,19,0.0,32.3,7061,7135,2448,2658,1
2026-09-17T23:00:39Z,2319,42.5,2400,2400,2400,2400,0x0,26,33,19,0.0,78.2,7061,7135,2448,2659,1
2026-09-17T23:00:40Z,2320,41.9,2400,2400,2400,2400,0x0,26,33,19,0.0,138.9,7061,7135,2448,2660,1
2026-09-17T23:00:41Z,2321,41.4,2400,2400,2400,2400,0x0,26,33,19,0.0,143.9,7061,7135,2448,2661,1
2026-09-17T23:00:42Z,2322,41.9,2400,2400,2400,2400,0x0,26,33,19,0.0,123.4,7061,7134,2448,2662,1
2026-09-17T23:00:43Z,2323,41.4,2400,2400,2400,2400,0x0,26,33,19,0.0,0.0,7061,7134,2448,2663,1
2026-09-17T23:00:45Z,2324,41.4,2400,2400,2400,2400,0x0,26,33,19,0.0,0.0,7061,7134,2448,2664,1
2026-09-17T23:00:46Z,2326,41.4,2400,2400,2400,2400,0x0,26,33,19,0.0,0.1,7061,7134,2448,2666,1
2026-09-17T23:00:47Z,2327,41.4,2400,2400,2400,2400,0x0,26,33,19,0.0,64.5,7061,7134,2448,2667,1
2026-09-17T23:00:48Z,2328,39.7,2400,2400,2400,2400,0x0,26,33,19,0.0,57.5,7061,7134,2448,2668,1
2026-09-17T23:00:49Z,2329,41.4,2400,2400,2400,2400,0x0,26,33,19,0.0,144.5,7061,7134,2448,2669,1
2026-09-17T23:00:50Z,2330,41.9,2400,2400,2400,2400,0x0,26,33,19,0.0,133.5,7061,7134,2448,2670,1
2026-09-17T23:00:51Z,2331,40.8,2400,2400,2400,2400,0x0,26,33,19,0.0,139.1,7061,7134,2448,2671,1
2026-09-17T23:00:52Z,2332,40.8,2400,2400,2400,2400,0x0,26,33,19,0.0,42.0,7061,7134,2448,2672,1
2026-09-17T23:00:53Z,2333,40.2,2400,2400,2400,2400,0x0,26,33,19,0.0,0.0,7061,7134,2448,2673,1
2026-09-17T23:00:54Z,2334,41.9,2400,2400,2400,2400,0x0,26,33,19,0.0,0.0,7061,7134,2448,2674,1
2026-09-17T23:00:55Z,2335,40.8,2400,2400,2400,2400,0x0,26,33,19,0.0,24.6,7061,7134,2448,2675,1
2026-09-17T23:00:56Z,2336,41.4,2400,2400,2400,2400,0x0,26,33,19,0.0,107.3,7061,7134,2448,2676,1
2026-09-17T23:00:57Z,2337,41.4,2400,2400,2400,2400,0x0,26,33,19,0.0,138.8,7061,7134,2448,2677,1
2026-09-17T23:00:58Z,2338,40.2,2400,2400,2400,2400,0x0,26,33,19,0.0,143.4,7061,7134,2448,2678,1
2026-09-17T23:01:00Z,2339,40.8,2400,2400,2400,2400,0x0,26,33,19,0.0,102.5,7061,7134,2448,2679,1
2026-09-17T23:01:01Z,2341,41.4,2400,2400,2400,2400,0x0,26,33,19,0.0,0.1,7061,7134,2448,2681,1
2026-09-17T23:01:02Z,2342,41.4,2400,2400,2400,2400,0x0,26,33,19,0.0,0.0,7061,7134,2448,2682,1
2026-09-17T23:01:03Z,2343,41.9,2400,2400,2400,2400,0x0,26,33,19,0.0,4.2,7061,7134,2448,2683,1
2026-09-17T23:01:04Z,2344,41.9,2400,2400,2400,2400,0x0,26,33,19,0.0,92.6,7061,7133,2448,2684,1
2026-09-17T23:01:05Z,2345,41.9,2400,2400,2400,2400,0x0,26,33,19,0.0,143.0,7061,7133,2448,2685,1
2026-09-17T23:01:06Z,2346,40.2,2400,2400,2400,2400,0x0,26,33,19,0.0,131.5,7061,7133,2448,2686,1
2026-09-17T23:01:07Z,2347,41.4,2400,2400,2400,2400,0x0,26,33,19,0.0,112.9,7061,7133,2448,2687,1
2026-09-17T23:01:08Z,2348,39.7,2400,2400,2400,2400,0x0,26,33,19,0.0,0.0,7061,7133,2448,2688,1
2026-09-17T23:01:09Z,2349,40.2,2400,2400,2400,2400,0x0,26,33,19,0.0,0.0,7061,7133,2448,2689,1
2026-09-17T23:01:10Z,2350,41.4,2400,2400,2400,2400,0x0,26,33,19,0.0,1.1,7061,7133,2448,2690,1
2026-09-17T23:01:11Z,2351,41.4,2400,2400,2400,2400,0x0,26,33,19,0.0,72.0,7061,7133,2448,2691,1
2026-09-17T23:01:12Z,2352,41.4,2400,2400,2400,2400,0x0,26,33,19,0.0,149.6,7061,7133,2448,2692,1
2026-09-17T23:01:13Z,2353,41.4,2400,2400,2400,2400,0x0,26,33,19,0.0,143.8,7061,7133,2448,2693,1
2026-09-17T23:01:15Z,2354,40.8,2400,2400,2400,2400,0x0,26,33,19,0.0,142.1,7061,7132,2448,2695,1
2026-09-17T23:01:16Z,2356,41.9,2400,2400,2400,2400,0x0,26,33,19,0.0,4.1,7061,7132,2448,2696,1
2026-09-17T23:01:17Z,2357,41.4,2400,2400,2400,2400,0x0,26,33,19,0.0,0.0,7061,7132,2448,2697,1
2026-09-17T23:01:18Z,2358,40.2,2400,2400,2400,2400,0x0,26,33,19,0.0,0.0,7061,7132,2448,2698,1
2026-09-17T23:01:19Z,2359,41.9,2400,2400,2400,2400,0x0,26,33,19,0.0,48.4,7061,7132,2448,2699,1
2026-09-17T23:01:20Z,2360,40.8,2400,2400,2400,2400,0x0,26,33,19,0.0,103.6,7061,7132,2448,2700,1
2026-09-17T23:01:21Z,2361,40.2,2400,2400,2400,2400,0x0,26,33,19,0.0,130.8,7061,7132,2448,2701,1
2026-09-17T23:01:22Z,2362,41.4,2400,2400,2400,2400,0x0,26,33,19,0.0,144.3,7061,7132,2448,2702,1
2026-09-17T23:01:23Z,2363,40.2,2400,2400,2400,2400,0x0,26,33,19,0.0,89.5,7061,7132,2448,2703,1
2026-09-17T23:01:24Z,2364,41.4,2400,2400,2400,2400,0x0,26,33,19,0.0,0.0,7061,7132,2448,2704,1
2026-09-17T23:01:25Z,2365,41.4,2400,2400,2400,2400,0x0,26,33,19,0.0,0.0,7061,7132,2448,2705,1
2026-09-17T23:01:26Z,2366,41.4,2400,2400,2400,2400,0x0,26,33,19,0.0,24.6,7061,7132,2448,2706,1
2026-09-17T23:01:27Z,2367,41.4,2400,2400,2400,2400,0x0,26,33,19,0.0,73.6,7061,7132,2448,2707,1
2026-09-17T23:01:29Z,2368,41.4,2400,2400,2400,2400,0x0,26,33,19,0.0,140.3,7061,7132,2448,2708,1
2026-09-17T23:01:30Z,2370,40.2,2400,2400,2400,2400,0x0,26,33,19,0.0,72.7,7061,7132,2448,2710,1
2026-09-17T23:01:31Z,2371,41.4,2400,2400,2400,2400,0x0,26,33,19,0.0,132.4,7061,7132,2448,2711,1
2026-09-17T23:01:32Z,2372,41.9,2400,2400,2400,2400,0x0,26,33,19,0.0,0.2,7061,7132,2448,2712,1
2026-09-17T23:01:33Z,2373,40.2,2400,2400,2400,2400,0x0,26,33,19,0.0,0.0,7061,7132,2448,2713,1
2026-09-17T23:01:34Z,2374,41.9,2400,2400,2400,2400,0x0,26,33,19,0.0,0.0,7061,7132,2448,2714,1
2026-09-17T23:01:35Z,2375,42.5,2400,2400,2400,2400,0x0,26,33,19,0.0,48.4,7061,7132,2448,2715,1
2026-09-17T23:01:36Z,2376,40.2,2400,2400,2400,2400,0x0,26,33,19,0.0,108.3,7061,7131,2448,2716,1
2026-09-17T23:01:37Z,2377,40.8,2400,2400,2400,2400,0x0,26,33,19,0.0,125.4,7061,7131,2448,2717,1
2026-09-17T23:01:38Z,2378,40.8,2400,2400,2400,2400,0x0,26,33,19,0.0,144.2,7061,7131,2448,2718,1
2026-09-17T23:01:39Z,2379,40.8,2400,2400,2400,2400,0x0,26,33,19,0.0,90.2,7061,7131,2448,2719,1
2026-09-17T23:01:40Z,2380,41.9,2400,2400,2400,2400,0x0,26,33,19,0.0,0.0,7061,7131,2448,2720,1
2026-09-17T23:01:41Z,2381,40.8,2400,2400,2400,2400,0x0,26,33,19,0.0,0.0,7061,7131,2448,2721,1
2026-09-17T23:01:42Z,2382,41.4,2400,2400,2400,2400,0x0,26,33,19,0.0,16.3,7061,7131,2448,2722,1
2026-09-17T23:01:43Z,2383,40.2,2400,2400,2400,2400,0x0,26,33,19,0.0,64.5,7061,7131,2448,2723,1
2026-09-17T23:01:45Z,2385,40.2,2400,2400,2400,2400,0x0,26,33,19,0.0,57.2,7061,7131,2448,2724,1
2026-09-17T23:01:46Z,2386,41.9,2400,2400,2400,2400,0x0,26,33,19,0.0,140.5,7061,7131,2448,2726,1
2026-09-17T23:01:47Z,2387,41.9,2400,2400,2400,2400,0x0,26,33,19,0.0,143.8,7061,7131,2448,2727,1
2026-09-17T23:01:48Z,2388,40.8,2400,2400,2400,2400,0x0,26,33,19,0.0,69.6,7061,7131,2448,2728,1
2026-09-17T23:01:49Z,2389,41.4,2400,2400,2400,2400,0x0,26,33,19,0.0,0.0,7061,7131,2448,2729,1
2026-09-17T23:01:50Z,2390,41.9,2400,2400,2400,2400,0x0,26,33,19,0.0,0.0,7061,7131,2448,2730,1
2026-09-17T23:01:51Z,2391,40.2,2400,2400,2400,2400,0x0,26,33,19,0.0,32.3,7061,7131,2448,2731,1
2026-09-17T23:01:52Z,2392,41.4,2400,2400,2400,2400,0x0,26,33,19,0.0,67.3,7061,7131,2448,2732,1
2026-09-17T23:01:53Z,2393,41.4,2400,2400,2400,2400,0x0,26,33,19,0.0,144.1,7061,7131,2448,2733,1
2026-09-17T23:01:54Z,2394,40.2,2400,2400,2400,2400,0x0,26,33,19,0.0,140.1,7061,7131,2448,2734,1
2026-09-17T23:01:55Z,2395,41.4,2400,2400,2400,2400,0x0,26,33,19,0.0,68.3,7061,7131,2448,2735,1
2026-09-17T23:01:57Z,2396,41.4,2400,2400,2400,2400,0x0,26,33,19,0.0,0.0,7061,7131,2448,2736,1
2026-09-17T23:01:58Z,2398,41.9,2400,2400,2400,2400,0x0,26,33,19,0.0,0.0,7061,7130,2448,2738,1
2026-09-17T23:01:59Z,2399,41.4,2400,2400,2400,2400,0x0,26,33,19,0.0,134.1,7061,7130,2448,2739,1
2026-09-17T23:02:00Z,2400,40.8,2400,2400,2400,2400,0x0,26,33,19,0.0,143.2,7061,7130,2448,2740,1
2026-09-17T23:02:01Z,2401,41.4,2400,2400,2400,2400,0x0,26,33,19,0.0,152.1,7061,7130,2448,2741,1
2026-09-17T23:02:02Z,2402,39.7,2400,2400,2400,2400,0x0,26,33,19,0.0,22.6,7061,7130,2448,2742,1
2026-09-17T23:02:03Z,2403,40.8,2400,2400,2400,2400,0x0,26,33,19,0.0,0.1,7061,7130,2448,2743,1
2026-09-17T23:02:04Z,2404,40.8,2400,2400,2400,2400,0x0,26,33,19,0.0,0.0,7061,7130,2448,2744,1
2026-09-17T23:02:05Z,2405,40.2,2400,2400,2400,2400,0x0,26,33,19,0.0,45.9,7061,7130,2448,2745,1
2026-09-17T23:02:06Z,2406,41.4,2400,2400,2400,2400,0x0,26,33,19,0.0,138.7,7061,7130,2448,2746,1
2026-09-17T23:02:07Z,2407,41.9,2400,2400,2400,2400,0x0,26,33,19,0.0,141.2,7061,7130,2448,2747,1
2026-09-17T23:02:09Z,2408,40.8,2400,2400,2400,2400,0x0,26,33,19,0.0,133.8,7061,7129,2448,2748,1
2026-09-17T23:02:10Z,2410,40.8,2400,2400,2400,2400,0x0,26,33,19,0.0,12.3,7061,7129,2448,2750,1
2026-09-17T23:02:11Z,2411,40.2,2400,2400,2400,2400,0x0,26,33,19,0.0,0.0,7061,7129,2448,2751,1
2026-09-17T23:02:12Z,2412,40.8,2400,2400,2400,2400,0x0,26,33,19,0.0,0.0,7061,7129,2448,2752,1
2026-09-17T23:02:13Z,2413,40.8,2400,2400,2400,2400,0x0,26,33,19,0.0,27.9,7061,7129,2448,2753,1
2026-09-17T23:02:14Z,2414,42.5,2400,2400,2400,2400,0x0,26,33,19,0.0,139.8,7061,7129,2448,2754,1
2026-09-17T23:02:15Z,2415,40.2,2400,2400,2400,2400,0x0,26,33,19,0.0,143.2,7061,7129,2448,2755,1
2026-09-17T23:02:16Z,2416,41.9,2400,2400,2400,2400,0x0,26,33,19,0.0,141.0,7061,7129,2448,2756,1
2026-09-17T23:02:17Z,2417,41.4,2400,2400,2400,2400,0x0,26,33,19,0.0,32.3,7061,7129,2448,2757,1
2026-09-17T23:02:18Z,2418,41.4,2400,2400,2400,2400,0x0,26,33,19,0.0,0.0,7061,7129,2448,2758,1
2026-09-17T23:02:19Z,2419,43.0,2400,2400,2400,2400,0x0,26,33,19,0.0,0.1,7061,7129,2448,2759,1
2026-09-17T23:02:20Z,2420,41.9,2400,2400,2400,2400,0x0,26,33,19,0.0,35.0,7061,7129,2448,2760,1
2026-09-17T23:02:21Z,2421,39.7,2400,2400,2400,2400,0x0,26,33,19,0.0,141.2,7061,7129,2448,2761,1
2026-09-17T23:02:22Z,2422,41.4,2400,2400,2400,2400,0x0,26,33,19,0.0,144.9,7061,7129,2448,2762,1
2026-09-17T23:02:24Z,2423,41.4,2400,2400,2400,2400,0x0,26,33,19,0.0,141.1,7061,7129,2448,2763,1
2026-09-17T23:02:25Z,2425,39.7,2400,2400,2400,2400,0x0,26,33,19,0.0,11.0,7061,7129,2448,2765,1
2026-09-17T23:02:26Z,2426,41.9,2400,2400,2400,2400,0x0,26,33,19,0.0,0.0,7061,7129,2448,2766,1
2026-09-17T23:02:27Z,2427,40.8,2400,2400,2400,2400,0x0,26,33,19,0.0,0.0,7061,7129,2448,2767,1
2026-09-17T23:02:28Z,2428,41.9,2400,2400,2400,2400,0x0,26,33,19,0.0,50.5,7061,7129,2448,2768,1
2026-09-17T23:02:29Z,2429,41.4,2400,2400,2400,2400,0x0,26,33,19,0.0,103.0,7061,7129,2448,2769,1
2026-09-17T23:02:30Z,2430,41.4,2400,2400,2400,2400,0x0,26,33,19,0.0,143.5,7061,7128,2448,2770,1
2026-09-17T23:02:31Z,2431,41.4,2400,2400,2400,2400,0x0,26,33,19,0.0,141.6,7061,7128,2448,2771,1
2026-09-17T23:02:32Z,2432,40.2,2400,2400,2400,2400,0x0,26,33,19,0.0,78.0,7061,7128,2448,2772,1
2026-09-17T23:02:33Z,2433,40.2,2400,2400,2400,2400,0x0,26,33,19,0.0,0.0,7061,7128,2448,2773,1
2026-09-17T23:02:34Z,2434,41.9,2400,2400,2400,2400,0x0,26,33,19,0.0,0.2,7061,7128,2448,2774,1
2026-09-17T23:02:35Z,2435,41.4,2400,2400,2400,2400,0x0,26,33,19,0.0,16.1,7061,7128,2448,2775,1
2026-09-17T23:02:36Z,2436,40.8,2400,2400,2400,2400,0x0,26,33,19,0.0,59.9,7061,7128,2448,2776,1
2026-09-17T23:02:37Z,2437,39.7,2400,2400,2400,2400,0x0,26,33,19,0.0,149.8,7061,7128,2448,2777,1
2026-09-17T23:02:39Z,2439,41.9,2400,2400,2400,2400,0x0,26,33,19,0.0,72.6,7061,7128,2448,2779,1
2026-09-17T23:02:40Z,2440,41.9,2400,2400,2400,2400,0x0,26,33,19,0.0,131.4,7061,7128,2448,2780,1
2026-09-17T23:02:41Z,2441,41.9,2400,2400,2400,2400,0x0,26,33,19,0.0,14.0,7061,7127,2448,2781,1
2026-09-17T23:02:42Z,2442,41.4,2400,2400,2400,2400,0x0,26,33,19,0.0,0.0,7061,7127,2448,2782,1
2026-09-17T23:02:43Z,2443,40.8,2400,2400,2400,2400,0x0,26,33,19,0.0,0.0,7061,7127,2448,2783,1
2026-09-17T23:02:44Z,2444,41.9,2400,2400,2400,2400,0x0,26,33,19,0.0,48.4,7061,7127,2448,2784,1
2026-09-17T23:02:45Z,2445,41.4,2400,2400,2400,2400,0x0,26,33,19,0.0,96.2,7061,7127,2448,2785,1
2026-09-17T23:02:46Z,2446,41.4,2400,2400,2400,2400,0x0,26,33,19,0.0,141.0,7061,7127,2448,2786,1
2026-09-17T23:02:47Z,2447,41.9,2400,2400,2400,2400,0x0,26,33,19,0.0,143.9,7061,7127,2448,2787,1
2026-09-17T23:02:48Z,2448,40.2,2400,2400,2400,2400,0x0,26,33,19,0.0,87.1,7061,7127,2448,2788,1
2026-09-17T23:02:49Z,2449,41.4,2400,2400,2400,2400,0x0,26,33,19,0.0,0.0,7061,7127,2448,2789,1
2026-09-17T23:02:50Z,2450,41.9,2400,2400,2400,2400,0x0,26,33,19,0.0,0.1,7061,7127,2448,2790,1
2026-09-17T23:02:51Z,2451,40.2,2400,2400,2400,2400,0x0,26,33,19,0.0,27.1,7061,7127,2448,2791,1
2026-09-17T23:02:53Z,2452,40.2,2400,2400,2400,2400,0x0,26,33,19,0.0,66.1,7061,7127,2448,2792,1
2026-09-17T23:02:54Z,2454,40.2,2400,2400,2400,2400,0x0,26,33,19,0.0,72.5,7061,7127,2448,2794,1
2026-09-17T23:02:55Z,2455,40.8,2400,2400,2400,2400,0x0,26,33,19,0.0,144.2,7061,7127,2448,2795,1
2026-09-17T23:02:56Z,2456,41.4,2400,2400,2400,2400,0x0,26,33,19,0.0,118.0,7061,7127,2448,2796,1
2026-09-17T23:02:57Z,2457,41.4,2400,2400,2400,2400,0x0,26,33,19,0.0,0.0,7061,7127,2448,2797,1
2026-09-17T23:02:58Z,2458,41.4,2400,2400,2400,2400,0x0,26,33,19,0.0,0.0,7061,7127,2448,2798,1
2026-09-17T23:02:59Z,2459,41.4,2400,2400,2400,2400,0x0,26,33,19,0.0,0.0,7061,7127,2448,2799,1
2026-09-17T23:03:00Z,2460,41.4,2400,2400,2400,2400,0x0,26,33,19,0.0,64.7,7061,7127,2448,2800,1
2026-09-17T23:03:01Z,2461,41.4,2400,2400,2400,2400,0x0,26,33,19,0.0,117.3,7061,7127,2448,2801,1
2026-09-17T23:03:02Z,2462,40.2,2400,2400,2400,2400,0x0,26,33,19,0.0,144.9,7061,7126,2448,2802,1
2026-09-17T23:03:03Z,2463,41.4,2400,2400,2400,2400,0x0,26,33,19,0.0,143.4,7061,7126,2448,2803,1
2026-09-17T23:03:04Z,2464,41.4,2400,2400,2400,2400,0x0,26,33,19,0.0,46.3,7061,7126,2448,2804,1
2026-09-17T23:03:05Z,2465,40.2,2400,2400,2400,2400,0x0,26,33,19,0.0,0.1,7061,7126,2448,2805,1
2026-09-17T23:03:06Z,2466,41.4,2400,2400,2400,2400,0x0,26,33,19,0.0,0.0,7061,7126,2448,2806,1
2026-09-17T23:03:07Z,2467,41.4,2400,2400,2400,2400,0x0,26,33,19,0.0,40.7,7061,7126,2448,2807,1
2026-09-17T23:03:09Z,2468,41.4,2400,2400,2400,2400,0x0,26,33,19,0.0,142.6,7061,7126,2448,2808,1
2026-09-17T23:03:10Z,2470,40.2,2400,2400,2400,2400,0x0,26,33,19,0.0,69.3,7061,7126,2448,2810,1
2026-09-17T23:03:11Z,2471,41.4,2400,2400,2400,2400,0x0,26,33,19,0.0,143.8,7061,7126,2448,2811,1
2026-09-17T23:03:12Z,2472,41.4,2400,2400,2400,2400,0x0,26,33,19,0.0,2.5,7061,7126,2448,2812,1
2026-09-17T23:03:13Z,2473,40.8,2400,2400,2400,2400,0x0,26,33,19,0.0,0.0,7061,7125,2448,2813,1
2026-09-17T23:03:14Z,2474,41.9,2400,2400,2400,2400,0x0,26,33,19,0.0,0.0,7061,7125,2448,2814,1
2026-09-17T23:03:15Z,2475,40.8,2400,2400,2400,2400,0x0,26,33,19,0.0,66.3,7061,7125,2448,2815,1
2026-09-17T23:03:16Z,2476,41.9,2400,2400,2400,2400,0x0,26,33,19,0.0,134.4,7061,7125,2448,2816,1
2026-09-17T23:03:17Z,2477,41.4,2400,2400,2400,2400,0x0,26,33,19,0.0,137.2,7061,7125,2448,2817,1
2026-09-17T23:03:18Z,2478,40.8,2400,2400,2400,2400,0x0,26,33,19,0.0,146.4,7061,7125,2448,2818,1
2026-09-17T23:03:19Z,2479,41.4,2400,2400,2400,2400,0x0,26,33,19,0.0,0.0,7061,7125,2448,2819,1
2026-09-17T23:03:20Z,2480,40.8,2400,2400,2400,2400,0x0,26,33,19,0.0,0.0,7061,7125,2448,2820,1
2026-09-17T23:03:21Z,2481,40.8,2400,2400,2400,2400,0x0,26,33,19,0.0,0.1,7061,7125,2448,2821,1
2026-09-17T23:03:22Z,2482,41.4,2400,2400,2400,2400,0x0,26,33,19,0.0,101.0,7061,7125,2448,2822,1
2026-09-17T23:03:24Z,2484,41.4,2400,2400,2400,2400,0x0,26,33,19,0.0,77.3,7061,7125,2448,2824,1
2026-09-17T23:03:25Z,2485,41.4,2400,2400,2400,2400,0x0,26,33,19,0.0,155.2,7061,7125,2448,2825,1
2026-09-17T23:03:26Z,2486,41.9,2400,2400,2400,2400,0x0,26,33,19,0.0,41.2,7061,7125,2448,2826,1
2026-09-17T23:03:27Z,2487,40.8,2400,2400,2400,2400,0x0,26,33,19,0.0,0.0,7061,7125,2448,2827,1
2026-09-17T23:03:28Z,2488,40.2,2400,2400,2400,2400,0x0,26,33,19,0.0,0.0,7061,7125,2448,2828,1
2026-09-17T23:03:29Z,2489,41.4,2400,2400,2400,2400,0x0,26,33,19,0.0,32.3,7061,7125,2448,2829,1
2026-09-17T23:03:30Z,2490,41.4,2400,2400,2400,2400,0x0,26,33,19,0.0,83.3,7061,7125,2448,2830,1
2026-09-17T23:03:31Z,2491,41.9,2400,2400,2400,2400,0x0,26,33,19,0.0,138.6,7061,7125,2448,2831,1
2026-09-17T23:03:32Z,2492,41.9,2400,2400,2400,2400,0x0,26,33,19,0.0,139.7,7061,7125,2448,2832,1
2026-09-17T23:03:33Z,2493,41.4,2400,2400,2400,2400,0x0,26,33,19,0.0,122.8,7061,7125,2448,2833,1
2026-09-17T23:03:34Z,2494,41.4,2400,2400,2400,2400,0x0,26,33,19,0.0,0.0,7061,7124,2448,2834,1
2026-09-17T23:03:35Z,2495,41.9,2400,2400,2400,2400,0x0,26,33,19,0.0,0.0,7061,7124,2448,2835,1
2026-09-17T23:03:37Z,2496,41.4,2400,2400,2400,2400,0x0,26,33,19,0.0,0.1,7061,7124,2448,2836,1
2026-09-17T23:03:38Z,2498,41.4,2400,2400,2400,2400,0x0,26,33,19,0.0,24.2,7061,7124,2448,2838,1
2026-09-17T23:03:39Z,2499,40.2,2400,2400,2400,2400,0x0,26,33,19,0.0,134.3,7061,7124,2448,2839,1
2026-09-17T23:03:40Z,2500,40.2,2400,2400,2400,2400,0x0,26,33,19,0.0,142.7,7061,7124,2448,2840,1
2026-09-17T23:03:41Z,2501,41.4,2400,2400,2400,2400,0x0,26,33,19,0.0,142.5,7061,7124,2448,2841,1
2026-09-17T23:03:42Z,2502,39.7,2400,2400,2400,2400,0x0,26,33,19,0.0,48.5,7061,7124,2448,2842,1
2026-09-17T23:03:43Z,2503,41.4,2400,2400,2400,2400,0x0,26,33,19,0.0,0.0,7061,7124,2448,2843,1
2026-09-17T23:03:44Z,2504,41.4,2400,2400,2400,2400,0x0,26,33,19,0.0,0.0,7061,7124,2448,2844,1
2026-09-17T23:03:45Z,2505,42.5,2400,2400,2400,2400,0x0,26,33,19,0.0,32.3,7061,7123,2448,2845,1
2026-09-17T23:03:46Z,2506,41.4,2400,2400,2400,2400,0x0,26,33,19,0.0,78.1,7061,7123,2448,2846,1
2026-09-17T23:03:47Z,2507,40.2,2400,2400,2400,2400,0x0,26,33,19,0.0,131.9,7061,7123,2448,2847,1
2026-09-17T23:03:48Z,2508,41.9,2400,2400,2400,2400,0x0,26,33,19,0.0,139.2,7061,7123,2448,2848,1
2026-09-17T23:03:49Z,2509,41.4,2400,2400,2400,2400,0x0,26,33,19,0.0,135.1,7061,7123,2448,2849,1
2026-09-17T23:03:50Z,2510,41.4,2400,2400,2400,2400,0x0,26,33,19,0.0,0.0,7061,7123,2448,2850,1
2026-09-17T23:03:52Z,2511,41.4,2400,2400,2400,2400,0x0,26,33,19,0.0,0.0,7061,7123,2448,2851,1
2026-09-17T23:03:53Z,2513,41.4,2400,2400,2400,2400,0x0,26,33,19,0.0,0.1,7061,7123,2448,2853,1
2026-09-17T23:03:54Z,2514,41.4,2400,2400,2400,2400,0x0,26,33,19,0.0,93.1,7061,7123,2448,2854,1
2026-09-17T23:03:55Z,2515,41.4,2400,2400,2400,2400,0x0,26,33,19,0.0,140.5,7061,7123,2448,2855,1
2026-09-17T23:03:56Z,2516,41.4,2400,2400,2400,2400,0x0,26,33,19,0.0,141.7,7061,7123,2448,2856,1
2026-09-17T23:03:57Z,2517,41.4,2400,2400,2400,2400,0x0,26,33,19,0.0,108.9,7061,7123,2448,2857,1
2026-09-17T23:03:58Z,2518,41.9,2400,2400,2400,2400,0x0,26,33,19,0.0,0.0,7061,7123,2448,2858,1
2026-09-17T23:03:59Z,2519,39.7,2400,2400,2400,2400,0x0,26,33,19,0.0,0.0,7061,7123,2448,2859,1
2026-09-17T23:04:00Z,2520,40.8,2400,2400,2400,2400,0x0,26,33,19,0.0,21.4,7061,7123,2448,2860,1
2026-09-17T23:04:01Z,2521,41.9,2400,2400,2400,2400,0x0,26,33,19,0.0,60.3,7061,7123,2448,2861,1
2026-09-17T23:04:02Z,2522,41.9,2400,2400,2400,2400,0x0,26,33,19,0.0,127.0,7061,7123,2448,2862,1
2026-09-17T23:04:04Z,2523,41.4,2400,2400,2400,2400,0x0,26,33,19,0.0,142.7,7061,7123,2448,2863,1
2026-09-17T23:04:05Z,2525,41.9,2400,2400,2400,2400,0x0,26,33,19,0.0,70.6,7061,7123,2448,2865,1
2026-09-17T23:04:06Z,2526,41.9,2400,2400,2400,2400,0x0,26,33,19,0.0,23.9,7061,7123,2448,2866,1
2026-09-17T23:04:07Z,2527,41.4,2400,2400,2400,2400,0x0,26,33,19,0.0,0.0,7061,7122,2448,2867,1
2026-09-17T23:04:08Z,2528,41.4,2400,2400,2400,2400,0x0,26,33,19,0.0,0.1,7061,7122,2448,2868,1
2026-09-17T23:04:09Z,2529,41.4,2400,2400,2400,2400,0x0,26,33,19,0.0,48.4,7061,7122,2448,2869,1
2026-09-17T23:04:10Z,2530,41.4,2400,2400,2400,2400,0x0,26,33,19,0.0,105.2,7061,7122,2448,2870,1
2026-09-17T23:04:11Z,2531,40.8,2400,2400,2400,2400,0x0,26,33,19,0.0,143.4,7061,7122,2448,2871,1
2026-09-17T23:04:12Z,2532,40.2,2400,2400,2400,2400,0x0,26,33,19,0.0,141.4,7061,7122,2448,2872,1
2026-09-17T23:04:13Z,2533,40.8,2400,2400,2400,2400,0x0,26,33,19,0.0,78.2,7061,7122,2448,2873,1
2026-09-17T23:04:14Z,2534,41.9,2400,2400,2400,2400,0x0,26,33,19,0.0,0.0,7061,7122,2448,2874,1
2026-09-17T23:04:15Z,2535,41.4,2400,2400,2400,2400,0x0,26,33,19,0.0,0.0,7061,7122,2448,2875,1
2026-09-17T23:04:16Z,2536,41.9,2400,2400,2400,2400,0x0,26,33,19,0.0,25.8,7061,7122,2448,2876,1
2026-09-17T23:04:17Z,2537,41.9,2400,2400,2400,2400,0x0,26,33,19,0.0,49.3,7061,7121,2448,2877,1
2026-09-17T23:04:19Z,2538,41.4,2400,2400,2400,2400,0x0,26,33,19,0.0,141.2,7061,7121,2448,2878,1
2026-09-17T23:04:20Z,2540,41.9,2400,2400,2400,2400,0x0,26,33,19,0.0,71.8,7061,7121,2448,2880,1
2026-09-17T23:04:21Z,2541,41.4,2400,2400,2400,2400,0x0,26,33,19,0.0,141.8,7061,7121,2448,2881,1
2026-09-17T23:04:22Z,2542,40.2,2400,2400,2400,2400,0x0,26,33,19,0.0,14.8,7061,7121,2448,2882,1
2026-09-17T23:04:23Z,2543,41.4,2400,2400,2400,2400,0x0,26,33,19,0.0,0.1,7061,7121,2448,2883,1
2026-09-17T23:04:24Z,2544,41.9,2400,2400,2400,2400,0x0,26,33,19,0.0,0.0,7061,7121,2448,2884,1
2026-09-17T23:04:25Z,2545,41.4,2400,2400,2400,2400,0x0,26,33,19,0.0,48.4,7061,7121,2448,2885,1
2026-09-17T23:04:26Z,2546,40.8,2400,2400,2400,2400,0x0,26,33,19,0.0,80.7,7061,7121,2448,2886,1
2026-09-17T23:04:27Z,2547,41.4,2400,2400,2400,2400,0x0,26,33,19,0.0,115.6,7061,7121,2448,2887,1
2026-09-17T23:04:28Z,2548,40.2,2400,2400,2400,2400,0x0,26,33,19,0.0,135.0,7061,7121,2448,2888,1
2026-09-17T23:04:29Z,2549,40.8,2400,2400,2400,2400,0x0,26,33,19,0.0,72.3,7061,7121,2448,2889,1
2026-09-17T23:04:31Z,2550,41.4,2400,2400,2400,2400,0x0,26,33,19,0.0,0.0,7061,7121,2448,2890,1
2026-09-17T23:04:32Z,2552,40.2,2400,2400,2400,2400,0x0,26,33,19,0.0,25.9,7061,7121,2448,2892,1
2026-09-17T23:04:33Z,2553,41.9,2400,2400,2400,2400,0x0,26,33,19,0.0,144.4,7061,7121,2448,2893,1
2026-09-17T23:04:34Z,2554,41.4,2400,2400,2400,2400,0x0,26,33,19,0.0,133.7,7061,7121,2448,2894,1
2026-09-17T23:04:35Z,2555,41.9,2400,2400,2400,2400,0x0,26,33,19,0.0,106.0,7061,7121,2448,2895,1
2026-09-17T23:04:36Z,2556,40.2,2400,2400,2400,2400,0x0,26,33,19,0.0,0.0,7061,7121,2448,2896,1
2026-09-17T23:04:37Z,2557,41.4,2400,2400,2400,2400,0x0,26,33,19,0.0,0.0,7061,7121,2448,2897,1
2026-09-17T23:04:38Z,2558,40.8,2400,2400,2400,2400,0x0,26,33,19,0.0,0.0,7061,7121,2448,2898,1
2026-09-17T23:04:39Z,2559,41.4,2400,2400,2400,2400,0x0,26,33,19,0.0,90.5,7061,7120,2448,2899,1
2026-09-17T23:04:40Z,2560,43.0,2400,2400,2400,2400,0x0,26,33,19,0.0,151.6,7061,7120,2448,2900,1
2026-09-17T23:04:41Z,2561,41.4,2400,2400,2400,2400,0x0,26,33,19,0.0,140.1,7061,7120,2448,2901,1
2026-09-17T23:04:42Z,2562,41.4,2400,2400,2400,2400,0x0,26,33,19,0.0,118.1,7061,7120,2448,2902,1
2026-09-17T23:04:43Z,2563,41.4,2400,2400,2400,2400,0x0,26,33,19,0.0,0.2,7061,7120,2448,2903,1
2026-09-17T23:04:44Z,2564,41.4,2400,2400,2400,2400,0x0,26,33,19,0.0,0.0,7061,7120,2448,2904,1
2026-09-17T23:04:46Z,2566,40.2,2400,2400,2400,2400,0x0,26,33,19,0.0,0.0,7061,7120,2448,2905,1
2026-09-17T23:04:47Z,2567,41.4,2400,2400,2400,2400,0x0,26,33,19,0.0,88.3,7061,7120,2448,2907,1
2026-09-17T23:04:48Z,2568,41.4,2400,2400,2400,2400,0x0,26,33,19,0.0,156.4,7061,7120,2448,2908,1
2026-09-17T23:04:49Z,2569,39.7,2400,2400,2400,2400,0x0,26,33,19,0.0,135.8,7061,7120,2448,2909,1
2026-09-17T23:04:50Z,2570,41.4,2400,2400,2400,2400,0x0,26,33,19,0.0,103.9,7061,7120,2448,2910,1
2026-09-17T23:04:51Z,2571,40.8,2400,2400,2400,2400,0x0,26,33,19,0.0,0.0,7061,7120,2448,2911,1
2026-09-17T23:04:52Z,2572,40.2,2400,2400,2400,2400,0x0,26,33,19,0.0,0.0,7061,7120,2448,2912,1
2026-09-17T23:04:53Z,2573,40.2,2400,2400,2400,2400,0x0,26,33,19,0.0,0.0,7061,7120,2448,2913,1
2026-09-17T23:04:54Z,2574,41.9,2400,2400,2400,2400,0x0,26,33,19,0.0,101.1,7061,7120,2448,2914,1
2026-09-17T23:04:55Z,2575,40.8,2400,2400,2400,2400,0x0,26,33,19,0.0,138.9,7061,7120,2448,2915,1
2026-09-17T23:04:56Z,2576,41.9,2400,2400,2400,2400,0x0,26,33,19,0.0,141.0,7061,7120,2448,2916,1
2026-09-17T23:04:57Z,2577,41.4,2400,2400,2400,2400,0x0,26,33,19,0.0,103.2,7061,7120,2448,2917,1
2026-09-17T23:04:58Z,2578,41.4,2400,2400,2400,2400,0x0,26,33,19,0.0,0.0,7061,7120,2448,2918,1
2026-09-17T23:05:00Z,2579,41.9,2400,2400,2400,2400,0x0,26,33,19,0.0,0.1,7061,7120,2448,2919,1
2026-09-17T23:05:01Z,2581,40.8,2400,2400,2400,2400,0x0,26,33,19,0.0,0.0,7061,7119,2448,2921,1
2026-09-17T23:05:02Z,2582,41.9,2400,2400,2400,2400,0x0,26,33,19,0.0,93.3,7061,7119,2448,2922,1
2026-09-17T23:05:03Z,2583,41.4,2400,2400,2400,2400,0x0,26,33,19,0.0,138.8,7061,7119,2448,2923,1
2026-09-17T23:05:04Z,2584,41.9,2400,2400,2400,2400,0x0,26,33,19,0.0,139.2,7061,7119,2448,2924,1
2026-09-17T23:05:05Z,2585,40.8,2400,2400,2400,2400,0x0,26,33,19,0.0,112.9,7061,7119,2448,2925,1
2026-09-17T23:05:06Z,2586,41.9,2400,2400,2400,2400,0x0,26,33,19,0.0,0.0,7061,7119,2448,2926,1
2026-09-17T23:05:07Z,2587,40.8,2400,2400,2400,2400,0x0,26,33,19,0.0,0.0,7061,7119,2448,2927,1
2026-09-17T23:05:08Z,2588,40.2,2400,2400,2400,2400,0x0,26,33,19,0.0,0.0,7061,7119,2448,2928,1
2026-09-17T23:05:09Z,2589,41.4,2400,2400,2400,2400,0x0,26,33,19,0.0,53.8,7061,7119,2448,2929,1
2026-09-17T23:05:10Z,2590,41.4,2400,2400,2400,2400,0x0,26,33,19,0.0,139.1,7061,7119,2448,2930,1
2026-09-17T23:05:11Z,2591,40.8,2400,2400,2400,2400,0x0,26,33,19,0.0,143.7,7061,7118,2448,2931,1
2026-09-17T23:05:12Z,2592,41.4,2400,2400,2400,2400,0x0,26,33,19,0.0,144.2,7061,7118,2448,2932,1
2026-09-17T23:05:13Z,2593,40.8,2400,2400,2400,2400,0x0,26,33,19,0.0,19.7,7061,7118,2448,2933,1
2026-09-17T23:05:15Z,2594,40.2,2400,2400,2400,2400,0x0,26,33,19,0.0,0.1,7061,7118,2448,2934,1
2026-09-17T23:05:16Z,2596,41.4,2400,2400,2400,2400,0x0,26,33,19,0.0,0.0,7061,7118,2448,2936,1
2026-09-17T23:05:17Z,2597,41.4,2400,2400,2400,2400,0x0,26,33,19,0.0,38.8,7061,7118,2448,2937,1
2026-09-17T23:05:18Z,2598,41.9,2400,2400,2400,2400,0x0,26,33,19,0.0,144.2,7061,7118,2448,2938,1
2026-09-17T23:05:19Z,2599,40.8,2400,2400,2400,2400,0x0,26,33,19,0.0,141.9,7061,7118,2448,2939,1
2026-09-17T23:05:20Z,2600,40.8,2400,2400,2400,2400,0x0,26,33,19,0.0,128.1,7061,7118,2448,2940,1
2026-09-17T23:05:21Z,2601,41.4,2400,2400,2400,2400,0x0,26,33,19,0.0,47.4,7061,7118,2448,2941,1
2026-09-17T23:05:22Z,2602,41.9,2400,2400,2400,2400,0x0,26,33,19,0.0,0.0,7061,7118,2448,2942,1
2026-09-17T23:05:23Z,2603,42.5,2400,2400,2400,2400,0x0,26,33,19,0.0,0.0,7061,7118,2448,2943,1
2026-09-17T23:05:24Z,2604,40.8,2400,2400,2400,2400,0x0,26,33,19,0.0,37.0,7061,7118,2448,2944,1
2026-09-17T23:05:25Z,2605,41.4,2400,2400,2400,2400,0x0,26,33,19,0.0,142.9,7061,7118,2448,2945,1
2026-09-17T23:05:26Z,2606,40.8,2400,2400,2400,2400,0x0,26,33,19,0.0,139.6,7061,7118,2448,2946,1
2026-09-17T23:05:27Z,2607,41.9,2400,2400,2400,2400,0x0,26,33,19,0.0,142.3,7061,7118,2448,2947,1
2026-09-17T23:05:28Z,2608,40.8,2400,2400,2400,2400,0x0,26,33,19,0.0,22.6,7061,7118,2448,2948,1
2026-09-17T23:05:30Z,2609,40.2,2400,2400,2400,2400,0x0,26,33,19,0.0,0.0,7061,7118,2448,2949,1
2026-09-17T23:05:31Z,2611,40.2,2400,2400,2400,2400,0x0,26,33,19,0.0,0.1,7061,7118,2448,2951,1
2026-09-17T23:05:32Z,2612,41.4,2400,2400,2400,2400,0x0,26,33,19,0.0,69.0,7061,7118,2448,2952,1
2026-09-17T23:05:33Z,2613,41.4,2400,2400,2400,2400,0x0,26,33,19,0.0,143.4,7061,7117,2448,2953,1
2026-09-17T23:05:34Z,2614,40.8,2400,2400,2400,2400,0x0,26,33,19,0.0,158.8,7061,7117,2448,2954,1
2026-09-17T23:05:35Z,2615,41.9,2400,2400,2400,2400,0x0,26,33,19,0.0,80.8,7061,7117,2448,2955,1
2026-09-17T23:05:36Z,2616,40.2,2400,2400,2400,2400,0x0,26,33,19,0.0,0.0,7061,7117,2448,2956,1
2026-09-17T23:05:37Z,2617,41.4,2400,2400,2400,2400,0x0,26,33,19,0.0,0.0,7061,7117,2448,2957,1
2026-09-17T23:05:38Z,2618,40.2,2400,2400,2400,2400,0x0,26,33,19,0.0,8.4,7061,7117,2448,2958,1
2026-09-17T23:05:39Z,2619,41.4,2400,2400,2400,2400,0x0,26,33,19,0.0,60.1,7061,7117,2448,2959,1
2026-09-17T23:05:40Z,2620,41.4,2400,2400,2400,2400,0x0,26,33,19,0.0,137.8,7061,7117,2448,2960,1
2026-09-17T23:05:41Z,2621,39.7,2400,2400,2400,2400,0x0,26,33,19,0.0,139.1,7061,7117,2448,2961,1
2026-09-17T23:05:43Z,2622,41.9,2400,2400,2400,2400,0x0,26,33,19,0.0,144.7,7061,7117,2448,2962,1
2026-09-17T23:05:44Z,2624,41.4,2400,2400,2400,2400,0x0,26,33,19,0.0,13.2,7061,7116,2448,2964,1
2026-09-17T23:05:45Z,2625,41.4,2400,2400,2400,2400,0x0,26,33,19,0.0,0.0,7061,7116,2448,2965,1
2026-09-17T23:05:46Z,2626,41.4,2400,2400,2400,2400,0x0,26,33,19,0.0,0.1,7061,7116,2448,2966,1
2026-09-17T23:05:47Z,2627,41.9,2400,2400,2400,2400,0x0,26,33,19,0.0,49.7,7061,7116,2448,2967,1
2026-09-17T23:05:48Z,2628,41.4,2400,2400,2400,2400,0x0,26,33,19,0.0,143.9,7061,7116,2448,2968,1
2026-09-17T23:05:49Z,2629,41.4,2400,2400,2400,2400,0x0,26,33,19,0.0,142.5,7061,7116,2448,2969,1
2026-09-17T23:05:50Z,2630,40.2,2400,2400,2400,2400,0x0,26,33,19,0.0,131.9,7061,7116,2448,2970,1
2026-09-17T23:05:51Z,2631,40.2,2400,2400,2400,2400,0x0,26,33,19,0.0,0.1,7061,7116,2448,2971,1
2026-09-17T23:05:52Z,2632,40.2,2400,2400,2400,2400,0x0,26,33,19,0.0,0.0,7061,7116,2448,2972,1
2026-09-17T23:05:53Z,2633,40.8,2400,2400,2400,2400,0x0,26,33,19,0.0,0.0,7061,7116,2448,2973,1
2026-09-17T23:05:54Z,2634,43.0,2400,2400,2400,2400,0x0,26,33,19,0.0,45.9,7061,7116,2448,2974,1
2026-09-17T23:05:55Z,2635,39.7,2400,2400,2400,2400,0x0,26,33,19,0.0,143.1,7061,7116,2448,2975,1
2026-09-17T23:05:56Z,2636,41.9,2400,2400,2400,2400,0x0,26,33,19,0.0,130.0,7061,7116,2448,2976,1
2026-09-17T23:05:57Z,2637,40.8,2400,2400,2400,2400,0x0,26,33,19,0.0,143.9,7061,7116,2448,2977,1
2026-09-17T23:05:59Z,2638,40.2,2400,2400,2400,2400,0x0,26,33,19,0.0,37.4,7061,7116,2448,2978,1
2026-09-17T23:06:00Z,2640,40.8,2400,2400,2400,2400,0x0,26,33,19,0.0,0.0,7061,7116,2448,2980,1
2026-09-17T23:06:01Z,2641,40.8,2400,2400,2400,2400,0x0,26,33,19,0.0,0.0,7061,7116,2448,2981,1
2026-09-17T23:06:02Z,2642,41.9,2400,2400,2400,2400,0x0,26,33,19,0.0,44.3,7061,7116,2448,2982,1
2026-09-17T23:06:03Z,2643,40.8,2400,2400,2400,2400,0x0,26,33,19,0.0,144.2,7061,7116,2448,2983,1
2026-09-17T23:06:04Z,2644,39.1,2400,2400,2400,2400,0x0,26,33,19,0.0,141.5,7061,7116,2448,2984,1
2026-09-17T23:06:05Z,2645,41.4,2400,2400,2400,2400,0x0,26,33,19,0.0,138.2,7061,7115,2448,2985,1
2026-09-17T23:06:06Z,2646,40.2,2400,2400,2400,2400,0x0,26,33,19,0.0,0.0,7061,7115,2448,2986,1
2026-09-17T23:06:07Z,2647,41.4,2400,2400,2400,2400,0x0,26,33,19,0.0,0.1,7061,7115,2448,2987,1
2026-09-17T23:06:08Z,2648,41.9,2400,2400,2400,2400,0x0,26,33,19,0.0,0.0,7061,7115,2448,2988,1
2026-09-17T23:06:09Z,2649,41.4,2400,2400,2400,2400,0x0,26,33,19,0.0,49.7,7061,7115,2448,2989,1
2026-09-17T23:06:10Z,2650,40.8,2400,2400,2400,2400,0x0,26,33,19,0.0,140.3,7061,7115,2448,2990,1
2026-09-17T23:06:11Z,2651,39.7,2400,2400,2400,2400,0x0,26,33,19,0.0,132.1,7061,7115,2448,2991,1
2026-09-17T23:06:13Z,2652,41.9,2400,2400,2400,2400,0x0,26,33,19,0.0,142.4,7061,7115,2448,2992,1
2026-09-17T23:06:14Z,2654,41.4,2400,2400,2400,2400,0x0,26,33,19,0.0,17.9,7061,7115,2448,2994,1
2026-09-17T23:06:15Z,2655,40.2,2400,2400,2400,2400,0x0,26,33,19,0.0,0.0,7061,7115,2448,2995,1
2026-09-17T23:06:16Z,2656,40.2,2400,2400,2400,2400,0x0,26,33,19,0.0,0.0,7061,7114,2448,2996,1
2026-09-17T23:06:17Z,2657,39.7,2400,2400,2400,2400,0x0,26,33,19,0.0,48.5,7061,7114,2448,2997,1
2026-09-17T23:06:18Z,2658,39.7,2400,2400,2400,2400,0x0,26,33,19,0.0,139.7,7061,7114,2448,2998,1
2026-09-17T23:06:19Z,2659,41.4,2400,2400,2400,2400,0x0,26,33,19,0.0,141.7,7061,7114,2448,2999,1
2026-09-17T23:06:20Z,2660,40.8,2400,2400,2400,2400,0x0,26,33,19,0.0,138.2,7061,7114,2448,3000,1
2026-09-17T23:06:21Z,2661,41.9,2400,2400,2400,2400,0x0,26,33,19,0.0,0.0,7061,7114,2448,3001,1
2026-09-17T23:06:22Z,2662,40.8,2400,2400,2400,2400,0x0,26,33,19,0.0,0.1,7061,7114,2448,3002,1
2026-09-17T23:06:23Z,2663,41.4,2400,2400,2400,2400,0x0,26,33,19,0.0,0.0,7061,7114,2448,3003,1
2026-09-17T23:06:24Z,2664,40.8,2400,2400,2400,2400,0x0,26,33,19,0.0,79.2,7061,7114,2448,3004,1
2026-09-17T23:06:25Z,2665,39.7,2400,2400,2400,2400,0x0,26,33,19,0.0,140.2,7061,7114,2448,3005,1
2026-09-17T23:06:26Z,2666,40.8,2400,2400,2400,2400,0x0,26,33,19,0.0,143.1,7061,7114,2448,3006,1
2026-09-17T23:06:27Z,2667,41.4,2400,2400,2400,2400,0x0,26,33,19,0.0,105.6,7061,7114,2448,3007,1
2026-09-17T23:06:29Z,2668,40.8,2400,2400,2400,2400,0x0,26,33,19,0.0,0.0,7061,7114,2448,3008,1
2026-09-17T23:06:30Z,2670,39.1,2400,2400,2400,2400,0x0,26,33,19,0.0,0.0,7061,7114,2448,3010,1
2026-09-17T23:06:31Z,2671,41.4,2400,2400,2400,2400,0x0,26,33,19,0.0,0.0,7061,7114,2448,3011,1
2026-09-17T23:06:32Z,2672,41.9,2400,2400,2400,2400,0x0,26,33,19,0.0,108.6,7061,7114,2448,3012,1
2026-09-17T23:06:33Z,2673,41.9,2400,2400,2400,2400,0x0,26,33,19,0.0,137.9,7061,7114,2448,3013,1
2026-09-17T23:06:34Z,2674,41.9,2400,2400,2400,2400,0x0,26,33,19,0.0,141.0,7061,7114,2448,3014,1
2026-09-17T23:06:35Z,2675,41.4,2400,2400,2400,2400,0x0,26,33,19,0.0,96.8,7061,7114,2448,3015,1
2026-09-17T23:06:36Z,2676,41.9,2400,2400,2400,2400,0x0,26,33,19,0.0,0.0,7061,7114,2448,3016,1
2026-09-17T23:06:37Z,2677,40.8,2400,2400,2400,2400,0x0,26,33,19,0.0,0.1,7061,7113,2448,3017,1
2026-09-17T23:06:38Z,2678,40.8,2400,2400,2400,2400,0x0,26,33,19,0.0,8.4,7061,7113,2448,3018,1
2026-09-17T23:06:39Z,2679,41.4,2400,2400,2400,2400,0x0,26,33,19,0.0,142.3,7061,7113,2448,3019,1
2026-09-17T23:06:40Z,2680,40.8,2400,2400,2400,2400,0x0,26,33,19,0.0,142.3,7061,7113,2448,3020,1
2026-09-17T23:06:41Z,2681,42.5,2400,2400,2400,2400,0x0,26,33,19,0.0,140.2,7061,7113,2448,3021,1
2026-09-17T23:06:43Z,2682,40.2,2400,2400,2400,2400,0x0,26,33,19,0.0,18.8,7061,7113,2448,3022,1
2026-09-17T23:06:44Z,2684,40.2,2400,2400,2400,2400,0x0,26,33,19,0.0,0.0,7061,7113,2448,3024,1
2026-09-17T23:06:45Z,2685,41.4,2400,2400,2400,2400,0x0,26,33,19,0.0,0.0,7061,7113,2448,3025,1
2026-09-17T23:06:46Z,2686,40.8,2400,2400,2400,2400,0x0,26,33,19,0.0,39.6,7061,7113,2448,3026,1
2026-09-17T23:06:47Z,2687,41.4,2400,2400,2400,2400,0x0,26,33,19,0.0,95.3,7061,7113,2448,3027,1
2026-09-17T23:06:48Z,2688,41.4,2400,2400,2400,2400,0x0,26,33,19,0.0,142.2,7061,7112,2448,3028,1
2026-09-17T23:06:49Z,2689,41.9,2400,2400,2400,2400,0x0,26,33,19,0.0,143.9,7061,7112,2448,3029,1
2026-09-17T23:06:50Z,2690,41.9,2400,2400,2400,2400,0x0,26,33,19,0.0,79.4,7061,7112,2448,3030,1
2026-09-17T23:06:51Z,2691,40.2,2400,2400,2400,2400,0x0,26,33,19,0.0,0.0,7061,7112,2448,3031,1
2026-09-17T23:06:52Z,2692,41.9,2400,2400,2400,2400,0x0,26,33,19,0.0,0.0,7061,7112,2448,3032,1
2026-09-17T23:06:53Z,2693,40.2,2400,2400,2400,2400,0x0,26,33,19,0.0,8.5,7061,7112,2448,3033,1
2026-09-17T23:06:54Z,2694,41.9,2400,2400,2400,2400,0x0,26,33,19,0.0,87.0,7061,7112,2448,3034,1
2026-09-17T23:06:55Z,2695,41.9,2400,2400,2400,2400,0x0,26,33,19,0.0,140.0,7061,7112,2448,3035,1
2026-09-17T23:06:56Z,2696,41.9,2400,2400,2400,2400,0x0,26,33,19,0.0,142.3,7061,7112,2448,3036,1
2026-09-17T23:06:58Z,2697,41.4,2400,2400,2400,2400,0x0,26,33,19,0.0,143.7,7061,7112,2448,3037,1
2026-09-17T23:06:59Z,2699,41.4,2400,2400,2400,2400,0x0,26,33,19,0.0,5.7,7061,7112,2448,3039,1
2026-09-17T23:07:00Z,2700,41.4,2400,2400,2400,2400,0x0,26,33,19,0.0,0.0,7061,7112,2448,3040,1
2026-09-17T23:07:01Z,2701,41.4,2400,2400,2400,2400,0x0,26,33,19,0.0,0.0,7061,7112,2448,3041,1
2026-09-17T23:07:02Z,2702,40.2,2400,2400,2400,2400,0x0,26,33,19,0.0,44.7,7061,7112,2448,3042,1
2026-09-17T23:07:03Z,2703,41.4,2400,2400,2400,2400,0x0,26,33,19,0.0,95.9,7061,7112,2448,3043,1
2026-09-17T23:07:04Z,2704,40.8,2400,2400,2400,2400,0x0,26,33,19,0.0,133.9,7061,7112,2448,3044,1
2026-09-17T23:07:05Z,2705,41.9,2400,2400,2400,2400,0x0,26,33,19,0.0,139.6,7061,7112,2448,3045,1
2026-09-17T23:07:06Z,2706,40.8,2400,2400,2400,2400,0x0,26,33,19,0.0,102.4,7061,7112,2448,3046,1
2026-09-17T23:07:07Z,2707,41.4,2400,2400,2400,2400,0x0,26,33,19,0.0,0.0,7061,7112,2448,3047,1
2026-09-17T23:07:08Z,2708,40.8,2400,2400,2400,2400,0x0,26,33,19,0.0,0.1,7061,7112,2448,3048,1
2026-09-17T23:07:09Z,2709,41.4,2400,2400,2400,2400,0x0,26,33,19,0.0,9.7,7061,7111,2448,3049,1
2026-09-17T23:07:11Z,2710,40.8,2400,2400,2400,2400,0x0,26,33,19,0.0,71.0,7061,7111,2448,3050,1
2026-09-17T23:07:12Z,2712,41.9,2400,2400,2400,2400,0x0,26,33,19,0.0,49.7,7061,7111,2448,3052,1
2026-09-17T23:07:13Z,2713,41.4,2400,2400,2400,2400,0x0,26,33,19,0.0,152.3,7061,7111,2448,3053,1
2026-09-17T23:07:14Z,2714,41.4,2400,2400,2400,2400,0x0,26,33,19,0.0,119.6,7061,7111,2448,3054,1
2026-09-17T23:07:15Z,2715,41.9,2400,2400,2400,2400,0x0,26,33,19,0.0,0.0,7061,7111,2448,3055,1
2026-09-17T23:07:16Z,2716,40.2,2400,2400,2400,2400,0x0,26,33,19,0.0,0.0,7061,7111,2448,3056,1
2026-09-17T23:07:17Z,2717,41.4,2400,2400,2400,2400,0x0,26,33,19,0.0,106.2,7061,7111,2448,3057,1
2026-09-17T23:07:18Z,2718,41.4,2400,2400,2400,2400,0x0,26,33,19,0.0,141.0,7061,7111,2448,3058,1
2026-09-17T23:07:19Z,2719,40.8,2400,2400,2400,2400,0x0,26,33,19,0.0,135.1,7061,7111,2448,3059,1
2026-09-17T23:07:20Z,2720,43.0,2400,2400,2400,2400,0x0,26,33,19,0.0,53.5,7061,7110,2448,3060,1
2026-09-17T23:07:21Z,2721,39.7,2400,2400,2400,2400,0x0,26,33,19,0.0,0.0,7061,7110,2448,3061,1
2026-09-17T23:07:22Z,2722,41.9,2400,2400,2400,2400,0x0,26,33,19,0.0,0.0,7061,7110,2448,3062,1
2026-09-17T23:07:23Z,2723,41.4,2400,2400,2400,2400,0x0,26,33,19,0.0,31.1,7061,7110,2448,3063,1
2026-09-17T23:07:24Z,2724,39.7,2400,2400,2400,2400,0x0,26,33,19,0.0,107.5,7061,7110,2448,3064,1
2026-09-17T23:07:26Z,2725,41.4,2400,2400,2400,2400,0x0,26,33,19,0.0,141.5,7061,7110,2448,3065,1
2026-09-17T23:07:27Z,2727,41.9,2400,2400,2400,2400,0x0,26,33,19,0.0,72.5,7061,7110,2448,3067,1
2026-09-17T23:07:28Z,2728,41.4,2400,2400,2400,2400,0x0,26,33,19,0.0,75.2,7061,7110,2448,3068,1
2026-09-17T23:07:29Z,2729,40.8,2400,2400,2400,2400,0x0,26,33,19,0.0,0.1,7061,7110,2448,3069,1
2026-09-17T23:07:30Z,2730,40.8,2400,2400,2400,2400,0x0,26,33,19,0.0,0.0,7061,7110,2448,3070,1
2026-09-17T23:07:31Z,2731,40.2,2400,2400,2400,2400,0x0,26,33,19,0.0,25.8,7061,7110,2448,3071,1
2026-09-17T23:07:32Z,2732,40.2,2400,2400,2400,2400,0x0,26,33,19,0.0,108.7,7061,7110,2448,3072,1
2026-09-17T23:07:33Z,2733,41.4,2400,2400,2400,2400,0x0,26,33,19,0.0,139.7,7061,7110,2448,3073,1
2026-09-17T23:07:34Z,2734,40.2,2400,2400,2400,2400,0x0,26,33,19,0.0,134.8,7061,7110,2448,3074,1
2026-09-17T23:07:35Z,2735,41.4,2400,2400,2400,2400,0x0,26,33,19,0.0,75.2,7061,7110,2448,3075,1
2026-09-17T23:07:36Z,2736,42.5,2400,2400,2400,2400,0x0,26,33,19,0.0,0.0,7061,7110,2448,3076,1
2026-09-17T23:07:37Z,2737,40.2,2400,2400,2400,2400,0x0,26,33,19,0.0,0.0,7061,7110,2448,3077,1
2026-09-17T23:07:38Z,2738,41.4,2400,2400,2400,2400,0x0,26,33,19,0.0,24.0,7061,7110,2448,3078,1
2026-09-17T23:07:39Z,2739,41.9,2400,2400,2400,2400,0x0,26,33,19,0.0,97.2,7061,7110,2448,3079,1
2026-09-17T23:07:41Z,2740,41.4,2400,2400,2400,2400,0x0,26,33,19,0.0,140.1,7061,7110,2448,3080,1
2026-09-17T23:07:42Z,2742,41.4,2400,2400,2400,2400,0x0,26,33,19,0.0,70.5,7061,7109,2448,3082,1
2026-09-17T23:07:43Z,2743,41.4,2400,2400,2400,2400,0x0,26,33,19,0.0,82.1,7061,7109,2448,3083,1
2026-09-17T23:07:44Z,2744,40.2,2400,2400,2400,2400,0x0,26,33,19,0.0,0.0,7061,7109,2448,3084,1
2026-09-17T23:07:45Z,2745,40.2,2400,2400,2400,2400,0x0,26,33,19,0.0,0.1,7061,7109,2448,3085,1
2026-09-17T23:07:46Z,2746,41.4,2400,2400,2400,2400,0x0,26,33,19,0.0,32.3,7061,7109,2448,3086,1
2026-09-17T23:07:47Z,2747,41.4,2400,2400,2400,2400,0x0,26,33,19,0.0,147.3,7061,7109,2448,3087,1
2026-09-17T23:07:48Z,2748,39.1,2400,2400,2400,2400,0x0,26,33,19,0.0,143.1,7061,7109,2448,3088,1
2026-09-17T23:07:49Z,2749,40.8,2400,2400,2400,2400,0x0,26,33,19,0.0,129.3,7061,7109,2448,3089,1
2026-09-17T23:07:50Z,2750,40.2,2400,2400,2400,2400,0x0,26,33,19,0.0,16.1,7061,7109,2448,3090,1
2026-09-17T23:07:52Z,2752,41.4,2400,2400,2400,2400,0x0,26,33,19,0.0,0.0,7061,7109,2448,3091,1
2026-09-17T23:07:53Z,2753,41.4,2400,2400,2400,2400,0x0,26,33,19,0.0,0.0,7061,7109,2448,3093,1
2026-09-17T23:07:54Z,2754,40.2,2400,2400,2400,2400,0x0,26,33,19,0.0,36.2,7061,7109,2448,3094,1
2026-09-17T23:07:55Z,2755,41.9,2400,2400,2400,2400,0x0,26,33,19,0.0,82.1,7061,7109,2448,3095,1
2026-09-17T23:07:56Z,2756,42.5,2400,2400,2400,2400,0x0,26,33,19,0.0,139.4,7061,7109,2448,3096,1
2026-09-17T23:07:57Z,2757,40.2,2400,2400,2400,2400,0x0,26,33,19,0.0,142.4,7061,7109,2448,3097,1
2026-09-17T23:07:58Z,2758,41.4,2400,2400,2400,2400,0x0,26,33,19,0.0,52.0,7061,7109,2448,3098,1
2026-09-17T23:07:59Z,2759,40.2,2400,2400,2400,2400,0x0,26,33,19,0.0,0.0,7061,7109,2448,3099,1
2026-09-17T23:08:00Z,2760,40.8,2400,2400,2400,2400,0x0,26,33,19,0.0,0.1,7061,7109,2448,3100,1
2026-09-17T23:08:01Z,2761,41.9,2400,2400,2400,2400,0x0,26,33,19,0.0,74.2,7061,7109,2448,3101,1
2026-09-17T23:08:02Z,2762,39.7,2400,2400,2400,2400,0x0,26,33,19,0.0,74.1,7061,7109,2448,3102,1
2026-09-17T23:08:03Z,2763,41.4,2400,2400,2400,2400,0x0,26,33,19,0.0,71.9,7061,7108,2448,3103,1
2026-09-17T23:08:04Z,2764,41.4,2400,2400,2400,2400,0x0,26,33,19,0.0,70.2,7061,7108,2448,3104,1
2026-09-17T23:08:06Z,2765,40.8,2400,2400,2400,2400,0x0,26,33,19,0.0,78.5,7061,7108,2448,3105,1
2026-09-17T23:08:07Z,2767,39.7,2400,2400,2400,2400,0x0,26,33,19,0.0,41.5,7061,7108,2448,3107,1
2026-09-17T23:08:08Z,2768,39.7,2400,2400,2400,2400,0x0,26,33,19,0.0,32.3,7061,7108,2448,3108,1
2026-09-17T23:08:09Z,2769,41.4,2400,2400,2400,2400,0x0,26,33,19,0.0,72.9,7061,7108,2448,3109,1
2026-09-17T23:08:10Z,2770,41.4,2400,2400,2400,2400,0x0,26,33,19,0.0,71.3,7061,7108,2448,3110,1
2026-09-17T23:08:11Z,2771,40.8,2400,2400,2400,2400,0x0,26,33,19,0.0,77.9,7061,7108,2448,3111,1
2026-09-17T23:08:12Z,2772,41.4,2400,2400,2400,2400,0x0,26,33,19,0.0,109.0,7061,7108,2448,3112,1
2026-09-17T23:08:13Z,2773,39.7,2400,2400,2400,2400,0x0,26,33,19,0.0,88.4,7061,7108,2448,3113,1
2026-09-17T23:08:14Z,2774,40.8,2400,2400,2400,2400,0x0,26,33,19,0.0,0.0,7061,7107,2448,3114,1
2026-09-17T23:08:15Z,2775,40.8,2400,2400,2400,2400,0x0,26,33,19,0.0,73.1,7061,7107,2448,3115,1
2026-09-17T23:08:16Z,2776,40.2,2400,2400,2400,2400,0x0,26,33,19,0.0,87.2,7061,7107,2448,3116,1
2026-09-17T23:08:17Z,2777,41.9,2400,2400,2400,2400,0x0,26,33,19,0.0,144.0,7061,7107,2448,3117,1
2026-09-17T23:08:18Z,2778,40.8,2400,2400,2400,2400,0x0,26,33,19,0.0,139.1,7061,7107,2448,3118,1
2026-09-17T23:08:19Z,2779,39.7,2400,2400,2400,2400,0x0,26,33,19,0.0,8.6,7061,7107,2448,3119,1
2026-09-17T23:08:21Z,2780,41.4,2400,2400,2400,2400,0x0,26,33,19,0.0,0.1,7061,7107,2448,3120,1
2026-09-17T23:08:22Z,2782,40.2,2400,2400,2400,2400,0x0,26,33,19,0.0,61.3,7061,7107,2448,3122,1
2026-09-17T23:08:23Z,2783,41.9,2400,2400,2400,2400,0x0,26,33,19,0.0,146.7,7061,7107,2448,3123,1
2026-09-17T23:08:24Z,2784,40.8,2400,2400,2400,2400,0x0,26,33,19,0.0,142.5,7061,7107,2448,3124,1
2026-09-17T23:08:25Z,2785,40.8,2400,2400,2400,2400,0x0,26,33,19,0.0,23.9,7061,7107,2448,3125,1
2026-09-17T23:08:26Z,2786,41.4,2400,2400,2400,2400,0x0,26,33,19,0.0,0.1,7061,7107,2448,3126,1
2026-09-17T23:08:27Z,2787,41.9,2400,2400,2400,2400,0x0,26,33,19,0.0,0.0,7061,7107,2448,3127,1
2026-09-17T23:08:28Z,2788,40.8,2400,2400,2400,2400,0x0,26,33,19,0.0,32.3,7061,7107,2448,3128,1
2026-09-17T23:08:29Z,2789,40.8,2400,2400,2400,2400,0x0,26,33,19,0.0,119.2,7061,7107,2448,3129,1
2026-09-17T23:08:30Z,2790,40.2,2400,2400,2400,2400,0x0,26,33,19,0.0,147.4,7061,7107,2448,3130,1
2026-09-17T23:08:31Z,2791,40.2,2400,2400,2400,2400,0x0,26,33,19,0.0,133.1,7061,7107,2448,3131,1
2026-09-17T23:08:32Z,2792,41.4,2400,2400,2400,2400,0x0,26,33,19,0.0,52.2,7061,7107,2448,3132,1
2026-09-17T23:08:33Z,2793,41.4,2400,2400,2400,2400,0x0,26,33,19,0.0,0.0,7061,7107,2448,3133,1
2026-09-17T23:08:34Z,2794,40.8,2400,2400,2400,2400,0x0,26,33,19,0.0,0.0,7061,7107,2448,3134,1
2026-09-17T23:08:36Z,2795,41.4,2400,2400,2400,2400,0x0,26,33,19,0.0,32.4,7061,7106,2448,3135,1
2026-09-17T23:08:37Z,2797,40.8,2400,2400,2400,2400,0x0,26,33,19,0.0,60.7,7061,7106,2448,3137,1
2026-09-17T23:08:38Z,2798,40.8,2400,2400,2400,2400,0x0,26,33,19,0.0,146.5,7061,7106,2448,3138,1
2026-09-17T23:08:39Z,2799,40.8,2400,2400,2400,2400,0x0,26,33,19,0.0,141.5,7061,7106,2448,3139,1
2026-09-17T23:08:40Z,2800,39.7,2400,2400,2400,2400,0x0,26,33,19,0.0,42.4,7061,7106,2448,3140,1
2026-09-17T23:08:41Z,2801,40.8,2400,2400,2400,2400,0x0,26,33,19,0.0,0.1,7061,7106,2448,3141,1
2026-09-17T23:08:42Z,2802,43.0,2400,2400,2400,2400,0x0,26,33,19,0.0,0.0,7061,7106,2448,3142,1
2026-09-17T23:08:43Z,2803,40.2,2400,2400,2400,2400,0x0,26,33,19,0.0,16.1,7061,7106,2448,3143,1
2026-09-17T23:08:44Z,2804,40.8,2400,2400,2400,2400,0x0,26,33,19,0.0,122.6,7061,7106,2448,3144,1
2026-09-17T23:08:45Z,2805,41.9,2400,2400,2400,2400,0x0,26,33,19,0.0,143.1,7061,7106,2448,3145,1
2026-09-17T23:08:46Z,2806,41.9,2400,2400,2400,2400,0x0,26,33,19,0.0,133.6,7061,7105,2448,3146,1
2026-09-17T23:08:48Z,2807,41.9,2400,2400,2400,2400,0x0,26,33,19,0.0,68.8,7061,7105,2448,3148,1
2026-09-17T23:08:49Z,2809,41.4,2400,2400,2400,2400,0x0,26,33,19,0.0,0.0,7061,7105,2448,3149,1
2026-09-17T23:08:50Z,2810,41.4,2400,2400,2400,2400,0x0,26,33,19,0.0,0.0,7061,7105,2448,3150,1
2026-09-17T23:08:51Z,2811,41.4,2400,2400,2400,2400,0x0,26,33,19,0.0,45.9,7061,7105,2448,3151,1
2026-09-17T23:08:52Z,2812,39.7,2400,2400,2400,2400,0x0,26,33,19,0.0,95.1,7061,7105,2448,3152,1
2026-09-17T23:08:53Z,2813,40.2,2400,2400,2400,2400,0x0,26,33,19,0.0,141.9,7061,7105,2448,3153,1
2026-09-17T23:08:54Z,2814,41.4,2400,2400,2400,2400,0x0,26,33,19,0.0,139.2,7061,7105,2448,3154,1
2026-09-17T23:08:55Z,2815,39.7,2400,2400,2400,2400,0x0,26,33,19,0.0,78.3,7061,7105,2448,3155,1
2026-09-17T23:08:56Z,2816,41.4,2400,2400,2400,2400,0x0,26,33,19,0.0,0.0,7061,7105,2448,3156,1
2026-09-17T23:08:57Z,2817,41.9,2400,2400,2400,2400,0x0,26,33,19,0.0,0.1,7061,7105,2448,3157,1
2026-09-17T23:08:58Z,2818,41.4,2400,2400,2400,2400,0x0,26,33,19,0.0,13.6,7061,7105,2448,3158,1
2026-09-17T23:08:59Z,2819,39.7,2400,2400,2400,2400,0x0,26,33,19,0.0,107.7,7061,7105,2448,3159,1
2026-09-17T23:09:00Z,2820,41.4,2400,2400,2400,2400,0x0,26,33,19,0.0,141.0,7061,7105,2448,3160,1
2026-09-17T23:09:01Z,2821,40.2,2400,2400,2400,2400,0x0,26,33,19,0.0,134.8,7061,7105,2448,3161,1
2026-09-17T23:09:03Z,2822,40.8,2400,2400,2400,2400,0x0,26,33,19,0.0,103.2,7061,7105,2448,3162,1
2026-09-17T23:09:04Z,2824,40.2,2400,2400,2400,2400,0x0,26,33,19,0.0,0.0,7061,7105,2448,3164,1
2026-09-17T23:09:05Z,2825,41.4,2400,2400,2400,2400,0x0,26,33,19,0.0,0.0,7061,7105,2448,3165,1
2026-09-17T23:09:06Z,2826,41.4,2400,2400,2400,2400,0x0,26,33,19,0.0,8.4,7061,7105,2448,3166,1
2026-09-17T23:09:07Z,2827,41.4,2400,2400,2400,2400,0x0,26,33,19,0.0,59.4,7061,7105,2448,3167,1
2026-09-17T23:09:08Z,2828,40.8,2400,2400,2400,2400,0x0,26,33,19,0.0,141.3,7061,7104,2448,3168,1
2026-09-17T23:09:09Z,2829,41.4,2400,2400,2400,2400,0x0,26,33,19,0.0,141.8,7061,7104,2448,3169,1
2026-09-17T23:09:10Z,2830,40.8,2400,2400,2400,2400,0x0,26,33,19,0.0,141.8,7061,7104,2448,3170,1
2026-09-17T23:09:11Z,2831,41.4,2400,2400,2400,2400,0x0,26,33,19,0.0,7.7,7061,7104,2448,3171,1
2026-09-17T23:09:12Z,2832,41.4,2400,2400,2400,2400,0x0,26,33,19,0.0,0.1,7061,7104,2448,3172,1
2026-09-17T23:09:13Z,2833,41.9,2400,2400,2400,2400,0x0,26,33,19,0.0,0.0,7061,7104,2448,3173,1
2026-09-17T23:09:14Z,2834,40.8,2400,2400,2400,2400,0x0,26,33,19,0.0,81.8,7061,7104,2448,3174,1
2026-09-17T23:09:15Z,2835,41.4,2400,2400,2400,2400,0x0,26,33,19,0.0,142.9,7061,7104,2448,3175,1
2026-09-17T23:09:16Z,2836,40.2,2400,2400,2400,2400,0x0,26,33,19,0.0,142.2,7061,7104,2448,3176,1
2026-09-17T23:09:18Z,2837,40.8,2400,2400,2400,2400,0x0,26,33,19,0.0,101.3,7061,7104,2448,3177,1
2026-09-17T23:09:19Z,2839,41.9,2400,2400,2400,2400,0x0,26,33,19,0.0,0.0,7061,7103,2448,3179,1
2026-09-17T23:09:20Z,2840,41.4,2400,2400,2400,2400,0x0,26,33,19,0.0,0.0,7061,7103,2448,3180,1
2026-09-17T23:09:21Z,2841,41.4,2400,2400,2400,2400,0x0,26,33,19,0.0,11.0,7061,7103,2448,3181,1
2026-09-17T23:09:22Z,2842,41.4,2400,2400,2400,2400,0x0,26,33,19,0.0,54.7,7061,7103,2448,3182,1
2026-09-17T23:09:23Z,2843,40.2,2400,2400,2400,2400,0x0,26,33,19,0.0,134.6,7061,7103,2448,3183,1
2026-09-17T23:09:24Z,2844,41.4,2400,2400,2400,2400,0x0,26,33,19,0.0,142.3,7061,7103,2448,3184,1
2026-09-17T23:09:25Z,2845,39.1,2400,2400,2400,2400,0x0,26,33,19,0.0,140.6,7061,7103,2448,3185,1
2026-09-17T23:09:26Z,2846,40.2,2400,2400,2400,2400,0x0,26,33,19,0.0,33.3,7061,7103,2448,3186,1
2026-09-17T23:09:27Z,2847,40.2,2400,2400,2400,2400,0x0,26,33,19,0.0,0.1,7061,7103,2448,3187,1
2026-09-17T23:09:28Z,2848,41.4,2400,2400,2400,2400,0x0,26,33,19,0.0,0.0,7061,7103,2448,3188,1
2026-09-17T23:09:29Z,2849,41.9,2400,2400,2400,2400,0x0,26,33,19,0.0,47.8,7061,7103,2448,3189,1
2026-09-17T23:09:30Z,2850,40.2,2400,2400,2400,2400,0x0,26,33,19,0.0,140.9,7061,7103,2448,3190,1
2026-09-17T23:09:31Z,2851,41.4,2400,2400,2400,2400,0x0,26,33,19,0.0,143.1,7061,7103,2448,3191,1
2026-09-17T23:09:33Z,2852,39.7,2400,2400,2400,2400,0x0,26,33,19,0.0,142.6,7061,7103,2448,3192,1
2026-09-17T23:09:34Z,2854,40.8,2400,2400,2400,2400,0x0,26,33,19,0.0,5.0,7061,7103,2448,3194,1
2026-09-17T23:09:35Z,2855,41.4,2400,2400,2400,2400,0x0,26,33,19,0.0,0.0,7061,7103,2448,3195,1
2026-09-17T23:09:36Z,2856,41.4,2400,2400,2400,2400,0x0,26,33,19,0.0,0.0,7061,7103,2448,3196,1
2026-09-17T23:09:37Z,2857,41.4,2400,2400,2400,2400,0x0,26,33,19,0.0,47.6,7061,7103,2448,3197,1
2026-09-17T23:09:38Z,2858,40.8,2400,2400,2400,2400,0x0,26,33,19,0.0,133.4,7061,7103,2448,3198,1
2026-09-17T23:09:39Z,2859,40.2,2400,2400,2400,2400,0x0,26,33,19,0.0,143.3,7061,7103,2448,3199,1
2026-09-17T23:09:40Z,2860,41.4,2400,2400,2400,2400,0x0,26,33,19,0.0,140.1,7061,7102,2448,3200,1
2026-09-17T23:09:41Z,2861,41.4,2400,2400,2400,2400,0x0,26,33,19,0.0,19.9,7061,7102,2448,3201,1
2026-09-17T23:09:42Z,2862,41.9,2400,2400,2400,2400,0x0,26,33,19,0.0,0.0,7061,7102,2448,3202,1
2026-09-17T23:09:43Z,2863,39.7,2400,2400,2400,2400,0x0,26,33,19,0.0,8.5,7061,7102,2448,3203,1
2026-09-17T23:09:44Z,2864,41.9,2400,2400,2400,2400,0x0,26,33,19,0.0,140.7,7061,7102,2448,3204,1
2026-09-17T23:09:45Z,2865,40.2,2400,2400,2400,2400,0x0,26,33,19,0.0,142.7,7061,7102,2448,3205,1
2026-09-17T23:09:46Z,2866,41.4,2400,2400,2400,2400,0x0,26,33,19,0.0,127.8,7061,7102,2448,3206,1
2026-09-17T23:09:48Z,2867,41.4,2400,2400,2400,2400,0x0,26,33,19,0.0,0.0,7061,7102,2448,3207,1
2026-09-17T23:09:49Z,2869,39.7,2400,2400,2400,2400,0x0,26,33,19,0.0,0.1,7061,7102,2448,3209,1
2026-09-17T23:09:50Z,2870,40.2,2400,2400,2400,2400,0x0,26,33,19,0.0,0.0,7061,7102,2448,3210,1
2026-09-17T23:09:51Z,2871,41.9,2400,2400,2400,2400,0x0,26,33,19,0.0,24.5,7061,7101,2448,3211,1
2026-09-17T23:09:52Z,2872,41.4,2400,2400,2400,2400,0x0,26,33,19,0.0,130.4,7061,7101,2448,3212,1
2026-09-17T23:09:53Z,2873,42.5,2400,2400,2400,2400,0x0,26,33,19,0.0,134.3,7061,7101,2448,3213,1
2026-09-17T23:09:54Z,2874,41.4,2400,2400,2400,2400,0x0,26,33,19,0.0,140.0,7061,7101,2448,3214,1
2026-09-17T23:09:55Z,2875,40.2,2400,2400,2400,2400,0x0,26,33,19,0.0,71.2,7061,7101,2448,3215,1
2026-09-17T23:09:56Z,2876,41.9,2400,2400,2400,2400,0x0,26,33,19,0.0,0.0,7061,7101,2448,3216,1
2026-09-17T23:09:57Z,2877,40.8,2400,2400,2400,2400,0x0,26,33,19,0.0,0.0,7061,7101,2448,3217,1
2026-09-17T23:09:58Z,2878,41.9,2400,2400,2400,2400,0x0,26,33,19,0.0,29.9,7061,7101,2448,3218,1
2026-09-17T23:09:59Z,2879,41.4,2400,2400,2400,2400,0x0,26,33,19,0.0,109.9,7061,7101,2448,3219,1
2026-09-17T23:10:01Z,2880,39.7,2400,2400,2400,2400,0x0,26,33,19,0.0,143.1,7061,7101,2448,3220,1
2026-09-17T23:10:02Z,2882,41.4,2400,2400,2400,2400,0x0,26,33,19,0.0,71.7,7061,7101,2448,3222,1
2026-09-17T23:10:03Z,2883,41.4,2400,2400,2400,2400,0x0,26,33,19,0.0,74.2,7061,7101,2448,3223,1
2026-09-17T23:10:04Z,2884,41.4,2400,2400,2400,2400,0x0,26,33,19,0.0,0.1,7061,7101,2448,3224,1
2026-09-17T23:10:05Z,2885,40.8,2400,2400,2400,2400,0x0,26,33,19,0.0,0.0,7061,7101,2448,3225,1
2026-09-17T23:10:06Z,2886,41.4,2400,2400,2400,2400,0x0,26,33,19,0.0,25.8,7061,7101,2448,3226,1
2026-09-17T23:10:07Z,2887,40.8,2400,2400,2400,2400,0x0,26,33,19,0.0,58.2,7061,7101,2448,3227,1
2026-09-17T23:10:08Z,2888,40.8,2400,2400,2400,2400,0x0,26,33,19,0.0,148.3,7061,7101,2448,3228,1
2026-09-17T23:10:09Z,2889,41.4,2400,2400,2400,2400,0x0,26,33,19,0.0,141.6,7061,7101,2448,3229,1
2026-09-17T23:10:10Z,2890,41.4,2400,2400,2400,2400,0x0,26,33,19,0.0,126.5,7061,7101,2448,3230,1
2026-09-17T23:10:11Z,2891,41.4,2400,2400,2400,2400,0x0,26,33,19,0.0,0.0,7061,7101,2448,3231,1
2026-09-17T23:10:12Z,2892,40.2,2400,2400,2400,2400,0x0,26,33,19,0.0,0.0,7061,7100,2448,3232,1
2026-09-17T23:10:13Z,2893,41.4,2400,2400,2400,2400,0x0,26,33,19,0.0,0.0,7061,7100,2448,3233,1
2026-09-17T23:10:15Z,2894,40.2,2400,2400,2400,2400,0x0,26,33,19,0.0,64.7,7061,7100,2448,3234,1
2026-09-17T23:10:16Z,2896,40.8,2400,2400,2400,2400,0x0,26,33,19,0.0,59.1,7061,7100,2448,3236,1
2026-09-17T23:10:17Z,2897,41.4,2400,2400,2400,2400,0x0,26,33,19,0.0,142.1,7061,7100,2448,3237,1
2026-09-17T23:10:18Z,2898,41.9,2400,2400,2400,2400,0x0,26,33,19,0.0,143.2,7061,7100,2448,3238,1
2026-09-17T23:10:19Z,2899,41.4,2400,2400,2400,2400,0x0,26,33,19,0.0,64.7,7061,7100,2448,3239,1
2026-09-17T23:10:20Z,2900,41.9,2400,2400,2400,2400,0x0,26,33,19,0.0,0.0,7061,7100,2448,3240,1
2026-09-17T23:10:21Z,2901,41.4,2400,2400,2400,2400,0x0,26,33,19,0.0,0.0,7061,7100,2448,3241,1
2026-09-17T23:10:22Z,2902,39.1,2400,2400,2400,2400,0x0,26,33,19,0.0,32.3,7061,7100,2448,3242,1
2026-09-17T23:10:23Z,2903,39.1,2400,2400,2400,2400,0x0,26,33,19,0.0,117.2,7061,7099,2448,3243,1
2026-09-17T23:10:24Z,2904,41.4,2400,2400,2400,2400,0x0,26,33,19,0.0,148.0,7061,7099,2448,3244,1
2026-09-17T23:10:25Z,2905,41.4,2400,2400,2400,2400,0x0,26,33,19,0.0,143.9,7061,7099,2448,3245,1
2026-09-17T23:10:26Z,2906,41.4,2400,2400,2400,2400,0x0,26,33,19,0.0,42.9,7061,7099,2448,3246,1
2026-09-17T23:10:27Z,2907,40.2,2400,2400,2400,2400,0x0,26,33,19,0.0,0.0,7061,7099,2448,3247,1
2026-09-17T23:10:29Z,2908,41.4,2400,2400,2400,2400,0x0,26,33,19,0.0,0.0,7061,7099,2448,3248,1
2026-09-17T23:10:30Z,2910,39.1,2400,2400,2400,2400,0x0,26,33,19,0.0,16.2,7061,7099,2448,3250,1
2026-09-17T23:10:31Z,2911,41.4,2400,2400,2400,2400,0x0,26,33,19,0.0,128.3,7061,7099,2448,3251,1
2026-09-17T23:10:32Z,2912,41.4,2400,2400,2400,2400,0x0,26,33,19,0.0,146.1,7061,7099,2448,3252,1
2026-09-17T23:10:33Z,2913,41.4,2400,2400,2400,2400,0x0,26,33,19,0.0,145.9,7061,7099,2448,3253,1
2026-09-17T23:10:34Z,2914,41.4,2400,2400,2400,2400,0x0,26,33,19,0.0,31.6,7061,7099,2448,3254,1
2026-09-17T23:10:35Z,2915,40.8,2400,2400,2400,2400,0x0,26,33,19,0.0,0.1,7061,7099,2448,3255,1
2026-09-17T23:10:36Z,2916,41.4,2400,2400,2400,2400,0x0,26,33,19,0.0,0.0,7061,7099,2448,3256,1
2026-09-17T23:10:37Z,2917,41.4,2400,2400,2400,2400,0x0,26,33,19,0.0,32.3,7061,7099,2448,3257,1
2026-09-17T23:10:38Z,2918,41.4,2400,2400,2400,2400,0x0,26,33,19,0.0,134.3,7061,7099,2448,3258,1
2026-09-17T23:10:39Z,2919,40.2,2400,2400,2400,2400,0x0,26,33,19,0.0,140.2,7061,7099,2448,3259,1
2026-09-17T23:10:40Z,2920,40.2,2400,2400,2400,2400,0x0,26,33,19,0.0,122.4,7061,7099,2448,3260,1
2026-09-17T23:10:41Z,2921,41.4,2400,2400,2400,2400,0x0,26,33,19,0.0,55.1,7061,7099,2448,3261,1
2026-09-17T23:10:42Z,2922,41.4,2400,2400,2400,2400,0x0,26,33,19,0.0,0.0,7061,7099,2448,3262,1
2026-09-17T23:10:44Z,2923,41.9,2400,2400,2400,2400,0x0,26,33,19,0.0,0.0,7061,7099,2448,3263,1
2026-09-17T23:10:45Z,2925,39.7,2400,2400,2400,2400,0x0,26,33,19,0.0,16.2,7061,7098,2448,3265,1
2026-09-17T23:10:46Z,2926,40.2,2400,2400,2400,2400,0x0,26,33,19,0.0,134.7,7061,7098,2448,3266,1
2026-09-17T23:10:47Z,2927,40.8,2400,2400,2400,2400,0x0,26,33,19,0.0,142.3,7061,7098,2448,3267,1
2026-09-17T23:10:48Z,2928,41.9,2400,2400,2400,2400,0x0,26,33,19,0.0,142.6,7061,7098,2448,3268,1
2026-09-17T23:10:49Z,2929,40.2,2400,2400,2400,2400,0x0,26,33,19,0.0,32.3,7061,7098,2448,3269,1
2026-09-17T23:10:50Z,2930,40.8,2400,2400,2400,2400,0x0,26,33,19,0.0,0.1,7061,7098,2448,3270,1
2026-09-17T23:10:51Z,2931,41.4,2400,2400,2400,2400,0x0,26,33,19,0.0,0.0,7061,7098,2448,3271,1
2026-09-17T23:10:52Z,2932,40.2,2400,2400,2400,2400,0x0,26,33,19,0.0,16.1,7061,7098,2448,3272,1
2026-09-17T23:10:53Z,2933,40.2,2400,2400,2400,2400,0x0,26,33,19,0.0,127.6,7061,7098,2448,3273,1
2026-09-17T23:10:54Z,2934,40.2,2400,2400,2400,2400,0x0,26,33,19,0.0,145.5,7061,7098,2448,3274,1
2026-09-17T23:10:55Z,2935,39.7,2400,2400,2400,2400,0x0,26,33,19,0.0,135.7,7061,7098,2448,3275,1
2026-09-17T23:10:57Z,2936,39.7,2400,2400,2400,2400,0x0,26,33,19,0.0,43.2,7061,7098,2448,3276,1
2026-09-17T23:10:58Z,2938,41.4,2400,2400,2400,2400,0x0,26,33,19,0.0,0.0,7061,7098,2448,3278,1
2026-09-17T23:10:59Z,2939,40.8,2400,2400,2400,2400,0x0,26,33,19,0.0,0.0,7061,7098,2448,3279,1
2026-09-17T23:11:00Z,2940,41.9,2400,2400,2400,2400,0x0,26,33,19,0.0,44.6,7061,7098,2448,3280,1
2026-09-17T23:11:01Z,2941,40.8,2400,2400,2400,2400,0x0,26,33,19,0.0,134.5,7061,7098,2448,3281,1
2026-09-17T23:11:02Z,2942,41.4,2400,2400,2400,2400,0x0,26,33,19,0.0,146.0,7061,7098,2448,3282,1
2026-09-17T23:11:03Z,2943,40.8,2400,2400,2400,2400,0x0,26,33,19,0.0,139.6,7061,7098,2448,3283,1
2026-09-17T23:11:04Z,2944,39.7,2400,2400,2400,2400,0x0,26,33,19,0.0,35.8,7061,7098,2448,3284,1
2026-09-17T23:11:05Z,2945,41.4,2400,2400,2400,2400,0x0,26,33,19,0.0,0.0,7061,7098,2448,3285,1
2026-09-17T23:11:06Z,2946,41.4,2400,2400,2400,2400,0x0,26,33,19,0.0,0.2,7061,7097,2448,3286,1
2026-09-17T23:11:07Z,2947,41.4,2400,2400,2400,2400,0x0,26,33,19,0.0,43.4,7061,7097,2448,3287,1
2026-09-17T23:11:08Z,2948,41.4,2400,2400,2400,2400,0x0,26,33,19,0.0,141.0,7061,7097,2448,3288,1
2026-09-17T23:11:09Z,2949,41.4,2400,2400,2400,2400,0x0,26,33,19,0.0,143.9,7061,7097,2448,3289,1
2026-09-17T23:11:10Z,2950,40.2,2400,2400,2400,2400,0x0,26,33,19,0.0,140.8,7061,7097,2448,3290,1
2026-09-17T23:11:12Z,2951,41.4,2400,2400,2400,2400,0x0,26,33,19,0.0,15.1,7061,7097,2448,3291,1
2026-09-17T23:11:13Z,2953,41.4,2400,2400,2400,2400,0x0,26,33,19,0.0,0.0,7061,7097,2448,3293,1
2026-09-17T23:11:14Z,2954,40.8,2400,2400,2400,2400,0x0,26,33,19,0.0,0.0,7061,7097,2448,3294,1
2026-09-17T23:11:15Z,2955,41.9,2400,2400,2400,2400,0x0,26,33,19,0.0,38.8,7061,7097,2448,3295,1
2026-09-17T23:11:16Z,2956,40.8,2400,2400,2400,2400,0x0,26,33,19,0.0,133.7,7061,7097,2448,3296,1
2026-09-17T23:11:17Z,2957,39.7,2400,2400,2400,2400,0x0,26,33,19,0.0,139.6,7061,7096,2448,3297,1
2026-09-17T23:11:18Z,2958,41.4,2400,2400,2400,2400,0x0,26,33,19,0.0,143.1,7061,7096,2448,3298,1
2026-09-17T23:11:19Z,2959,40.2,2400,2400,2400,2400,0x0,26,33,19,0.0,29.1,7061,7096,2448,3299,1
2026-09-17T23:11:20Z,2960,41.4,2400,2400,2400,2400,0x0,26,33,19,0.0,0.0,7061,7096,2448,3300,1
2026-09-17T23:11:21Z,2961,41.4,2400,2400,2400,2400,0x0,26,33,19,0.0,0.1,7061,7096,2448,3301,1
2026-09-17T23:11:22Z,2962,41.4,2400,2400,2400,2400,0x0,26,33,19,0.0,38.6,7061,7096,2448,3302,1
2026-09-17T23:11:23Z,2963,41.4,2400,2400,2400,2400,0x0,26,33,19,0.0,140.2,7061,7096,2448,3303,1
2026-09-17T23:11:24Z,2964,40.2,2400,2400,2400,2400,0x0,26,33,19,0.0,145.0,7061,7096,2448,3304,1
2026-09-17T23:11:25Z,2965,39.7,2400,2400,2400,2400,0x0,26,33,19,0.0,140.7,7061,7096,2448,3305,1
2026-09-17T23:11:27Z,2966,41.9,2400,2400,2400,2400,0x0,26,33,19,0.0,19.8,7061,7096,2448,3306,1
2026-09-17T23:11:28Z,2968,39.7,2400,2400,2400,2400,0x0,26,33,19,0.0,0.0,7061,7096,2448,3308,1
2026-09-17T23:11:29Z,2969,39.7,2400,2400,2400,2400,0x0,26,33,19,0.0,0.0,7061,7096,2448,3309,1
2026-09-17T23:11:30Z,2970,40.8,2400,2400,2400,2400,0x0,26,33,19,0.0,42.0,7061,7096,2448,3310,1
2026-09-17T23:11:31Z,2971,41.4,2400,2400,2400,2400,0x0,26,33,19,0.0,139.4,7061,7096,2448,3311,1
2026-09-17T23:11:32Z,2972,40.8,2400,2400,2400,2400,0x0,26,33,19,0.0,131.9,7061,7096,2448,3312,1
2026-09-17T23:11:33Z,2973,41.9,2400,2400,2400,2400,0x0,26,33,19,0.0,143.2,7061,7096,2448,3313,1
2026-09-17T23:11:34Z,2974,40.2,2400,2400,2400,2400,0x0,26,33,19,0.0,27.7,7061,7096,2448,3314,1
2026-09-17T23:11:35Z,2975,41.4,2400,2400,2400,2400,0x0,26,33,19,0.0,0.0,7061,7096,2448,3315,1
2026-09-17T23:11:36Z,2976,41.9,2400,2400,2400,2400,0x0,26,33,19,0.0,0.1,7061,7096,2448,3316,1
2026-09-17T23:11:37Z,2977,41.4,2400,2400,2400,2400,0x0,26,33,19,0.0,40.1,7061,7096,2448,3317,1
2026-09-17T23:11:38Z,2978,41.4,2400,2400,2400,2400,0x0,26,33,19,0.0,92.2,7061,7095,2448,3318,1
2026-09-17T23:11:39Z,2979,40.2,2400,2400,2400,2400,0x0,26,33,19,0.0,145.9,7061,7095,2448,3319,1
2026-09-17T23:11:40Z,2980,40.8,2400,2400,2400,2400,0x0,26,33,19,0.0,142.7,7061,7095,2448,3320,1
2026-09-17T23:11:42Z,2981,40.8,2400,2400,2400,2400,0x0,26,33,19,0.0,79.4,7061,7095,2448,3321,1
2026-09-17T23:11:43Z,2983,41.4,2400,2400,2400,2400,0x0,26,33,19,0.0,0.1,7061,7095,2448,3323,1
2026-09-17T23:11:44Z,2984,40.8,2400,2400,2400,2400,0x0,26,33,19,0.0,0.0,7061,7095,2448,3324,1
2026-09-17T23:11:45Z,2985,41.4,2400,2400,2400,2400,0x0,26,33,19,0.0,9.7,7061,7095,2448,3325,1
2026-09-17T23:11:46Z,2986,41.9,2400,2400,2400,2400,0x0,26,33,19,0.0,105.2,7061,7095,2448,3326,1
2026-09-17T23:11:47Z,2987,40.2,2400,2400,2400,2400,0x0,26,33,19,0.0,136.8,7061,7095,2448,3327,1
2026-09-17T23:11:48Z,2988,42.5,2400,2400,2400,2400,0x0,26,33,19,0.0,134.3,7061,7095,2448,3328,1
2026-09-17T23:11:49Z,2989,40.8,2400,2400,2400,2400,0x0,26,33,19,0.0,98.3,7061,7094,2448,3329,1
2026-09-17T23:11:50Z,2990,40.8,2400,2400,2400,2400,0x0,26,33,19,0.0,0.0,7061,7094,2448,3330,1
2026-09-17T23:11:51Z,2991,41.9,2400,2400,2400,2400,0x0,26,33,19,0.0,0.0,7061,7094,2448,3331,1
2026-09-17T23:11:52Z,2992,42.5,2400,2400,2400,2400,0x0,26,33,19,0.0,16.3,7061,7094,2448,3332,1
2026-09-17T23:11:53Z,2993,40.2,2400,2400,2400,2400,0x0,26,33,19,0.0,143.9,7061,7094,2448,3333,1
2026-09-17T23:11:54Z,2994,41.4,2400,2400,2400,2400,0x0,26,33,19,0.0,138.9,7061,7094,2448,3334,1
2026-09-17T23:11:55Z,2995,40.2,2400,2400,2400,2400,0x0,26,33,19,0.0,143.5,7061,7094,2448,3335,1
2026-09-17T23:11:57Z,2997,40.8,2400,2400,2400,2400,0x0,26,33,19,0.0,12.8,7061,7094,2448,3336,1
2026-09-17T23:11:58Z,2998,40.2,2400,2400,2400,2400,0x0,26,33,19,0.0,0.1,7061,7094,2448,3338,1
2026-09-17T23:11:59Z,2999,40.2,2400,2400,2400,2400,0x0,26,33,19,0.0,0.0,7061,7094,2448,3339,1
2026-09-17T23:12:00Z,3000,41.9,2400,2400,2400,2400,0x0,26,33,19,0.0,28.5,7061,7094,2448,3340,1
2026-09-17T23:12:01Z,3001,40.8,2400,2400,2400,2400,0x0,26,33,19,0.0,126.5,7061,7094,2448,3341,1
2026-09-17T23:12:02Z,3002,41.4,2400,2400,2400,2400,0x0,26,33,19,0.0,148.1,7061,7094,2448,3342,1
2026-09-17T23:12:03Z,3003,41.4,2400,2400,2400,2400,0x0,26,33,19,0.0,130.6,7061,7094,2448,3343,1
2026-09-17T23:12:04Z,3004,40.8,2400,2400,2400,2400,0x0,26,33,19,0.0,66.8,7061,7094,2448,3344,1
2026-09-17T23:12:05Z,3005,40.8,2400,2400,2400,2400,0x0,26,33,19,0.0,0.0,7061,7094,2448,3345,1
2026-09-17T23:12:06Z,3006,40.2,2400,2400,2400,2400,0x0,26,33,19,0.0,0.0,7061,7094,2448,3346,1
2026-09-17T23:12:07Z,3007,41.4,2400,2400,2400,2400,0x0,26,33,19,0.0,32.3,7061,7094,2448,3347,1
2026-09-17T23:12:09Z,3008,40.8,2400,2400,2400,2400,0x0,26,33,19,0.0,90.5,7061,7094,2448,3348,1
2026-09-17T23:12:10Z,3010,40.2,2400,2400,2400,2400,0x0,26,33,19,0.0,76.9,7061,7094,2448,3350,1
2026-09-17T23:12:11Z,3011,41.4,2400,2400,2400,2400,0x0,26,33,19,0.0,144.5,7061,7093,2448,3351,1
2026-09-17T23:12:12Z,3012,41.4,2400,2400,2400,2400,0x0,26,33,19,0.0,63.2,7061,7093,2448,3352,1
2026-09-17T23:12:13Z,3013,39.7,2400,2400,2400,2400,0x0,26,33,19,0.0,0.0,7061,7093,2448,3353,1
2026-09-17T23:12:14Z,3014,40.2,2400,2400,2400,2400,0x0,26,33,19,0.0,0.1,7061,7093,2448,3354,1
2026-09-17T23:12:15Z,3015,41.9,2400,2400,2400,2400,0x0,26,33,19,0.0,32.3,7061,7093,2448,3355,1
2026-09-17T23:12:16Z,3016,41.4,2400,2400,2400,2400,0x0,26,33,19,0.0,119.9,7061,7093,2448,3356,1
2026-09-17T23:12:17Z,3017,40.8,2400,2400,2400,2400,0x0,26,33,19,0.0,139.3,7061,7093,2448,3357,1
2026-09-17T23:12:18Z,3018,40.2,2400,2400,2400,2400,0x0,26,33,19,0.0,144.4,7061,7093,2448,3358,1
2026-09-17T23:12:19Z,3019,41.4,2400,2400,2400,2400,0x0,26,33,19,0.0,64.5,7061,7093,2448,3359,1
2026-09-17T23:12:20Z,3020,41.4,2400,2400,2400,2400,0x0,26,33,19,0.0,0.0,7061,7093,2448,3360,1
2026-09-17T23:12:21Z,3021,41.4,2400,2400,2400,2400,0x0,26,33,19,0.0,0.0,7061,7092,2448,3361,1
2026-09-17T23:12:22Z,3022,41.4,2400,2400,2400,2400,0x0,26,33,19,0.0,32.3,7061,7092,2448,3362,1
2026-09-17T23:12:24Z,3023,41.4,2400,2400,2400,2400,0x0,26,33,19,0.0,102.9,7061,7092,2448,3363,1
2026-09-17T23:12:25Z,3025,39.7,2400,2400,2400,2400,0x0,26,33,19,0.0,71.4,7061,7092,2448,3365,1
2026-09-17T23:12:26Z,3026,41.4,2400,2400,2400,2400,0x0,26,33,19,0.0,146.0,7061,7092,2448,3366,1
2026-09-17T23:12:27Z,3027,40.8,2400,2400,2400,2400,0x0,26,33,19,0.0,60.4,7061,7092,2448,3367,1
2026-09-17T23:12:28Z,3028,39.7,2400,2400,2400,2400,0x0,26,33,19,0.0,0.0,7061,7092,2448,3368,1
2026-09-17T23:12:29Z,3029,39.7,2400,2400,2400,2400,0x0,26,33,19,0.0,0.2,7061,7092,2448,3369,1
2026-09-17T23:12:30Z,3030,40.8,2400,2400,2400,2400,0x0,26,33,19,0.0,32.3,7061,7092,2448,3370,1
2026-09-17T23:12:31Z,3031,40.2,2400,2400,2400,2400,0x0,26,33,19,0.0,107.3,7061,7092,2448,3371,1
2026-09-17T23:12:32Z,3032,41.4,2400,2400,2400,2400,0x0,26,33,19,0.0,142.2,7061,7092,2448,3372,1
2026-09-17T23:12:33Z,3033,40.8,2400,2400,2400,2400,0x0,26,33,19,0.0,166.2,7061,7092,2448,3373,1
2026-09-17T23:12:34Z,3034,40.2,2400,2400,2400,2400,0x0,26,33,19,0.0,36.3,7061,7092,2448,3374,1
2026-09-17T23:12:35Z,3035,40.8,2400,2400,2400,2400,0x0,26,33,19,0.0,0.0,7061,7092,2448,3375,1
2026-09-17T23:12:37Z,3036,40.2,2400,2400,2400,2400,0x0,26,33,19,0.0,0.0,7061,7092,2448,3376,1
2026-09-17T23:12:38Z,3038,41.4,2400,2400,2400,2400,0x0,26,33,19,0.0,16.1,7061,7092,2448,3378,1
2026-09-17T23:12:39Z,3039,41.4,2400,2400,2400,2400,0x0,26,33,19,0.0,135.9,7061,7092,2448,3379,1
2026-09-17T23:12:40Z,3040,41.4,2400,2400,2400,2400,0x0,26,33,19,0.0,129.0,7061,7092,2448,3380,1
2026-09-17T23:12:41Z,3041,41.4,2400,2400,2400,2400,0x0,26,33,19,0.0,138.7,7061,7092,2448,3381,1
2026-09-17T23:12:42Z,3042,40.2,2400,2400,2400,2400,0x0,26,33,19,0.0,48.4,7061,7092,2448,3382,1
2026-09-17T23:12:43Z,3043,41.4,2400,2400,2400,2400,0x0,26,33,19,0.0,0.0,7061,7091,2448,3383,1
2026-09-17T23:12:44Z,3044,41.4,2400,2400,2400,2400,0x0,26,33,19,0.0,0.0,7061,7091,2448,3384,1
2026-09-17T23:12:45Z,3045,40.2,2400,2400,2400,2400,0x0,26,33,19,0.0,32.4,7061,7091,2448,3385,1
2026-09-17T23:12:46Z,3046,40.2,2400,2400,2400,2400,0x0,26,33,19,0.0,130.6,7061,7091,2448,3386,1
2026-09-17T23:12:47Z,3047,41.4,2400,2400,2400,2400,0x0,26,33,19,0.0,146.5,7061,7091,2448,3387,1
2026-09-17T23:12:48Z,3048,41.4,2400,2400,2400,2400,0x0,26,33,19,0.0,139.0,7061,7091,2448,3388,1
2026-09-17T23:12:49Z,3049,41.4,2400,2400,2400,2400,0x0,26,33,19,0.0,35.8,7061,7091,2448,3389,1
2026-09-17T23:12:50Z,3050,40.2,2400,2400,2400,2400,0x0,26,33,19,0.0,0.1,7061,7091,2448,3390,1
2026-09-17T23:12:52Z,3051,40.2,2400,2400,2400,2400,0x0,26,33,19,0.0,0.0,7061,7091,2448,3391,1
2026-09-17T23:12:53Z,3053,39.7,2400,2400,2400,2400,0x0,26,33,19,0.0,16.1,7061,7091,2448,3393,1
2026-09-17T23:12:54Z,3054,41.4,2400,2400,2400,2400,0x0,26,33,19,0.0,78.5,7061,7090,2448,3394,1
2026-09-17T23:12:55Z,3055,40.2,2400,2400,2400,2400,0x0,26,33,19,0.0,146.2,7061,7090,2448,3395,1
2026-09-17T23:12:56Z,3056,40.2,2400,2400,2400,2400,0x0,26,33,19,0.0,129.3,7061,7090,2448,3396,1
2026-09-17T23:12:57Z,3057,40.2,2400,2400,2400,2400,0x0,26,33,19,0.0,130.3,7061,7090,2448,3397,1
2026-09-17T23:12:58Z,3058,40.8,2400,2400,2400,2400,0x0,26,33,19,0.0,0.0,7061,7090,2448,3398,1
2026-09-17T23:12:59Z,3059,39.7,2400,2400,2400,2400,0x0,26,33,19,0.0,0.0,7061,7090,2448,3399,1
2026-09-17T23:13:00Z,3060,39.7,2400,2400,2400,2400,0x0,26,33,19,0.0,0.0,7061,7090,2448,3400,1
2026-09-17T23:13:01Z,3061,40.8,2400,2400,2400,2400,0x0,26,33,19,0.0,87.9,7061,7090,2448,3401,1
2026-09-17T23:13:02Z,3062,40.8,2400,2400,2400,2400,0x0,26,33,19,0.0,145.9,7061,7090,2448,3402,1
2026-09-17T23:13:03Z,3063,39.7,2400,2400,2400,2400,0x0,26,33,19,0.0,141.5,7061,7090,2448,3403,1
2026-09-17T23:13:04Z,3064,40.2,2400,2400,2400,2400,0x0,26,33,19,0.0,109.0,7061,7090,2448,3404,1
2026-09-17T23:13:05Z,3065,40.8,2400,2400,2400,2400,0x0,26,33,19,0.0,0.0,7061,7090,2448,3405,1
2026-09-17T23:13:07Z,3066,41.4,2400,2400,2400,2400,0x0,26,33,19,0.0,0.2,7061,7090,2448,3406,1
2026-09-17T23:13:08Z,3068,40.8,2400,2400,2400,2400,0x0,26,33,19,0.0,0.0,7061,7090,2448,3408,1
2026-09-17T23:13:09Z,3069,40.8,2400,2400,2400,2400,0x0,26,33,19,0.0,96.8,7061,7090,2448,3409,1
2026-09-17T23:13:10Z,3070,40.8,2400,2400,2400,2400,0x0,26,33,19,0.0,146.5,7061,7090,2448,3410,1
2026-09-17T23:13:11Z,3071,39.7,2400,2400,2400,2400,0x0,26,33,19,0.0,137.4,7061,7090,2448,3411,1
2026-09-17T23:13:12Z,3072,41.9,2400,2400,2400,2400,0x0,26,33,19,0.0,103.5,7061,7090,2448,3412,1
2026-09-17T23:13:13Z,3073,40.8,2400,2400,2400,2400,0x0,26,33,19,0.0,0.0,7061,7090,2448,3413,1
2026-09-17T23:13:14Z,3074,40.8,2400,2400,2400,2400,0x0,26,33,19,0.0,0.0,7061,7090,2448,3414,1
2026-09-17T23:13:15Z,3075,40.8,2400,2400,2400,2400,0x0,26,33,19,0.0,0.0,7061,7089,2448,3415,1
2026-09-17T23:13:16Z,3076,41.4,2400,2400,2400,2400,0x0,26,33,19,0.0,48.5,7061,7089,2448,3416,1
2026-09-17T23:13:17Z,3077,39.7,2400,2400,2400,2400,0x0,26,33,19,0.0,148.8,7061,7089,2448,3417,1
2026-09-17T23:13:18Z,3078,41.4,2400,2400,2400,2400,0x0,26,33,19,0.0,139.0,7061,7089,2448,3418,1
2026-09-17T23:13:19Z,3079,41.4,2400,2400,2400,2400,0x0,26,33,19,0.0,144.2,7061,7089,2448,3419,1
2026-09-17T23:13:21Z,3080,40.8,2400,2400,2400,2400,0x0,26,33,19,0.0,36.1,7061,7089,2448,3420,1
2026-09-17T23:13:22Z,3082,40.8,2400,2400,2400,2400,0x0,26,33,19,0.0,0.1,7061,7089,2448,3422,1
2026-09-17T23:13:23Z,3083,40.8,2400,2400,2400,2400,0x0,26,33,19,0.0,0.0,7061,7089,2448,3423,1
2026-09-17T23:13:24Z,3084,41.9,2400,2400,2400,2400,0x0,26,33,19,0.0,38.8,7061,7089,2448,3424,1
2026-09-17T23:13:25Z,3085,41.9,2400,2400,2400,2400,0x0,26,33,19,0.0,142.8,7061,7089,2448,3425,1
2026-09-17T23:13:26Z,3086,41.4,2400,2400,2400,2400,0x0,26,33,19,0.0,141.1,7061,7088,2448,3426,1
2026-09-17T23:13:27Z,3087,41.4,2400,2400,2400,2400,0x0,26,33,19,0.0,134.0,7061,7088,2448,3427,1
2026-09-17T23:13:28Z,3088,40.2,2400,2400,2400,2400,0x0,26,33,19,0.0,27.4,7061,7088,2448,3428,1
2026-09-17T23:13:29Z,3089,41.4,2400,2400,2400,2400,0x0,26,33,19,0.0,0.0,7061,7088,2448,3429,1
2026-09-17T23:13:30Z,3090,41.4,2400,2400,2400,2400,0x0,26,33,19,0.0,0.0,7061,7088,2448,3430,1
2026-09-17T23:13:31Z,3091,41.4,2400,2400,2400,2400,0x0,26,33,19,0.0,67.4,7061,7088,2448,3431,1
2026-09-17T23:13:32Z,3092,40.2,2400,2400,2400,2400,0x0,26,33,19,0.0,141.1,7061,7088,2448,3432,1
2026-09-17T23:13:33Z,3093,41.4,2400,2400,2400,2400,0x0,26,33,19,0.0,142.1,7061,7088,2448,3433,1
2026-09-17T23:13:34Z,3094,40.2,2400,2400,2400,2400,0x0,26,33,19,0.0,85.2,7061,7088,2448,3434,1
2026-09-17T23:13:35Z,3095,41.4,2400,2400,2400,2400,0x0,26,33,19,0.0,0.0,7061,7088,2448,3435,1
2026-09-17T23:13:37Z,3096,41.4,2400,2400,2400,2400,0x0,26,33,19,0.0,0.1,7061,7088,2448,3437,1
2026-09-17T23:13:38Z,3098,39.1,2400,2400,2400,2400,0x0,26,33,19,0.0,1.3,7061,7088,2448,3438,1
2026-09-17T23:13:39Z,3099,41.9,2400,2400,2400,2400,0x0,26,33,19,0.0,108.1,7061,7088,2448,3439,1
2026-09-17T23:13:40Z,3100,41.4,2400,2400,2400,2400,0x0,26,33,19,0.0,139.7,7061,7088,2448,3440,1
2026-09-17T23:13:41Z,3101,40.8,2400,2400,2400,2400,0x0,26,33,19,0.0,145.3,7061,7088,2448,3441,1
2026-09-17T23:13:42Z,3102,41.4,2400,2400,2400,2400,0x0,26,33,19,0.0,104.7,7061,7088,2448,3442,1
2026-09-17T23:13:43Z,3103,40.8,2400,2400,2400,2400,0x0,26,33,19,0.0,0.0,7061,7088,2448,3443,1
2026-09-17T23:13:44Z,3104,40.8,2400,2400,2400,2400,0x0,26,33,19,0.0,0.0,7061,7088,2448,3444,1
2026-09-17T23:13:45Z,3105,40.8,2400,2400,2400,2400,0x0,26,33,19,0.0,0.0,7061,7088,2448,3445,1
2026-09-17T23:13:46Z,3106,41.4,2400,2400,2400,2400,0x0,26,33,19,0.0,141.7,7061,7088,2448,3446,1
2026-09-17T23:13:47Z,3107,41.4,2400,2400,2400,2400,0x0,26,33,19,0.0,136.3,7061,7087,2448,3447,1
2026-09-17T23:13:48Z,3108,39.7,2400,2400,2400,2400,0x0,26,33,19,0.0,144.7,7061,7087,2448,3448,1
2026-09-17T23:13:49Z,3109,40.8,2400,2400,2400,2400,0x0,26,33,19,0.0,29.4,7061,7087,2448,3449,1
2026-09-17T23:13:51Z,3110,39.7,2400,2400,2400,2400,0x0,26,33,19,0.0,0.0,7061,7087,2448,3450,1
2026-09-17T23:13:52Z,3112,40.8,2400,2400,2400,2400,0x0,26,33,19,0.0,0.0,7061,7087,2448,3452,1
2026-09-17T23:13:53Z,3113,40.2,2400,2400,2400,2400,0x0,26,33,19,0.0,16.2,7061,7087,2448,3453,1
2026-09-17T23:13:54Z,3114,40.2,2400,2400,2400,2400,0x0,26,33,19,0.0,72.9,7061,7087,2448,3454,1
2026-09-17T23:13:55Z,3115,41.4,2400,2400,2400,2400,0x0,26,33,19,0.0,136.8,7061,7087,2448,3455,1
2026-09-17T23:13:56Z,3116,40.8,2400,2400,2400,2400,0x0,26,33,19,0.0,145.2,7061,7087,2448,3456,1
2026-09-17T23:13:57Z,3117,40.8,2400,2400,2400,2400,0x0,26,33,19,0.0,80.7,7061,7087,2448,3457,1
2026-09-17T23:13:58Z,3118,39.7,2400,2400,2400,2400,0x0,26,33,19,0.0,0.1,7061,7087,2448,3458,1
2026-09-17T23:13:59Z,3119,41.4,2400,2400,2400,2400,0x0,26,33,19,0.0,0.0,7061,7087,2448,3459,1
2026-09-17T23:14:00Z,3120,40.8,2400,2400,2400,2400,0x0,26,33,19,0.0,48.4,7061,7087,2448,3460,1
2026-09-17T23:14:01Z,3121,41.4,2400,2400,2400,2400,0x0,26,33,19,0.0,136.9,7061,7087,2448,3461,1
2026-09-17T23:14:02Z,3122,40.2,2400,2400,2400,2400,0x0,26,33,19,0.0,137.5,7061,7087,2448,3462,1
2026-09-17T23:14:03Z,3123,39.7,2400,2400,2400,2400,0x0,26,33,19,0.0,136.4,7061,7087,2448,3463,1
2026-09-17T23:14:04Z,3124,41.9,2400,2400,2400,2400,0x0,26,33,19,0.0,57.2,7061,7087,2448,3464,1
2026-09-17T23:14:05Z,3125,39.1,2400,2400,2400,2400,0x0,26,33,19,0.0,0.0,7061,7087,2448,3465,1
2026-09-17T23:14:07Z,3126,41.9,2400,2400,2400,2400,0x0,26,33,19,0.0,0.0,7061,7087,2448,3466,1
2026-09-17T23:14:08Z,3128,41.4,2400,2400,2400,2400,0x0,26,33,19,0.0,16.2,7061,7087,2448,3468,1
2026-09-17T23:14:09Z,3129,40.2,2400,2400,2400,2400,0x0,26,33,19,0.0,136.6,7061,7086,2448,3469,1
2026-09-17T23:14:10Z,3130,40.2,2400,2400,2400,2400,0x0,26,33,19,0.0,168.6,7061,7086,2448,3470,1
2026-09-17T23:14:11Z,3131,41.9,2400,2400,2400,2400,0x0,26,33,19,0.0,130.6,7061,7086,2448,3471,1
2026-09-17T23:14:12Z,3132,40.8,2400,2400,2400,2400,0x0,26,33,19,0.0,0.0,7061,7086,2448,3472,1
2026-09-17T23:14:13Z,3133,40.8,2400,2400,2400,2400,0x0,26,33,19,0.0,0.1,7061,7086,2448,3473,1
2026-09-17T23:14:14Z,3134,40.2,2400,2400,2400,2400,0x0,26,33,19,0.0,0.0,7061,7086,2448,3474,1
2026-09-17T23:14:15Z,3135,41.4,2400,2400,2400,2400,0x0,26,33,19,0.0,82.4,7061,7086,2448,3475,1
2026-09-17T23:14:16Z,3136,41.4,2400,2400,2400,2400,0x0,26,33,19,0.0,144.8,7061,7086,2448,3476,1
2026-09-17T23:14:17Z,3137,41.4,2400,2400,2400,2400,0x0,26,33,19,0.0,138.9,7061,7086,2448,3477,1
2026-09-17T23:14:19Z,3138,40.8,2400,2400,2400,2400,0x0,26,33,19,0.0,102.1,7061,7086,2448,3478,1
2026-09-17T23:14:20Z,3140,40.2,2400,2400,2400,2400,0x0,26,33,19,0.0,0.0,7061,7085,2448,3480,1
2026-09-17T23:14:21Z,3141,41.4,2400,2400,2400,2400,0x0,26,33,19,0.0,0.0,7061,7085,2448,3481,1
2026-09-17T23:14:22Z,3142,41.9,2400,2400,2400,2400,0x0,26,33,19,0.0,6.6,7061,7085,2448,3482,1
2026-09-17T23:14:23Z,3143,40.2,2400,2400,2400,2400,0x0,26,33,19,0.0,138.8,7061,7085,2448,3483,1
2026-09-17T23:14:24Z,3144,40.8,2400,2400,2400,2400,0x0,26,33,19,0.0,143.1,7061,7085,2448,3484,1
2026-09-17T23:14:25Z,3145,41.9,2400,2400,2400,2400,0x0,26,33,19,0.0,139.7,7061,7085,2448,3485,1
2026-09-17T23:14:26Z,3146,41.4,2400,2400,2400,2400,0x0,26,33,19,0.0,23.9,7061,7085,2448,3486,1
2026-09-17T23:14:27Z,3147,40.2,2400,2400,2400,2400,0x0,26,33,19,0.0,0.0,7061,7085,2448,3487,1
2026-09-17T23:14:28Z,3148,40.8,2400,2400,2400,2400,0x0,26,33,19,0.0,0.1,7061,7085,2448,3488,1
2026-09-17T23:14:29Z,3149,41.4,2400,2400,2400,2400,0x0,26,33,19,0.0,81.4,7061,7085,2448,3489,1
2026-09-17T23:14:30Z,3150,40.8,2400,2400,2400,2400,0x0,26,33,19,0.0,139.4,7061,7085,2448,3490,1
2026-09-17T23:14:31Z,3151,41.4,2400,2400,2400,2400,0x0,26,33,19,0.0,145.2,7061,7085,2448,3491,1
2026-09-17T23:14:32Z,3152,41.9,2400,2400,2400,2400,0x0,26,33,19,0.0,69.7,7061,7085,2448,3492,1
2026-09-17T23:14:34Z,3153,39.7,2400,2400,2400,2400,0x0,26,33,19,0.0,0.1,7061,7085,2448,3493,1
2026-09-17T23:14:35Z,3155,40.2,2400,2400,2400,2400,0x0,26,33,19,0.0,0.0,7061,7085,2448,3495,1
2026-09-17T23:14:36Z,3156,42.5,2400,2400,2400,2400,0x0,26,33,19,0.0,2.6,7061,7085,2448,3496,1
2026-09-17T23:14:37Z,3157,41.4,2400,2400,2400,2400,0x0,26,33,19,0.0,106.5,7061,7085,2448,3497,1
2026-09-17T23:14:38Z,3158,40.2,2400,2400,2400,2400,0x0,26,33,19,0.0,145.5,7061,7085,2448,3498,1
2026-09-17T23:14:39Z,3159,40.2,2400,2400,2400,2400,0x0,26,33,19,0.0,134.2,7061,7085,2448,3499,1
2026-09-17T23:14:40Z,3160,40.8,2400,2400,2400,2400,0x0,26,33,19,0.0,95.5,7061,7085,2448,3500,1
2026-09-17T23:14:41Z,3161,41.4,2400,2400,2400,2400,0x0,26,33,19,0.0,0.0,7061,7084,2448,3501,1
2026-09-17T23:14:42Z,3162,40.8,2400,2400,2400,2400,0x0,26,33,19,0.0,0.0,7061,7084,2448,3502,1
2026-09-17T23:14:43Z,3163,41.4,2400,2400,2400,2400,0x0,26,33,19,0.0,8.4,7061,7084,2448,3503,1
2026-09-17T23:14:44Z,3164,40.8,2400,2400,2400,2400,0x0,26,33,19,0.0,131.3,7061,7084,2448,3504,1
2026-09-17T23:14:45Z,3165,40.2,2400,2400,2400,2400,0x0,26,33,19,0.0,152.4,7061,7084,2448,3505,1
2026-09-17T23:14:47Z,3166,41.4,2400,2400,2400,2400,0x0,26,33,19,0.0,145.6,7061,7084,2448,3506,1
2026-09-17T23:14:48Z,3168,40.8,2400,2400,2400,2400,0x0,26,33,19,0.0,15.3,7061,7084,2448,3508,1
2026-09-17T23:14:49Z,3169,39.7,2400,2400,2400,2400,0x0,26,33,19,0.0,0.0,7061,7084,2448,3509,1
2026-09-17T23:14:50Z,3170,41.4,2400,2400,2400,2400,0x0,26,33,19,0.0,0.1,7061,7084,2448,3510,1
2026-09-17T23:14:51Z,3171,41.4,2400,2400,2400,2400,0x0,26,33,19,0.0,47.2,7061,7084,2448,3511,1
2026-09-17T23:14:52Z,3172,41.4,2400,2400,2400,2400,0x0,26,33,19,0.0,138.7,7061,7083,2448,3512,1
2026-09-17T23:14:53Z,3173,40.8,2400,2400,2400,2400,0x0,26,33,19,0.0,145.9,7061,7083,2448,3513,1
2026-09-17T23:14:54Z,3174,41.4,2400,2400,2400,2400,0x0,26,33,19,0.0,131.8,7061,7083,2448,3514,1
2026-09-17T23:14:55Z,3175,41.4,2400,2400,2400,2400,0x0,26,33,19,0.0,4.6,7061,7083,2448,3515,1
2026-09-17T23:14:56Z,3176,40.8,2400,2400,2400,2400,0x0,26,33,19,0.0,0.0,7061,7083,2448,3516,1
2026-09-17T23:14:57Z,3177,41.4,2400,2400,2400,2400,0x0,26,33,19,0.0,0.0,7061,7083,2448,3517,1
2026-09-17T23:14:58Z,3178,40.2,2400,2400,2400,2400,0x0,26,33,19,0.0,77.4,7061,7083,2448,3518,1
2026-09-17T23:14:59Z,3179,40.8,2400,2400,2400,2400,0x0,26,33,19,0.0,139.1,7061,7083,2448,3519,1
2026-09-17T23:15:00Z,3180,39.7,2400,2400,2400,2400,0x0,26,33,19,0.0,140.9,7061,7083,2448,3520,1
2026-09-17T23:15:01Z,3181,39.1,2400,2400,2400,2400,0x0,26,33,19,0.0,110.8,7061,7083,2448,3521,1
2026-09-17T23:15:03Z,3182,40.8,2400,2400,2400,2400,0x0,26,33,19,0.0,0.0,7061,7083,2448,3522,1
2026-09-17T23:15:04Z,3184,41.4,2400,2400,2400,2400,0x0,26,33,19,0.0,0.0,7061,7083,2448,3524,1
2026-09-17T23:15:05Z,3185,40.8,2400,2400,2400,2400,0x0,26,33,19,0.0,3.2,7061,7083,2448,3525,1
2026-09-17T23:15:06Z,3186,40.2,2400,2400,2400,2400,0x0,26,33,19,0.0,140.7,7061,7083,2448,3526,1
2026-09-17T23:15:07Z,3187,40.2,2400,2400,2400,2400,0x0,26,33,19,0.0,150.7,7061,7083,2448,3527,1
2026-09-17T23:15:08Z,3188,40.8,2400,2400,2400,2400,0x0,26,33,19,0.0,141.3,7061,7083,2448,3528,1
2026-09-17T23:15:09Z,3189,39.7,2400,2400,2400,2400,0x0,26,33,19,0.0,0.0,7061,7083,2448,3529,1
2026-09-17T23:15:10Z,3190,40.8,2400,2400,2400,2400,0x0,26,33,19,0.0,0.1,7061,7083,2448,3530,1
2026-09-17T23:15:11Z,3191,40.8,2400,2400,2400,2400,0x0,26,33,19,0.0,0.0,7061,7083,2448,3531,1
2026-09-17T23:15:12Z,3192,41.4,2400,2400,2400,2400,0x0,26,33,19,0.0,79.5,7061,7083,2448,3532,1
2026-09-17T23:15:13Z,3193,41.4,2400,2400,2400,2400,0x0,26,33,19,0.0,140.9,7061,7082,2448,3533,1
2026-09-17T23:15:15Z,3194,41.9,2400,2400,2400,2400,0x0,26,33,19,0.0,160.5,7061,7082,2448,3534,1
2026-09-17T23:15:16Z,3196,40.8,2400,2400,2400,2400,0x0,26,33,19,0.0,35.6,7061,7082,2448,3536,1
2026-09-17T23:15:17Z,3197,41.4,2400,2400,2400,2400,0x0,26,33,19,0.0,0.0,7061,7082,2448,3537,1
2026-09-17T23:15:18Z,3198,41.9,2400,2400,2400,2400,0x0,26,33,19,0.0,0.0,7061,7082,2448,3538,1
2026-09-17T23:15:19Z,3199,41.4,2400,2400,2400,2400,0x0,26,33,19,0.0,18.8,7061,7082,2448,3539,1
2026-09-17T23:15:20Z,3200,41.4,2400,2400,2400,2400,0x0,26,33,19,0.0,131.8,7061,7082,2448,3540,1
2026-09-17T23:15:21Z,3201,40.8,2400,2400,2400,2400,0x0,26,33,19,0.0,151.9,7061,7082,2448,3541,1
2026-09-17T23:15:22Z,3202,40.2,2400,2400,2400,2400,0x0,26,33,19,0.0,138.9,7061,7082,2448,3542,1
2026-09-17T23:15:23Z,3203,41.9,2400,2400,2400,2400,0x0,26,33,19,0.0,10.6,7061,7082,2448,3543,1
2026-09-17T23:15:24Z,3204,41.4,2400,2400,2400,2400,0x0,26,33,19,0.0,0.0,7061,7081,2448,3544,1
2026-09-17T23:15:25Z,3205,40.8,2400,2400,2400,2400,0x0,26,33,19,0.0,0.1,7061,7081,2448,3545,1
2026-09-17T23:15:26Z,3206,40.2,2400,2400,2400,2400,0x0,26,33,19,0.0,95.1,7061,7081,2448,3546,1
2026-09-17T23:15:27Z,3207,41.4,2400,2400,2400,2400,0x0,26,33,19,0.0,138.5,7061,7081,2448,3547,1
2026-09-17T23:15:29Z,3208,41.4,2400,2400,2400,2400,0x0,26,33,19,0.0,138.9,7061,7081,2448,3548,1
2026-09-17T23:15:30Z,3210,41.4,2400,2400,2400,2400,0x0,26,33,19,0.0,47.8,7061,7081,2448,3550,1
2026-09-17T23:15:31Z,3211,40.8,2400,2400,2400,2400,0x0,26,33,19,0.0,0.2,7061,7081,2448,3551,1
2026-09-17T23:15:32Z,3212,41.4,2400,2400,2400,2400,0x0,26,33,19,0.0,0.0,7061,7081,2448,3552,1
2026-09-17T23:15:33Z,3213,41.4,2400,2400,2400,2400,0x0,26,33,19,0.0,12.3,7061,7081,2448,3553,1
2026-09-17T23:15:34Z,3214,40.8,2400,2400,2400,2400,0x0,26,33,19,0.0,109.0,7061,7081,2448,3554,1
2026-09-17T23:15:35Z,3215,39.7,2400,2400,2400,2400,0x0,26,33,19,0.0,148.7,7061,7081,2448,3555,1
2026-09-17T23:15:36Z,3216,41.4,2400,2400,2400,2400,0x0,26,33,19,0.0,138.6,7061,7081,2448,3556,1
2026-09-17T23:15:37Z,3217,40.8,2400,2400,2400,2400,0x0,26,33,19,0.0,75.6,7061,7081,2448,3557,1
2026-09-17T23:15:38Z,3218,41.9,2400,2400,2400,2400,0x0,26,33,19,0.0,0.0,7061,7081,2448,3558,1
2026-09-17T23:15:39Z,3219,41.4,2400,2400,2400,2400,0x0,26,33,19,0.0,0.0,7061,7081,2448,3559,1
2026-09-17T23:15:40Z,3220,41.9,2400,2400,2400,2400,0x0,26,33,19,0.0,21.4,7061,7081,2448,3560,1
2026-09-17T23:15:41Z,3221,39.7,2400,2400,2400,2400,0x0,26,33,19,0.0,85.3,7061,7081,2448,3561,1
2026-09-17T23:15:42Z,3222,41.4,2400,2400,2400,2400,0x0,26,33,19,0.0,139.8,7061,7081,2448,3562,1
2026-09-17T23:15:44Z,3223,41.4,2400,2400,2400,2400,0x0,26,33,19,0.0,142.3,7061,7081,2448,3563,1
2026-09-17T23:15:45Z,3225,41.4,2400,2400,2400,2400,0x0,26,33,19,0.0,39.7,7061,7081,2448,3565,1
2026-09-17T23:15:46Z,3226,40.8,2400,2400,2400,2400,0x0,26,33,19,0.0,0.0,7061,7080,2448,3566,1
2026-09-17T23:15:47Z,3227,41.9,2400,2400,2400,2400,0x0,26,33,19,0.0,0.2,7061,7080,2448,3567,1
2026-09-17T23:15:48Z,3228,40.8,2400,2400,2400,2400,0x0,26,33,19,0.0,28.5,7061,7080,2448,3568,1
2026-09-17T23:15:49Z,3229,40.2,2400,2400,2400,2400,0x0,26,33,19,0.0,142.6,7061,7080,2448,3569,1
2026-09-17T23:15:50Z,3230,40.8,2400,2400,2400,2400,0x0,26,33,19,0.0,141.9,7061,7080,2448,3570,1
2026-09-17T23:15:51Z,3231,41.9,2400,2400,2400,2400,0x0,26,33,19,0.0,137.8,7061,7080,2448,3571,1
2026-09-17T23:15:52Z,3232,41.4,2400,2400,2400,2400,0x0,26,33,19,0.0,17.5,7061,7080,2448,3572,1
2026-09-17T23:15:53Z,3233,41.4,2400,2400,2400,2400,0x0,26,33,19,0.0,0.0,7061,7080,2448,3573,1
2026-09-17T23:15:54Z,3234,40.8,2400,2400,2400,2400,0x0,26,33,19,0.0,0.0,7061,7080,2448,3574,1
2026-09-17T23:15:55Z,3235,40.8,2400,2400,2400,2400,0x0,26,33,19,0.0,90.4,7061,7080,2448,3575,1
2026-09-17T23:15:56Z,3236,40.2,2400,2400,2400,2400,0x0,26,33,19,0.0,141.6,7061,7079,2448,3576,1
2026-09-17T23:15:58Z,3237,41.4,2400,2400,2400,2400,0x0,26,33,19,0.0,143.9,7061,7079,2448,3577,1
2026-09-17T23:15:59Z,3239,40.2,2400,2400,2400,2400,0x0,26,33,19,0.0,30.0,7061,7079,2448,3579,1
2026-09-17T23:16:00Z,3240,40.8,2400,2400,2400,2400,0x0,26,33,19,0.0,0.0,7061,7079,2448,3580,1
2026-09-17T23:16:01Z,3241,39.1,2400,2400,2400,2400,0x0,26,33,19,0.0,0.0,7061,7079,2448,3581,1
2026-09-17T23:16:02Z,3242,40.2,2400,2400,2400,2400,0x0,26,33,19,0.0,74.1,7061,7079,2448,3582,1
2026-09-17T23:16:03Z,3243,41.9,2400,2400,2400,2400,0x0,26,33,19,0.0,142.6,7061,7079,2448,3583,1
2026-09-17T23:16:04Z,3244,41.4,2400,2400,2400,2400,0x0,26,33,19,0.0,138.4,7061,7079,2448,3584,1
2026-09-17T23:16:05Z,3245,41.4,2400,2400,2400,2400,0x0,26,33,19,0.0,80.7,7061,7079,2448,3585,1
2026-09-17T23:16:06Z,3246,39.7,2400,2400,2400,2400,0x0,26,33,19,0.0,0.0,7061,7079,2448,3586,1
2026-09-17T23:16:07Z,3247,41.4,2400,2400,2400,2400,0x0,26,33,19,0.0,0.1,7061,7079,2448,3587,1
2026-09-17T23:16:08Z,3248,40.2,2400,2400,2400,2400,0x0,26,33,19,0.0,1.5,7061,7079,2448,3588,1
2026-09-17T23:16:09Z,3249,40.2,2400,2400,2400,2400,0x0,26,33,19,0.0,60.7,7061,7079,2448,3589,1
2026-09-17T23:16:10Z,3250,41.4,2400,2400,2400,2400,0x0,26,33,19,0.0,144.1,7061,7079,2448,3590,1
2026-09-17T23:16:11Z,3251,41.4,2400,2400,2400,2400,0x0,26,33,19,0.0,141.0,7061,7079,2448,3591,1
2026-09-17T23:16:12Z,3252,40.2,2400,2400,2400,2400,0x0,26,33,19,0.0,126.1,7061,7079,2448,3592,1
2026-09-17T23:16:14Z,3253,39.7,2400,2400,2400,2400,0x0,26,33,19,0.0,27.0,7061,7079,2448,3593,1
2026-09-17T23:16:15Z,3255,40.8,2400,2400,2400,2400,0x0,26,33,19,0.0,0.0,7061,7079,2448,3595,1
2026-09-17T23:16:16Z,3256,41.4,2400,2400,2400,2400,0x0,26,33,19,0.0,0.0,7061,7079,2448,3596,1
2026-09-17T23:16:17Z,3257,41.4,2400,2400,2400,2400,0x0,26,33,19,0.0,135.4,7061,7079,2448,3597,1
2026-09-17T23:16:18Z,3258,39.7,2400,2400,2400,2400,0x0,26,33,19,0.0,127.3,7061,7078,2448,3598,1
2026-09-17T23:16:19Z,3259,41.4,2400,2400,2400,2400,0x0,26,33,19,0.0,171.0,7061,7078,2448,3599,1
2026-09-17T23:16:20Z,3260,40.8,2400,2400,2400,2400,0x0,26,33,19,0.0,2.2,7061,7078,2448,3600,1
2026-09-17T23:16:21Z,3261,40.8,2400,2400,2400,2400,0x0,26,33,19,0.0,0.0,7061,7078,2448,3601,1
2026-09-17T23:16:22Z,3262,41.4,2400,2400,2400,2400,0x0,26,33,19,0.0,0.1,7061,7078,2448,3602,1
2026-09-17T23:16:23Z,3263,40.8,2400,2400,2400,2400,0x0,26,33,19,0.0,96.8,7061,7078,2448,3603,1
2026-09-17T23:16:24Z,3264,41.4,2400,2400,2400,2400,0x0,26,33,19,0.0,141.7,7061,7078,2448,3604,1
2026-09-17T23:16:26Z,3265,41.4,2400,2400,2400,2400,0x0,26,33,19,0.0,142.3,7061,7078,2448,3605,1
2026-09-17T23:16:27Z,3267,40.8,2400,2400,2400,2400,0x0,26,33,19,0.0,27.5,7061,7078,2448,3607,1
2026-09-17T23:16:28Z,3268,40.8,2400,2400,2400,2400,0x0,26,33,19,0.0,0.1,7061,7078,2448,3608,1
2026-09-17T23:16:29Z,3269,41.4,2400,2400,2400,2400,0x0,26,33,19,0.0,0.0,7061,7077,2448,3609,1
2026-09-17T23:16:30Z,3270,41.4,2400,2400,2400,2400,0x0,26,33,19,0.0,17.4,7061,7077,2448,3610,1
2026-09-17T23:16:31Z,3271,41.9,2400,2400,2400,2400,0x0,26,33,19,0.0,141.5,7061,7077,2448,3611,1
2026-09-17T23:16:32Z,3272,41.4,2400,2400,2400,2400,0x0,26,33,19,0.0,151.2,7061,7077,2448,3612,1
2026-09-17T23:16:33Z,3273,41.4,2400,2400,2400,2400,0x0,26,33,19,0.0,134.0,7061,7077,2448,3613,1
2026-09-17T23:16:34Z,3274,40.8,2400,2400,2400,2400,0x0,26,33,19,0.0,23.9,7061,7077,2448,3614,1
2026-09-17T23:16:35Z,3275,41.4,2400,2400,2400,2400,0x0,26,33,19,0.0,0.0,7061,7077,2448,3615,1
2026-09-17T23:16:36Z,3276,40.8,2400,2400,2400,2400,0x0,26,33,19,0.0,0.0,7061,7077,2448,3616,1
2026-09-17T23:16:37Z,3277,40.8,2400,2400,2400,2400,0x0,26,33,19,0.0,84.5,7061,7077,2448,3617,1
2026-09-17T23:16:38Z,3278,41.4,2400,2400,2400,2400,0x0,26,33,19,0.0,133.9,7061,7077,2448,3618,1
2026-09-17T23:16:39Z,3279,40.8,2400,2400,2400,2400,0x0,26,33,19,0.0,141.9,7061,7077,2448,3619,1
2026-09-17T23:16:41Z,3280,41.4,2400,2400,2400,2400,0x0,26,33,19,0.0,91.7,7061,7077,2448,3620,1
2026-09-17T23:16:42Z,3282,40.8,2400,2400,2400,2400,0x0,26,33,19,0.0,0.0,7061,7077,2448,3622,1
2026-09-17T23:16:43Z,3283,40.2,2400,2400,2400,2400,0x0,26,33,19,0.0,0.1,7061,7077,2448,3623,1
2026-09-17T23:16:44Z,3284,41.4,2400,2400,2400,2400,0x0,26,33,19,0.0,9.7,7061,7077,2448,3624,1
2026-09-17T23:16:45Z,3285,41.4,2400,2400,2400,2400,0x0,26,33,19,0.0,108.3,7061,7077,2448,3625,1
2026-09-17T23:16:46Z,3286,39.7,2400,2400,2400,2400,0x0,26,33,19,0.0,144.4,7061,7077,2448,3626,1
2026-09-17T23:16:47Z,3287,40.8,2400,2400,2400,2400,0x0,26,33,19,0.0,143.7,7061,7077,2448,3627,1
2026-09-17T23:16:48Z,3288,40.8,2400,2400,2400,2400,0x0,26,33,19,0.0,62.1,7061,7077,2448,3628,1
2026-09-17T23:16:49Z,3289,41.4,2400,2400,2400,2400,0x0,26,33,19,0.0,0.0,7061,7077,2448,3629,1
2026-09-17T23:16:50Z,3290,41.4,2400,2400,2400,2400,0x0,26,33,19,0.0,0.0,7061,7076,2448,3630,1
2026-09-17T23:16:51Z,3291,40.8,2400,2400,2400,2400,0x0,26,33,19,0.0,21.3,7061,7076,2448,3631,1
2026-09-17T23:16:52Z,3292,40.8,2400,2400,2400,2400,0x0,26,33,19,0.0,140.1,7061,7076,2448,3632,1
2026-09-17T23:16:53Z,3293,40.2,2400,2400,2400,2400,0x0,26,33,19,0.0,133.0,7061,7076,2448,3633,1
2026-09-17T23:16:55Z,3294,40.2,2400,2400,2400,2400,0x0,26,33,19,0.0,142.8,7061,7076,2448,3634,1
2026-09-17T23:16:56Z,3296,41.4,2400,2400,2400,2400,0x0,26,33,19,0.0,7.4,7061,7076,2448,3636,1
2026-09-17T23:16:57Z,3297,40.8,2400,2400,2400,2400,0x0,26,33,19,0.0,0.0,7061,7076,2448,3637,1
2026-09-17T23:16:58Z,3298,41.9,2400,2400,2400,2400,0x0,26,33,19,0.0,6.6,7061,7076,2448,3638,1
2026-09-17T23:16:59Z,3299,42.5,2400,2400,2400,2400,0x0,26,33,19,0.0,134.2,7061,7076,2448,3639,1
2026-09-17T23:17:00Z,3300,40.8,2400,2400,2400,2400,0x0,26,33,19,0.0,144.3,7061,7076,2448,3640,1
2026-09-17T23:17:01Z,3301,41.4,2400,2400,2400,2400,0x0,26,33,19,0.0,137.3,7061,7076,2448,3641,1
2026-09-17T23:17:02Z,3302,39.7,2400,2400,2400,2400,0x0,26,33,19,0.0,13.5,7061,7076,2448,3642,1
2026-09-17T23:17:03Z,3303,41.4,2400,2400,2400,2400,0x0,26,33,19,0.0,0.0,7061,7076,2448,3643,1
2026-09-17T23:17:04Z,3304,39.7,2400,2400,2400,2400,0x0,26,33,19,0.0,0.1,7061,7076,2448,3644,1
2026-09-17T23:17:05Z,3305,41.4,2400,2400,2400,2400,0x0,26,33,19,0.0,74.7,7061,7076,2448,3645,1
2026-09-17T23:17:06Z,3306,39.7,2400,2400,2400,2400,0x0,26,33,19,0.0,136.4,7061,7076,2448,3646,1
2026-09-17T23:17:07Z,3307,41.9,2400,2400,2400,2400,0x0,26,33,19,0.0,145.2,7061,7076,2448,3647,1
2026-09-17T23:17:08Z,3308,39.7,2400,2400,2400,2400,0x0,26,33,19,0.0,79.5,7061,7076,2448,3648,1
2026-09-17T23:17:10Z,3309,40.2,2400,2400,2400,2400,0x0,26,33,19,0.0,0.1,7061,7076,2448,3649,1
2026-09-17T23:17:11Z,3311,40.8,2400,2400,2400,2400,0x0,26,33,19,0.0,0.0,7061,7076,2448,3650,1
2026-09-17T23:17:12Z,3312,39.7,2400,2400,2400,2400,0x0,26,33,19,0.0,59.4,7061,7075,2448,3652,1
2026-09-17T23:17:13Z,3313,41.4,2400,2400,2400,2400,0x0,26,33,19,0.0,152.4,7061,7075,2448,3653,1
2026-09-17T23:17:14Z,3314,41.4,2400,2400,2400,2400,0x0,26,33,19,0.0,142.5,7061,7075,2448,3654,1
2026-09-17T23:17:15Z,3315,39.7,2400,2400,2400,2400,0x0,26,33,19,0.0,81.5,7061,7075,2448,3655,1
2026-09-17T23:17:16Z,3316,39.7,2400,2400,2400,2400,0x0,26,33,19,0.0,0.0,7061,7075,2448,3656,1
2026-09-17T23:17:17Z,3317,40.2,2400,2400,2400,2400,0x0,26,33,19,0.0,0.0,7061,7075,2448,3657,1
2026-09-17T23:17:18Z,3318,40.2,2400,2400,2400,2400,0x0,26,33,19,0.0,0.0,7061,7075,2448,3658,1
2026-09-17T23:17:19Z,3319,41.4,2400,2400,2400,2400,0x0,26,33,19,0.0,133.1,7061,7075,2448,3659,1
2026-09-17T23:17:20Z,3320,41.4,2400,2400,2400,2400,0x0,26,33,19,0.0,123.1,7061,7075,2448,3660,1
2026-09-17T23:17:21Z,3321,40.2,2400,2400,2400,2400,0x0,26,33,19,0.0,140.8,7061,7075,2448,3661,1
2026-09-17T23:17:22Z,3322,40.8,2400,2400,2400,2400,0x0,26,33,19,0.0,39.0,7061,7074,2448,3662,1
2026-09-17T23:17:24Z,3323,41.4,2400,2400,2400,2400,0x0,26,33,19,0.0,0.0,7061,7074,2448,3663,1
2026-09-17T23:17:25Z,3325,39.7,2400,2400,2400,2400,0x0,26,33,19,0.0,0.0,7061,7074,2448,3664,1
2026-09-17T23:17:26Z,3326,40.8,2400,2400,2400,2400,0x0,26,33,19,0.0,110.6,7061,7074,2448,3666,1
2026-09-17T23:17:27Z,3327,40.2,2400,2400,2400,2400,0x0,26,33,19,0.0,146.3,7061,7074,2448,3667,1
2026-09-17T23:17:28Z,3328,40.8,2400,2400,2400,2400,0x0,26,33,19,0.0,140.2,7061,7074,2448,3668,1
2026-09-17T23:17:29Z,3329,40.8,2400,2400,2400,2400,0x0,26,33,19,0.0,38.8,7061,7074,2448,3669,1
2026-09-17T23:17:30Z,3330,41.4,2400,2400,2400,2400,0x0,26,33,19,0.0,0.2,7061,7074,2448,3670,1
2026-09-17T23:17:31Z,3331,40.8,2400,2400,2400,2400,0x0,26,33,19,0.0,0.0,7061,7074,2448,3671,1
2026-09-17T23:17:32Z,3332,40.8,2400,2400,2400,2400,0x0,26,33,19,0.0,44.6,7061,7074,2448,3672,1
2026-09-17T23:17:33Z,3333,41.4,2400,2400,2400,2400,0x0,26,33,19,0.0,143.9,7061,7074,2448,3673,1
2026-09-17T23:17:34Z,3334,40.8,2400,2400,2400,2400,0x0,26,33,19,0.0,145.0,7061,7074,2448,3674,1
2026-09-17T23:17:35Z,3335,42.5,2400,2400,2400,2400,0x0,26,33,19,0.0,118.6,7061,7074,2448,3675,1
2026-09-17T23:17:36Z,3336,39.7,2400,2400,2400,2400,0x0,26,33,19,0.0,0.0,7061,7074,2448,3676,1
2026-09-17T23:17:37Z,3337,40.2,2400,2400,2400,2400,0x0,26,33,19,0.0,0.0,7061,7074,2448,3677,1
2026-09-17T23:17:38Z,3338,40.8,2400,2400,2400,2400,0x0,26,33,19,0.0,0.0,7061,7074,2448,3678,1
2026-09-17T23:17:40Z,3339,40.8,2400,2400,2400,2400,0x0,26,33,19,0.0,111.8,7061,7074,2448,3679,1
2026-09-17T23:17:41Z,3341,40.8,2400,2400,2400,2400,0x0,26,33,19,0.0,65.3,7061,7074,2448,3681,1
2026-09-17T23:17:42Z,3342,40.2,2400,2400,2400,2400,0x0,26,33,19,0.0,147.1,7061,7074,2448,3682,1
2026-09-17T23:17:43Z,3343,41.4,2400,2400,2400,2400,0x0,26,33,19,0.0,46.5,7061,7074,2448,3683,1
2026-09-17T23:17:44Z,3344,39.7,2400,2400,2400,2400,0x0,26,33,19,0.0,0.0,7061,7073,2448,3684,1
2026-09-17T23:17:45Z,3345,40.8,2400,2400,2400,2400,0x0,26,33,19,0.0,0.0,7061,7073,2448,3685,1
2026-09-17T23:17:46Z,3346,41.9,2400,2400,2400,2400,0x0,26,33,19,0.0,100.3,7061,7073,2448,3686,1
2026-09-17T23:17:47Z,3347,39.7,2400,2400,2400,2400,0x0,26,33,19,0.0,143.1,7061,7073,2448,3687,1
2026-09-17T23:17:48Z,3348,41.4,2400,2400,2400,2400,0x0,26,33,19,0.0,142.7,7061,7073,2448,3688,1
2026-09-17T23:17:49Z,3349,39.7,2400,2400,2400,2400,0x0,26,33,19,0.0,49.7,7061,7073,2448,3689,1
2026-09-17T23:17:50Z,3350,41.4,2400,2400,2400,2400,0x0,26,33,19,0.0,0.2,7061,7073,2448,3690,1
2026-09-17T23:17:51Z,3351,40.8,2400,2400,2400,2400,0x0,26,33,19,0.0,3.6,7061,7073,2448,3691,1
2026-09-17T23:17:52Z,3352,41.4,2400,2400,2400,2400,0x0,26,33,19,0.0,151.3,7061,7073,2448,3692,1
2026-09-17T23:17:54Z,3353,40.2,2400,2400,2400,2400,0x0,26,33,19,0.0,144.6,7061,7073,2448,3693,1
2026-09-17T23:17:55Z,3355,39.7,2400,2400,2400,2400,0x0,26,33,19,0.0,43.9,7061,7072,2448,3695,1
2026-09-17T23:17:56Z,3356,40.2,2400,2400,2400,2400,0x0,26,33,19,0.0,0.1,7061,7072,2448,3696,1
2026-09-17T23:17:57Z,3357,40.8,2400,2400,2400,2400,0x0,26,33,19,0.0,0.0,7061,7072,2448,3697,1
2026-09-17T23:17:58Z,3358,41.9,2400,2400,2400,2400,0x0,26,33,19,0.0,90.4,7061,7072,2448,3698,1
2026-09-17T23:17:59Z,3359,41.9,2400,2400,2400,2400,0x0,26,33,19,0.0,143.9,7061,7072,2448,3699,1
2026-09-17T23:18:00Z,3360,41.4,2400,2400,2400,2400,0x0,26,33,19,0.0,136.9,7061,7072,2448,3700,1
2026-09-17T23:18:01Z,3361,39.7,2400,2400,2400,2400,0x0,26,33,19,0.0,0.1,7061,7072,2448,3701,1
2026-09-17T23:18:02Z,3362,40.8,2400,2400,2400,2400,0x0,26,33,19,0.0,0.0,7061,7072,2448,3702,1
2026-09-17T23:18:03Z,3363,40.8,2400,2400,2400,2400,0x0,26,33,19,0.0,0.0,7061,7072,2448,3703,1
2026-09-17T23:18:04Z,3364,40.2,2400,2400,2400,2400,0x0,26,33,19,0.0,77.8,7061,7072,2448,3704,1
2026-09-17T23:18:05Z,3365,41.4,2400,2400,2400,2400,0x0,26,33,19,0.0,140.3,7061,7072,2448,3705,1
2026-09-17T23:18:06Z,3366,40.2,2400,2400,2400,2400,0x0,26,33,19,0.0,138.4,7061,7072,2448,3706,1
2026-09-17T23:18:07Z,3367,39.7,2400,2400,2400,2400,0x0,26,33,19,0.0,79.4,7061,7072,2448,3707,1
2026-09-17T23:18:09Z,3368,40.8,2400,2400,2400,2400,0x0,26,33,19,0.0,0.0,7061,7072,2448,3708,1
2026-09-17T23:18:10Z,3370,40.2,2400,2400,2400,2400,0x0,26,33,19,0.0,0.0,7061,7072,2448,3710,1
2026-09-17T23:18:11Z,3371,40.2,2400,2400,2400,2400,0x0,26,33,19,0.0,69.8,7061,7072,2448,3711,1
2026-09-17T23:18:12Z,3372,40.8,2400,2400,2400,2400,0x0,26,33,19,0.0,138.7,7061,7072,2448,3712,1
2026-09-17T23:18:13Z,3373,40.2,2400,2400,2400,2400,0x0,26,33,19,0.0,141.7,7061,7072,2448,3713,1
2026-09-17T23:18:14Z,3374,41.4,2400,2400,2400,2400,0x0,26,33,19,0.0,69.7,7061,7072,2448,3714,1
2026-09-17T23:18:15Z,3375,40.8,2400,2400,2400,2400,0x0,26,33,19,0.0,0.0,7061,7072,2448,3715,1
2026-09-17T23:18:16Z,3376,39.7,2400,2400,2400,2400,0x0,26,33,19,0.0,0.0,7061,7071,2448,3716,1
2026-09-17T23:18:17Z,3377,40.2,2400,2400,2400,2400,0x0,26,33,19,0.0,0.1,7061,7071,2448,3717,1
2026-09-17T23:18:18Z,3378,41.4,2400,2400,2400,2400,0x0,26,33,19,0.0,135.9,7061,7071,2448,3718,1
2026-09-17T23:18:19Z,3379,40.2,2400,2400,2400,2400,0x0,26,33,19,0.0,152.3,7061,7071,2448,3719,1
2026-09-17T23:18:20Z,3380,41.9,2400,2400,2400,2400,0x0,26,33,19,0.0,139.8,7061,7071,2448,3720,1
2026-09-17T23:18:21Z,3381,40.2,2400,2400,2400,2400,0x0,26,33,19,0.0,7.9,7061,7071,2448,3721,1
2026-09-17T23:18:23Z,3382,40.8,2400,2400,2400,2400,0x0,26,33,19,0.0,0.0,7061,7071,2448,3722,1
2026-09-17T23:18:24Z,3384,39.7,2400,2400,2400,2400,0x0,26,33,19,0.0,0.0,7061,7071,2448,3724,1
2026-09-17T23:18:25Z,3385,42.5,2400,2400,2400,2400,0x0,26,33,19,0.0,68.5,7061,7071,2448,3725,1
2026-09-17T23:18:26Z,3386,41.9,2400,2400,2400,2400,0x0,26,33,19,0.0,143.9,7061,7071,2448,3726,1
2026-09-17T23:18:27Z,3387,39.7,2400,2400,2400,2400,0x0,26,33,19,0.0,128.0,7061,7070,2448,3727,1
2026-09-17T23:18:28Z,3388,40.8,2400,2400,2400,2400,0x0,26,33,19,0.0,127.8,7061,7070,2448,3728,1
2026-09-17T23:18:29Z,3389,41.4,2400,2400,2400,2400,0x0,26,33,19,0.0,0.0,7061,7070,2448,3729,1
2026-09-17T23:18:30Z,3390,41.4,2400,2400,2400,2400,0x0,26,33,19,0.0,0.0,7061,7070,2448,3730,1
2026-09-17T23:18:31Z,3391,40.2,2400,2400,2400,2400,0x0,26,33,19,0.0,9.8,7061,7070,2448,3731,1
2026-09-17T23:18:32Z,3392,40.8,2400,2400,2400,2400,0x0,26,33,19,0.0,136.7,7061,7070,2448,3732,1
2026-09-17T23:18:33Z,3393,41.4,2400,2400,2400,2400,0x0,26,33,19,0.0,145.3,7061,7070,2448,3733,1
2026-09-17T23:18:34Z,3394,39.7,2400,2400,2400,2400,0x0,26,33,19,0.0,144.0,7061,7070,2448,3734,1
2026-09-17T23:18:36Z,3395,41.4,2400,2400,2400,2400,0x0,26,33,19,0.0,16.1,7061,7070,2448,3735,1
2026-09-17T23:18:37Z,3397,40.2,2400,2400,2400,2400,0x0,26,33,19,0.0,0.0,7061,7070,2448,3737,1
2026-09-17T23:18:38Z,3398,39.7,2400,2400,2400,2400,0x0,26,33,19,0.0,0.1,7061,7070,2448,3738,1
2026-09-17T23:18:39Z,3399,41.4,2400,2400,2400,2400,0x0,26,33,19,0.0,138.8,7061,7070,2448,3739,1
2026-09-17T23:18:40Z,3400,41.4,2400,2400,2400,2400,0x0,26,33,19,0.0,142.3,7061,7070,2448,3740,1
2026-09-17T23:18:41Z,3401,40.8,2400,2400,2400,2400,0x0,26,33,19,0.0,138.5,7061,7070,2448,3741,1
2026-09-17T23:18:42Z,3402,41.4,2400,2400,2400,2400,0x0,26,33,19,0.0,0.1,7061,7070,2448,3742,1
2026-09-17T23:18:43Z,3403,40.8,2400,2400,2400,2400,0x0,26,33,19,0.0,0.0,7061,7070,2448,3743,1
2026-09-17T23:18:44Z,3404,40.2,2400,2400,2400,2400,0x0,26,33,19,0.0,0.0,7061,7070,2448,3744,1
2026-09-17T23:18:45Z,3405,39.7,2400,2400,2400,2400,0x0,26,33,19,0.0,66.2,7061,7070,2448,3745,1
2026-09-17T23:18:46Z,3406,41.4,2400,2400,2400,2400,0x0,26,33,19,0.0,143.5,7061,7070,2448,3746,1
2026-09-17T23:18:47Z,3407,41.4,2400,2400,2400,2400,0x0,26,33,19,0.0,134.4,7061,7070,2448,3747,1
2026-09-17T23:18:48Z,3408,41.4,2400,2400,2400,2400,0x0,26,33,19,0.0,91.7,7061,7069,2448,3748,1
2026-09-17T23:18:49Z,3409,41.4,2400,2400,2400,2400,0x0,26,33,19,0.0,0.0,7061,7069,2448,3749,1
2026-09-17T23:18:51Z,3410,41.4,2400,2400,2400,2400,0x0,26,33,19,0.0,0.0,7061,7069,2448,3750,1
2026-09-17T23:18:52Z,3412,39.1,2400,2400,2400,2400,0x0,26,33,19,0.0,0.0,7061,7069,2448,3751,1
2026-09-17T23:18:53Z,3413,41.4,2400,2400,2400,2400,0x0,26,33,19,0.0,119.0,7061,7069,2448,3753,1
2026-09-17T23:18:54Z,3414,41.9,2400,2400,2400,2400,0x0,26,33,19,0.0,147.2,7061,7069,2448,3754,1
2026-09-17T23:18:55Z,3415,40.2,2400,2400,2400,2400,0x0,26,33,19,0.0,141.4,7061,7069,2448,3755,1
2026-09-17T23:18:56Z,3416,40.8,2400,2400,2400,2400,0x0,26,33,19,0.0,60.6,7061,7069,2448,3756,1
2026-09-17T23:18:57Z,3417,40.8,2400,2400,2400,2400,0x0,26,33,19,0.0,0.0,7061,7069,2448,3757,1
2026-09-17T23:18:58Z,3418,40.8,2400,2400,2400,2400,0x0,26,33,19,0.0,0.1,7061,7069,2448,3758,1
2026-09-17T23:18:59Z,3419,40.2,2400,2400,2400,2400,0x0,26,33,19,0.0,111.9,7061,7068,2448,3759,1
2026-09-17T23:19:00Z,3420,40.2,2400,2400,2400,2400,0x0,26,33,19,0.0,172.5,7061,7068,2448,3760,1
2026-09-17T23:19:01Z,3421,41.4,2400,2400,2400,2400,0x0,26,33,19,0.0,135.1,7061,7068,2448,3761,1
2026-09-17T23:19:02Z,3422,41.9,2400,2400,2400,2400,0x0,26,33,19,0.0,0.1,7061,7068,2448,3762,1
2026-09-17T23:19:04Z,3423,41.9,2400,2400,2400,2400,0x0,26,33,19,0.0,0.0,7061,7068,2448,3763,1
2026-09-17T23:19:05Z,3425,40.2,2400,2400,2400,2400,0x0,26,33,19,0.0,0.0,7061,7068,2448,3765,1
2026-09-17T23:19:06Z,3426,41.4,2400,2400,2400,2400,0x0,26,33,19,0.0,129.1,7061,7068,2448,3766,1
2026-09-17T23:19:07Z,3427,40.2,2400,2400,2400,2400,0x0,26,33,19,0.0,143.3,7061,7068,2448,3767,1
2026-09-17T23:19:08Z,3428,41.4,2400,2400,2400,2400,0x0,26,33,19,0.0,132.5,7061,7068,2448,3768,1
2026-09-17T23:19:09Z,3429,40.2,2400,2400,2400,2400,0x0,26,33,19,0.0,14.8,7061,7068,2448,3769,1
2026-09-17T23:19:10Z,3430,40.8,2400,2400,2400,2400,0x0,26,33,19,0.0,0.0,7061,7068,2448,3770,1
2026-09-17T23:19:11Z,3431,40.8,2400,2400,2400,2400,0x0,26,33,19,0.0,0.0,7061,7068,2448,3771,1
2026-09-17T23:19:12Z,3432,41.4,2400,2400,2400,2400,0x0,26,33,19,0.0,53.6,7061,7068,2448,3772,1
2026-09-17T23:19:13Z,3433,41.9,2400,2400,2400,2400,0x0,26,33,19,0.0,133.8,7061,7068,2448,3773,1
2026-09-17T23:19:14Z,3434,40.2,2400,2400,2400,2400,0x0,26,33,19,0.0,143.9,7061,7068,2448,3774,1
2026-09-17T23:19:15Z,3435,41.4,2400,2400,2400,2400,0x0,26,33,19,0.0,104.6,7061,7068,2448,3775,1
2026-09-17T23:19:16Z,3436,40.8,2400,2400,2400,2400,0x0,26,33,19,0.0,0.0,7061,7068,2448,3776,1
2026-09-17T23:19:17Z,3437,39.7,2400,2400,2400,2400,0x0,26,33,19,0.0,0.0,7061,7068,2448,3777,1
2026-09-17T23:19:19Z,3438,40.8,2400,2400,2400,2400,0x0,26,33,19,0.0,42.1,7061,7068,2448,3778,1
2026-09-17T23:19:20Z,3440,39.7,2400,2400,2400,2400,0x0,26,33,19,0.0,70.6,7061,7068,2448,3780,1
2026-09-17T23:19:21Z,3441,39.7,2400,2400,2400,2400,0x0,26,33,19,0.0,143.7,7061,7067,2448,3781,1
2026-09-17T23:19:22Z,3442,40.2,2400,2400,2400,2400,0x0,26,33,19,0.0,108.7,7061,7067,2448,3782,1
2026-09-17T23:19:23Z,3443,41.4,2400,2400,2400,2400,0x0,26,33,19,0.0,0.1,7061,7067,2448,3783,1
2026-09-17T23:19:24Z,3444,40.8,2400,2400,2400,2400,0x0,26,33,19,0.0,0.0,7061,7067,2448,3784,1
2026-09-17T23:19:25Z,3445,41.4,2400,2400,2400,2400,0x0,26,33,19,0.0,0.0,7061,7067,2448,3785,1
2026-09-17T23:19:26Z,3446,42.5,2400,2400,2400,2400,0x0,26,33,19,0.0,110.4,7061,7067,2448,3786,1
2026-09-17T23:19:27Z,3447,39.7,2400,2400,2400,2400,0x0,26,33,19,0.0,145.2,7061,7067,2448,3787,1
2026-09-17T23:19:28Z,3448,41.4,2400,2400,2400,2400,0x0,26,33,19,0.0,141.5,7061,7067,2448,3788,1
2026-09-17T23:19:29Z,3449,40.2,2400,2400,2400,2400,0x0,26,33,19,0.0,38.7,7061,7067,2448,3789,1
2026-09-17T23:19:30Z,3450,39.7,2400,2400,2400,2400,0x0,26,33,19,0.0,0.0,7061,7067,2448,3790,1
2026-09-17T23:19:31Z,3451,41.4,2400,2400,2400,2400,0x0,26,33,19,0.0,0.0,7061,7067,2448,3791,1
2026-09-17T23:19:33Z,3452,40.8,2400,2400,2400,2400,0x0,26,33,19,0.0,95.6,7061,7067,2448,3792,1
2026-09-17T23:19:34Z,3454,40.2,2400,2400,2400,2400,0x0,26,33,19,0.0,67.9,7061,7067,2448,3794,1
2026-09-17T23:19:35Z,3455,41.4,2400,2400,2400,2400,0x0,26,33,19,0.0,144.1,7061,7067,2448,3795,1
2026-09-17T23:19:36Z,3456,41.4,2400,2400,2400,2400,0x0,26,33,19,0.0,60.3,7061,7067,2448,3796,1
2026-09-17T23:19:37Z,3457,42.5,2400,2400,2400,2400,0x0,26,33,19,0.0,0.0,7061,7067,2448,3797,1
2026-09-17T23:19:38Z,3458,40.8,2400,2400,2400,2400,0x0,26,33,19,0.0,0.0,7061,7067,2448,3798,1
2026-09-17T23:19:39Z,3459,41.9,2400,2400,2400,2400,0x0,26,33,19,0.0,32.4,7061,7067,2448,3799,1
2026-09-17T23:19:40Z,3460,41.9,2400,2400,2400,2400,0x0,26,33,19,0.0,109.1,7061,7067,2448,3800,1
2026-09-17T23:19:41Z,3461,41.4,2400,2400,2400,2400,0x0,26,33,19,0.0,155.3,7061,7067,2448,3801,1
2026-09-17T23:19:42Z,3462,40.8,2400,2400,2400,2400,0x0,26,33,19,0.0,144.3,7061,7066,2448,3802,1
2026-09-17T23:19:43Z,3463,40.8,2400,2400,2400,2400,0x0,26,33,19,0.0,27.2,7061,7066,2448,3803,1
2026-09-17T23:19:44Z,3464,40.2,2400,2400,2400,2400,0x0,26,33,19,0.0,0.0,7061,7066,2448,3804,1
2026-09-17T23:19:45Z,3465,41.4,2400,2400,2400,2400,0x0,26,33,19,0.0,0.0,7061,7066,2448,3805,1
2026-09-17T23:19:47Z,3466,40.8,2400,2400,2400,2400,0x0,26,33,19,0.0,109.4,7061,7066,2448,3806,1
2026-09-17T23:19:48Z,3468,41.4,2400,2400,2400,2400,0x0,26,33,19,0.0,71.8,7061,7066,2448,3808,1
2026-09-17T23:19:49Z,3469,41.4,2400,2400,2400,2400,0x0,26,33,19,0.0,133.6,7061,7066,2448,3809,1
2026-09-17T23:19:50Z,3470,40.8,2400,2400,2400,2400,0x0,26,33,19,0.0,33.2,7061,7066,2448,3810,1
2026-09-17T23:19:51Z,3471,40.8,2400,2400,2400,2400,0x0,26,33,19,0.0,0.0,7061,7066,2448,3811,1
2026-09-17T23:19:52Z,3472,40.8,2400,2400,2400,2400,0x0,26,33,19,0.0,0.0,7061,7066,2448,3812,1
2026-09-17T23:19:53Z,3473,41.4,2400,2400,2400,2400,0x0,26,33,19,0.0,32.3,7061,7065,2448,3813,1
2026-09-17T23:19:54Z,3474,39.7,2400,2400,2400,2400,0x0,26,33,19,0.0,75.5,7061,7065,2448,3814,1
2026-09-17T23:19:55Z,3475,40.8,2400,2400,2400,2400,0x0,26,33,19,0.0,142.9,7061,7065,2448,3815,1
2026-09-17T23:19:56Z,3476,41.4,2400,2400,2400,2400,0x0,26,33,19,0.0,146.5,7061,7065,2448,3816,1
2026-09-17T23:19:57Z,3477,40.8,2400,2400,2400,2400,0x0,26,33,19,0.0,119.4,7061,7065,2448,3817,1
2026-09-17T23:19:58Z,3478,40.8,2400,2400,2400,2400,0x0,26,33,19,0.0,0.0,7061,7065,2448,3818,1
2026-09-17T23:19:59Z,3479,39.7,2400,2400,2400,2400,0x0,26,33,19,0.0,0.1,7061,7065,2448,3819,1
2026-09-17T23:20:00Z,3480,40.8,2400,2400,2400,2400,0x0,26,33,19,0.0,0.0,7061,7065,2448,3820,1
2026-09-17T23:20:02Z,3481,40.8,2400,2400,2400,2400,0x0,26,33,19,0.0,109.4,7061,7065,2448,3821,1
2026-09-17T23:20:03Z,3483,41.4,2400,2400,2400,2400,0x0,26,33,19,0.0,71.8,7061,7065,2448,3823,1
2026-09-17T23:20:04Z,3484,41.9,2400,2400,2400,2400,0x0,26,33,19,0.0,142.2,7061,7065,2448,3824,1
2026-09-17T23:20:05Z,3485,41.9,2400,2400,2400,2400,0x0,26,33,19,0.0,56.8,7061,7065,2448,3825,1
2026-09-17T23:20:06Z,3486,40.2,2400,2400,2400,2400,0x0,26,33,19,0.0,0.0,7061,7065,2448,3826,1
2026-09-17T23:20:07Z,3487,39.7,2400,2400,2400,2400,0x0,26,33,19,0.0,0.0,7061,7065,2448,3827,1
2026-09-17T23:20:08Z,3488,40.8,2400,2400,2400,2400,0x0,26,33,19,0.0,118.6,7061,7065,2448,3828,1
2026-09-17T23:20:09Z,3489,41.4,2400,2400,2400,2400,0x0,26,33,19,0.0,140.8,7061,7065,2448,3829,1
2026-09-17T23:20:10Z,3490,41.4,2400,2400,2400,2400,0x0,26,33,19,0.0,138.5,7061,7065,2448,3830,1
2026-09-17T23:20:11Z,3491,40.2,2400,2400,2400,2400,0x0,26,33,19,0.0,21.8,7061,7065,2448,3831,1
2026-09-17T23:20:12Z,3492,41.4,2400,2400,2400,2400,0x0,26,33,19,0.0,0.0,7061,7065,2448,3832,1
2026-09-17T23:20:13Z,3493,40.8,2400,2400,2400,2400,0x0,26,33,19,0.0,0.0,7061,7065,2448,3833,1
2026-09-17T23:20:14Z,3494,39.7,2400,2400,2400,2400,0x0,26,33,19,0.0,104.2,7061,7064,2448,3834,1
2026-09-17T23:20:16Z,3495,40.2,2400,2400,2400,2400,0x0,26,33,19,0.0,130.4,7061,7064,2448,3835,1
2026-09-17T23:20:17Z,3497,41.4,2400,2400,2400,2400,0x0,26,33,19,0.0,69.1,7061,7064,2448,3837,1
2026-09-17T23:20:18Z,3498,41.4,2400,2400,2400,2400,0x0,26,33,19,0.0,47.1,7061,7064,2448,3838,1
2026-09-17T23:20:19Z,3499,40.2,2400,2400,2400,2400,0x0,26,33,19,0.0,0.0,7061,7064,2448,3839,1
2026-09-17T23:20:20Z,3500,40.8,2400,2400,2400,2400,0x0,26,33,19,0.0,0.0,7061,7064,2448,3840,1
2026-09-17T23:20:21Z,3501,40.8,2400,2400,2400,2400,0x0,26,33,19,0.0,93.0,7061,7064,2448,3841,1
2026-09-17T23:20:22Z,3502,39.7,2400,2400,2400,2400,0x0,26,33,19,0.0,145.3,7061,7064,2448,3842,1
2026-09-17T23:20:23Z,3503,40.8,2400,2400,2400,2400,0x0,26,33,19,0.0,143.9,7061,7064,2448,3843,1
2026-09-17T23:20:24Z,3504,40.2,2400,2400,2400,2400,0x0,26,33,19,0.0,53.6,7061,7064,2448,3844,1
2026-09-17T23:20:25Z,3505,39.7,2400,2400,2400,2400,0x0,26,33,19,0.0,0.1,7061,7063,2448,3845,1
2026-09-17T23:20:26Z,3506,41.9,2400,2400,2400,2400,0x0,26,33,19,0.0,0.0,7061,7063,2448,3846,1
2026-09-17T23:20:27Z,3507,39.7,2400,2400,2400,2400,0x0,26,33,19,0.0,35.2,7061,7063,2448,3847,1
2026-09-17T23:20:29Z,3508,39.7,2400,2400,2400,2400,0x0,26,33,19,0.0,140.9,7061,7063,2448,3848,1
2026-09-17T23:20:30Z,3510,40.8,2400,2400,2400,2400,0x0,26,33,19,0.0,69.5,7061,7063,2448,3849,1
2026-09-17T23:20:31Z,3511,40.8,2400,2400,2400,2400,0x0,26,33,19,0.0,120.8,7061,7063,2448,3851,1
2026-09-17T23:20:32Z,3512,41.9,2400,2400,2400,2400,0x0,26,33,19,0.0,0.0,7061,7063,2448,3852,1
2026-09-17T23:20:33Z,3513,41.4,2400,2400,2400,2400,0x0,26,33,19,0.0,0.0,7061,7063,2448,3853,1
2026-09-17T23:20:34Z,3514,40.8,2400,2400,2400,2400,0x0,26,33,19,0.0,20.8,7061,7063,2448,3854,1
2026-09-17T23:20:35Z,3515,40.8,2400,2400,2400,2400,0x0,26,33,19,0.0,143.1,7061,7063,2448,3855,1
2026-09-17T23:20:36Z,3516,40.8,2400,2400,2400,2400,0x0,26,33,19,0.0,136.4,7061,7063,2448,3856,1
2026-09-17T23:20:37Z,3517,41.4,2400,2400,2400,2400,0x0,26,33,19,0.0,119.4,7061,7063,2448,3857,1
2026-09-17T23:20:38Z,3518,41.4,2400,2400,2400,2400,0x0,26,33,19,0.0,0.0,7061,7063,2448,3858,1
2026-09-17T23:20:39Z,3519,41.4,2400,2400,2400,2400,0x0,26,33,19,0.0,0.0,7061,7063,2448,3859,1
2026-09-17T23:20:40Z,3520,40.8,2400,2400,2400,2400,0x0,26,33,19,0.0,80.1,7061,7063,2448,3860,1
2026-09-17T23:20:41Z,3521,40.2,2400,2400,2400,2400,0x0,26,33,19,0.0,139.7,7061,7063,2448,3861,1
2026-09-17T23:20:43Z,3522,39.1,2400,2400,2400,2400,0x0,26,33,19,0.0,143.9,7061,7063,2448,3862,1
2026-09-17T23:20:44Z,3524,40.8,2400,2400,2400,2400,0x0,26,33,19,0.0,20.0,7061,7063,2448,3864,1
2026-09-17T23:20:45Z,3525,40.8,2400,2400,2400,2400,0x0,26,33,19,0.0,0.0,7061,7063,2448,3865,1
2026-09-17T23:20:46Z,3526,41.4,2400,2400,2400,2400,0x0,26,33,19,0.0,0.1,7061,7063,2448,3866,1
2026-09-17T23:20:47Z,3527,41.4,2400,2400,2400,2400,0x0,26,33,19,0.0,80.7,7061,7062,2448,3867,1
2026-09-17T23:20:48Z,3528,40.8,2400,2400,2400,2400,0x0,26,33,19,0.0,145.2,7061,7062,2448,3868,1
2026-09-17T23:20:49Z,3529,39.7,2400,2400,2400,2400,0x0,26,33,19,0.0,137.5,7061,7062,2448,3869,1
2026-09-17T23:20:50Z,3530,40.8,2400,2400,2400,2400,0x0,26,33,19,0.0,40.1,7061,7062,2448,3870,1
2026-09-17T23:20:51Z,3531,40.8,2400,2400,2400,2400,0x0,26,33,19,0.0,0.1,7061,7062,2448,3871,1
2026-09-17T23:20:52Z,3532,39.1,2400,2400,2400,2400,0x0,26,33,19,0.0,0.0,7061,7062,2448,3872,1
2026-09-17T23:20:53Z,3533,40.8,2400,2400,2400,2400,0x0,26,33,19,0.0,137.5,7061,7062,2448,3873,1
2026-09-17T23:20:54Z,3534,41.4,2400,2400,2400,2400,0x0,26,33,19,0.0,142.9,7061,7062,2448,3874,1
2026-09-17T23:20:55Z,3535,40.8,2400,2400,2400,2400,0x0,26,33,19,0.0,106.9,7061,7062,2448,3875,1
2026-09-17T23:20:56Z,3536,40.8,2400,2400,2400,2400,0x0,26,33,19,0.0,0.1,7061,7062,2448,3876,1
2026-09-17T23:20:57Z,3537,40.2,2400,2400,2400,2400,0x0,26,33,19,0.0,0.0,7061,7061,2448,3877,1
2026-09-17T23:20:59Z,3539,39.7,2400,2400,2400,2400,0x0,26,33,19,0.0,23.2,7061,7061,2448,3878,1
2026-09-17T23:21:00Z,3540,41.4,2400,2400,2400,2400,0x0,26,33,19,0.0,144.9,7061,7061,2448,3880,1
2026-09-17T23:21:01Z,3541,41.9,2400,2400,2400,2400,0x0,26,33,19,0.0,150.5,7061,7061,2448,3881,1
2026-09-17T23:21:02Z,3542,41.4,2400,2400,2400,2400,0x0,26,33,19,0.0,61.7,7061,7061,2448,3882,1
2026-09-17T23:21:03Z,3543,41.4,2400,2400,2400,2400,0x0,26,33,19,0.0,0.0,7061,7061,2448,3883,1
2026-09-17T23:21:04Z,3544,41.4,2400,2400,2400,2400,0x0,26,33,19,0.0,0.0,7061,7061,2448,3884,1
2026-09-17T23:21:05Z,3545,43.0,2400,2400,2400,2400,0x0,26,33,19,0.0,51.0,7061,7061,2448,3885,1
2026-09-17T23:21:06Z,3546,41.4,2400,2400,2400,2400,0x0,26,33,19,0.0,141.0,7061,7061,2448,3886,1
2026-09-17T23:21:07Z,3547,40.2,2400,2400,2400,2400,0x0,26,33,19,0.0,149.6,7061,7061,2448,3887,1
2026-09-17T23:21:08Z,3548,41.4,2400,2400,2400,2400,0x0,26,33,19,0.0,62.0,7061,7061,2448,3888,1
2026-09-17T23:21:09Z,3549,41.9,2400,2400,2400,2400,0x0,26,33,19,0.0,0.0,7061,7061,2448,3889,1
2026-09-17T23:21:11Z,3550,41.4,2400,2400,2400,2400,0x0,26,33,19,0.0,0.0,7061,7061,2448,3890,1
2026-09-17T23:21:12Z,3552,40.8,2400,2400,2400,2400,0x0,26,33,19,0.0,54.8,7061,7061,2448,3892,1
2026-09-17T23:21:13Z,3553,41.9,2400,2400,2400,2400,0x0,26,33,19,0.0,144.5,7061,7061,2448,3893,1
2026-09-17T23:21:14Z,3554,41.4,2400,2400,2400,2400,0x0,26,33,19,0.0,143.2,7061,7061,2448,3894,1
2026-09-17T23:21:15Z,3555,41.4,2400,2400,2400,2400,0x0,26,33,19,0.0,6.4,7061,7061,2448,3895,1
2026-09-17T23:21:16Z,3556,39.7,2400,2400,2400,2400,0x0,26,33,19,0.0,0.0,7061,7061,2448,3896,1
2026-09-17T23:21:17Z,3557,40.8,2400,2400,2400,2400,0x0,26,33,19,0.0,0.1,7061,7061,2448,3897,1
2026-09-17T23:21:18Z,3558,40.8,2400,2400,2400,2400,0x0,26,33,19,0.0,108.6,7061,7061,2448,3898,1
2026-09-17T23:21:19Z,3559,41.9,2400,2400,2400,2400,0x0,26,33,19,0.0,143.1,7061,7060,2448,3899,1
2026-09-17T23:21:20Z,3560,40.8,2400,2400,2400,2400,0x0,26,33,19,0.0,146.1,7061,7060,2448,3900,1
2026-09-17T23:21:21Z,3561,41.9,2400,2400,2400,2400,0x0,26,33,19,0.0,5.6,7061,7060,2448,3901,1
2026-09-17T23:21:22Z,3562,40.8,2400,2400,2400,2400,0x0,26,33,19,0.0,0.1,7061,7060,2448,3902,1
2026-09-17T23:21:23Z,3563,41.4,2400,2400,2400,2400,0x0,26,33,19,0.0,8.4,7061,7060,2448,3903,1
2026-09-17T23:21:24Z,3564,41.9,2400,2400,2400,2400,0x0,26,33,19,0.0,143.2,7061,7060,2448,3904,1
2026-09-17T23:21:26Z,3565,39.7,2400,2400,2400,2400,0x0,26,33,19,0.0,148.6,7061,7060,2448,3905,1
2026-09-17T23:21:27Z,3567,41.4,2400,2400,2400,2400,0x0,26,33,19,0.0,51.7,7061,7060,2448,3907,1
2026-09-17T23:21:28Z,3568,39.7,2400,2400,2400,2400,0x0,26,33,19,0.0,0.1,7061,7060,2448,3908,1
2026-09-17T23:21:29Z,3569,39.7,2400,2400,2400,2400,0x0,26,33,19,0.0,0.0,7061,7060,2448,3909,1
2026-09-17T23:21:30Z,3570,40.8,2400,2400,2400,2400,0x0,26,33,19,0.0,83.8,7061,7059,2448,3910,1
2026-09-17T23:21:31Z,3571,40.8,2400,2400,2400,2400,0x0,26,33,19,0.0,143.4,7061,7059,2448,3911,1
2026-09-17T23:21:32Z,3572,40.2,2400,2400,2400,2400,0x0,26,33,19,0.0,137.5,7061,7059,2448,3912,1
2026-09-17T23:21:33Z,3573,39.7,2400,2400,2400,2400,0x0,26,33,19,0.0,22.7,7061,7059,2448,3913,1
2026-09-17T23:21:34Z,3574,39.1,2400,2400,2400,2400,0x0,26,33,19,0.0,0.0,7061,7059,2448,3914,1
2026-09-17T23:21:35Z,3575,39.7,2400,2400,2400,2400,0x0,26,33,19,0.0,0.0,7061,7059,2448,3915,1
2026-09-17T23:21:36Z,3576,41.9,2400,2400,2400,2400,0x0,26,33,19,0.0,72.9,7061,7059,2448,3916,1
2026-09-17T23:21:37Z,3577,41.4,2400,2400,2400,2400,0x0,26,33,19,0.0,143.9,7061,7059,2448,3917,1
2026-09-17T23:21:38Z,3578,40.2,2400,2400,2400,2400,0x0,26,33,19,0.0,136.4,7061,7059,2448,3918,1
2026-09-17T23:21:39Z,3579,40.8,2400,2400,2400,2400,0x0,26,33,19,0.0,66.5,7061,7059,2448,3919,1
2026-09-17T23:21:41Z,3580,40.2,2400,2400,2400,2400,0x0,26,33,19,0.0,0.0,7061,7059,2448,3921,1
2026-09-17T23:21:42Z,3582,41.9,2400,2400,2400,2400,0x0,26,33,19,0.0,0.0,7061,7059,2448,3922,1
2026-09-17T23:21:43Z,3583,39.7,2400,2400,2400,2400,0x0,26,33,19,0.0,137.6,7061,7059,2448,3923,1
2026-09-17T23:21:44Z,3584,41.4,2400,2400,2400,2400,0x0,26,33,19,0.0,126.9,7061,7059,2448,3924,1
2026-09-17T23:21:45Z,3585,41.4,2400,2400,2400,2400,0x0,26,33,19,0.0,123.0,7061,7059,2448,3925,1
2026-09-17T23:21:46Z,3586,39.7,2400,2400,2400,2400,0x0,26,33,19,0.0,0.0,7061,7059,2448,3926,1
2026-09-17T23:21:47Z,3587,41.4,2400,2400,2400,2400,0x0,26,33,19,0.0,0.0,7061,7059,2448,3927,1
2026-09-17T23:21:48Z,3588,39.1,2400,2400,2400,2400,0x0,26,33,19,0.0,40.3,7061,7059,2448,3928,1
2026-09-17T23:21:49Z,3589,39.7,2400,2400,2400,2400,0x0,26,33,19,0.0,135.1,7061,7059,2448,3929,1
2026-09-17T23:21:50Z,3590,40.2,2400,2400,2400,2400,0x0,26,33,19,0.0,148.5,7061,7059,2448,3930,1
2026-09-17T23:21:51Z,3591,41.9,2400,2400,2400,2400,0x0,26,33,19,0.0,63.7,7061,7058,2448,3931,1
2026-09-17T23:21:52Z,3592,40.2,2400,2400,2400,2400,0x0,26,33,19,0.0,0.0,7061,7058,2448,3932,1
2026-09-17T23:21:53Z,3593,40.8,2400,2400,2400,2400,0x0,26,33,19,0.0,0.1,7061,7058,2448,3933,1
2026-09-17T23:21:54Z,3594,39.7,2400,2400,2400,2400,0x0,26,33,19,0.0,107.8,7061,7058,2448,3934,1
2026-09-17T23:21:56Z,3595,40.8,2400,2400,2400,2400,0x0,26,33,19,0.0,140.8,7061,7058,2448,3935,1
2026-09-17T23:21:57Z,3597,41.4,2400,2400,2400,2400,0x0,26,33,19,0.0,69.4,7061,7058,2448,3937,1
2026-09-17T23:21:58Z,3598,40.2,2400,2400,2400,2400,0x0,26,33,19,0.0,0.0,7061,7058,2448,3938,1
2026-09-17T23:21:59Z,3599,41.4,2400,2400,2400,2400,0x0,26,33,19,0.0,0.1,7061,7058,2448,3939,1
2026-09-17T23:22:00Z,3600,40.2,2400,2400,2400,2400,0x0,26,33,19,0.0,17.4,7061,7058,2448,3940,1
2026-09-17T23:22:01Z,3601,40.8,2400,2400,2400,2400,0x0,26,33,19,0.0,143.0,7061,7058,2448,3941,1
2026-09-17T23:22:02Z,3602,41.4,2400,2400,2400,2400,0x0,26,33,19,0.0,139.8,7061,7057,2448,3942,1
2026-09-17T23:22:03Z,3603,41.4,2400,2400,2400,2400,0x0,26,33,19,0.0,87.1,7061,7057,2448,3943,1
2026-09-17T23:22:04Z,3604,40.8,2400,2400,2400,2400,0x0,26,33,19,0.0,0.1,7061,7057,2448,3944,1
2026-09-17T23:22:05Z,3605,41.4,2400,2400,2400,2400,0x0,26,33,19,0.0,0.0,7061,7057,2448,3945,1
2026-09-17T23:22:06Z,3606,40.8,2400,2400,2400,2400,0x0,26,33,19,0.0,7.4,7061,7057,2448,3946,1
2026-09-17T23:22:07Z,3607,41.9,2400,2400,2400,2400,0x0,26,33,19,0.0,143.1,7061,7057,2448,3947,1
2026-09-17T23:22:08Z,3608,41.4,2400,2400,2400,2400,0x0,26,33,19,0.0,142.7,7061,7057,2448,3948,1
2026-09-17T23:22:09Z,3609,39.7,2400,2400,2400,2400,0x0,26,33,19,0.0,110.4,7061,7057,2448,3949,1
2026-09-17T23:22:11Z,3610,41.4,2400,2400,2400,2400,0x0,26,33,19,0.0,0.0,7061,7057,2448,3950,1
2026-09-17T23:22:12Z,3612,40.8,2400,2400,2400,2400,0x0,26,33,19,0.0,0.0,7061,7057,2448,3952,1
2026-09-17T23:22:13Z,3613,40.8,2400,2400,2400,2400,0x0,26,33,19,0.0,59.4,7061,7057,2448,3953,1
2026-09-17T23:22:14Z,3614,40.8,2400,2400,2400,2400,0x0,26,33,19,0.0,161.0,7061,7057,2448,3954,1
2026-09-17T23:22:15Z,3615,39.7,2400,2400,2400,2400,0x0,26,33,19,0.0,136.0,7061,7057,2448,3955,1
2026-09-17T23:22:16Z,3616,39.7,2400,2400,2400,2400,0x0,26,33,19,0.0,47.1,7061,7057,2448,3956,1
2026-09-17T23:22:17Z,3617,39.7,2400,2400,2400,2400,0x0,26,33,19,0.0,0.0,7061,7057,2448,3957,1
2026-09-17T23:22:18Z,3618,40.8,2400,2400,2400,2400,0x0,26,33,19,0.0,0.0,7061,7057,2448,3958,1
2026-09-17T23:22:19Z,3619,41.4,2400,2400,2400,2400,0x0,26,33,19,0.0,117.2,7061,7057,2448,3959,1
2026-09-17T23:22:20Z,3620,39.7,2400,2400,2400,2400,0x0,26,33,19,0.0,144.4,7061,7057,2448,3960,1
2026-09-17T23:22:21Z,3621,41.4,2400,2400,2400,2400,0x0,26,33,19,0.0,125.9,7061,7057,2448,3961,1
2026-09-17T23:22:22Z,3622,40.8,2400,2400,2400,2400,0x0,26,33,19,0.0,0.0,7061,7057,2448,3962,1
2026-09-17T23:22:23Z,3623,41.9,2400,2400,2400,2400,0x0,26,33,19,0.0,0.0,7061,7056,2448,3963,1
2026-09-17T23:22:25Z,3624,40.8,2400,2400,2400,2400,0x0,26,33,19,0.0,0.1,7061,7056,2448,3964,1
2026-09-17T23:22:26Z,3626,41.4,2400,2400,2400,2400,0x0,26,33,19,0.0,60.7,7061,7056,2448,3966,1
2026-09-17T23:22:27Z,3627,41.4,2400,2400,2400,2400,0x0,26,33,19,0.0,147.3,7061,7056,2448,3967,1
2026-09-17T23:22:28Z,3628,39.7,2400,2400,2400,2400,0x0,26,33,19,0.0,134.8,7061,7056,2448,3968,1
2026-09-17T23:22:29Z,3629,41.4,2400,2400,2400,2400,0x0,26,33,19,0.0,0.0,7061,7056,2448,3969,1
2026-09-17T23:22:30Z,3630,40.2,2400,2400,2400,2400,0x0,26,33,19,0.0,0.1,7061,7056,2448,3970,1
2026-09-17T23:22:31Z,3631,41.4,2400,2400,2400,2400,0x0,26,33,19,0.0,36.2,7061,7056,2448,3971,1
2026-09-17T23:22:32Z,3632,40.8,2400,2400,2400,2400,0x0,26,33,19,0.0,139.7,7061,7056,2448,3972,1
2026-09-17T23:22:33Z,3633,39.7,2400,2400,2400,2400,0x0,26,33,19,0.0,145.2,7061,7056,2448,3973,1
2026-09-17T23:22:34Z,3634,39.7,2400,2400,2400,2400,0x0,26,33,19,0.0,82.3,7061,7056,2448,3974,1
2026-09-17T23:22:35Z,3635,39.7,2400,2400,2400,2400,0x0,26,33,19,0.0,0.2,7061,7056,2448,3975,1
2026-09-17T23:22:36Z,3636,40.8,2400,2400,2400,2400,0x0,26,33,19,0.0,0.0,7061,7056,2448,3976,1
2026-09-17T23:22:37Z,3637,41.4,2400,2400,2400,2400,0x0,26,33,19,0.0,75.0,7061,7056,2448,3977,1
2026-09-17T23:22:38Z,3638,40.2,2400,2400,2400,2400,0x0,26,33,19,0.0,141.0,7061,7056,2448,3978,1
2026-09-17T23:22:40Z,3639,40.8,2400,2400,2400,2400,0x0,26,33,19,0.0,137.7,7061,7056,2448,3979,1
2026-09-17T23:22:41Z,3641,40.2,2400,2400,2400,2400,0x0,26,33,19,0.0,16.9,7061,7056,2448,3981,1
2026-09-17T23:22:42Z,3642,39.7,2400,2400,2400,2400,0x0,26,33,19,0.0,0.0,7061,7056,2448,3982,1
2026-09-17T23:22:43Z,3643,41.4,2400,2400,2400,2400,0x0,26,33,19,0.0,0.0,7061,7056,2448,3983,1
2026-09-17T23:22:44Z,3644,41.9,2400,2400,2400,2400,0x0,26,33,19,0.0,84.1,7061,7056,2448,3984,1
2026-09-17T23:22:45Z,3645,40.8,2400,2400,2400,2400,0x0,26,33,19,0.0,136.4,7061,7055,2448,3985,1
2026-09-17T23:22:46Z,3646,39.1,2400,2400,2400,2400,0x0,26,33,19,0.0,163.2,7061,7055,2448,3986,1
2026-09-17T23:22:47Z,3647,41.9,2400,2400,2400,2400,0x0,26,33,19,0.0,19.9,7061,7055,2448,3987,1
2026-09-17T23:22:48Z,3648,40.2,2400,2400,2400,2400,0x0,26,33,19,0.0,0.0,7061,7055,2448,3988,1
2026-09-17T23:22:49Z,3649,41.4,2400,2400,2400,2400,0x0,26,33,19,0.0,14.9,7061,7055,2448,3989,1
2026-09-17T23:22:50Z,3650,41.4,2400,2400,2400,2400,0x0,26,33,19,0.0,137.6,7061,7055,2448,3990,1
2026-09-17T23:22:52Z,3651,40.8,2400,2400,2400,2400,0x0,26,33,19,0.0,140.9,7061,7055,2448,3991,1
2026-09-17T23:22:53Z,3653,40.8,2400,2400,2400,2400,0x0,26,33,19,0.0,55.2,7061,7055,2448,3993,1
2026-09-17T23:22:54Z,3654,40.8,2400,2400,2400,2400,0x0,26,33,19,0.0,0.0,7061,7055,2448,3994,1
2026-09-17T23:22:55Z,3655,39.7,2400,2400,2400,2400,0x0,26,33,19,0.0,0.1,7061,7055,2448,3995,1
2026-09-17T23:22:56Z,3656,41.9,2400,2400,2400,2400,0x0,26,33,19,0.0,69.3,7061,7054,2448,3996,1
2026-09-17T23:22:57Z,3657,40.8,2400,2400,2400,2400,0x0,26,33,19,0.0,143.8,7061,7054,2448,3997,1
2026-09-17T23:22:58Z,3658,39.7,2400,2400,2400,2400,0x0,26,33,19,0.0,143.0,7061,7054,2448,3998,1
2026-09-17T23:22:59Z,3659,40.2,2400,2400,2400,2400,0x0,26,33,19,0.0,31.2,7061,7054,2448,3999,1
2026-09-17T23:23:00Z,3660,40.2,2400,2400,2400,2400,0x0,26,33,19,0.0,0.1,7061,7054,2448,4000,1
2026-09-17T23:23:01Z,3661,40.2,2400,2400,2400,2400,0x0,26,33,19,0.0,0.0,7061,7054,2448,4001,1
2026-09-17T23:23:02Z,3662,40.8,2400,2400,2400,2400,0x0,26,33,19,0.0,136.7,7061,7054,2448,4002,1
2026-09-17T23:23:03Z,3663,40.8,2400,2400,2400,2400,0x0,26,33,19,0.0,140.2,7061,7054,2448,4003,1
2026-09-17T23:23:04Z,3664,41.9,2400,2400,2400,2400,0x0,26,33,19,0.0,94.3,7061,7054,2448,4004,1
2026-09-17T23:23:05Z,3665,40.8,2400,2400,2400,2400,0x0,26,33,19,0.0,0.1,7061,7054,2448,4005,1
2026-09-17T23:23:06Z,3666,40.8,2400,2400,2400,2400,0x0,26,33,19,0.0,0.0,7061,7054,2448,4006,1
2026-09-17T23:23:08Z,3667,41.4,2400,2400,2400,2400,0x0,26,33,19,0.0,44.6,7061,7054,2448,4007,1
2026-09-17T23:23:09Z,3669,40.8,2400,2400,2400,2400,0x0,26,33,19,0.0,73.3,7061,7054,2448,4009,1
2026-09-17T23:23:10Z,3670,40.2,2400,2400,2400,2400,0x0,26,33,19,0.0,145.3,7061,7054,2448,4010,1
2026-09-17T23:23:11Z,3671,39.7,2400,2400,2400,2400,0x0,26,33,19,0.0,67.1,7061,7054,2448,4011,1
2026-09-17T23:23:12Z,3672,39.7,2400,2400,2400,2400,0x0,26,33,19,0.0,0.0,7061,7054,2448,4012,1
2026-09-17T23:23:13Z,3673,41.4,2400,2400,2400,2400,0x0,26,33,19,0.0,0.0,7061,7054,2448,4013,1
2026-09-17T23:23:14Z,3674,40.2,2400,2400,2400,2400,0x0,26,33,19,0.0,33.6,7061,7054,2448,4014,1
2026-09-17T23:23:15Z,3675,39.7,2400,2400,2400,2400,0x0,26,33,19,0.0,143.9,7061,7054,2448,4015,1
2026-09-17T23:23:16Z,3676,41.4,2400,2400,2400,2400,0x0,26,33,19,0.0,141.9,7061,7054,2448,4016,1
2026-09-17T23:23:17Z,3677,41.4,2400,2400,2400,2400,0x0,26,33,19,0.0,100.4,7061,7053,2448,4017,1
2026-09-17T23:23:18Z,3678,39.7,2400,2400,2400,2400,0x0,26,33,19,0.0,0.0,7061,7053,2448,4018,1
2026-09-17T23:23:19Z,3679,41.4,2400,2400,2400,2400,0x0,26,33,19,0.0,0.0,7061,7053,2448,4019,1
2026-09-17T23:23:21Z,3680,41.4,2400,2400,2400,2400,0x0,26,33,19,0.0,35.0,7061,7053,2448,4020,1
2026-09-17T23:23:22Z,3682,41.4,2400,2400,2400,2400,0x0,26,33,19,0.0,72.0,7061,7053,2448,4021,1
2026-09-17T23:23:23Z,3683,40.8,2400,2400,2400,2400,0x0,26,33,19,0.0,146.0,7061,7053,2448,4023,1
2026-09-17T23:23:24Z,3684,41.4,2400,2400,2400,2400,0x0,26,33,19,0.0,78.6,7061,7053,2448,4024,1
2026-09-17T23:23:25Z,3685,41.4,2400,2400,2400,2400,0x0,26,33,19,0.0,0.0,7061,7053,2448,4025,1
2026-09-17T23:23:26Z,3686,39.7,2400,2400,2400,2400,0x0,26,33,19,0.0,0.2,7061,7053,2448,4026,1
2026-09-17T23:23:27Z,3687,40.2,2400,2400,2400,2400,0x0,26,33,19,0.0,98.1,7061,7053,2448,4027,1
2026-09-17T23:23:28Z,3688,41.4,2400,2400,2400,2400,0x0,26,33,19,0.0,140.1,7061,7052,2448,4028,1
2026-09-17T23:23:29Z,3689,41.9,2400,2400,2400,2400,0x0,26,33,19,0.0,143.2,7061,7052,2448,4029,1
2026-09-17T23:23:30Z,3690,40.8,2400,2400,2400,2400,0x0,26,33,19,0.0,22.1,7061,7052,2448,4030,1
2026-09-17T23:23:31Z,3691,40.8,2400,2400,2400,2400,0x0,26,33,19,0.0,0.1,7061,7052,2448,4031,1
2026-09-17T23:23:32Z,3692,41.9,2400,2400,2400,2400,0x0,26,33,19,0.0,8.4,7061,7052,2448,4032,1
2026-09-17T23:23:33Z,3693,40.2,2400,2400,2400,2400,0x0,26,33,19,0.0,141.3,7061,7052,2448,4033,1
2026-09-17T23:23:34Z,3694,40.8,2400,2400,2400,2400,0x0,26,33,19,0.0,150.5,7061,7052,2448,4034,1
2026-09-17T23:23:36Z,3695,39.1,2400,2400,2400,2400,0x0,26,33,19,0.0,87.1,7061,7052,2448,4035,1
2026-09-17T23:23:37Z,3697,39.7,2400,2400,2400,2400,0x0,26,33,19,0.0,0.1,7061,7052,2448,4037,1
2026-09-17T23:23:38Z,3698,39.7,2400,2400,2400,2400,0x0,26,33,19,0.0,0.0,7061,7052,2448,4038,1
2026-09-17T23:23:39Z,3699,39.7,2400,2400,2400,2400,0x0,26,33,19,0.0,75.0,7061,7052,2448,4039,1
2026-09-17T23:23:40Z,3700,40.8,2400,2400,2400,2400,0x0,26,33,19,0.0,143.1,7061,7052,2448,4040,1
2026-09-17T23:23:41Z,3701,41.4,2400,2400,2400,2400,0x0,26,33,19,0.0,140.9,7061,7052,2448,4041,1
2026-09-17T23:23:42Z,3702,40.8,2400,2400,2400,2400,0x0,26,33,19,0.0,28.5,7061,7052,2448,4042,1
2026-09-17T23:23:43Z,3703,39.1,2400,2400,2400,2400,0x0,26,33,19,0.0,0.0,7061,7052,2448,4043,1
2026-09-17T23:23:44Z,3704,40.8,2400,2400,2400,2400,0x0,26,33,19,0.0,0.0,7061,7052,2448,4044,1
2026-09-17T23:23:45Z,3705,41.4,2400,2400,2400,2400,0x0,26,33,19,0.0,110.7,7061,7052,2448,4045,1
2026-09-17T23:23:46Z,3706,41.4,2400,2400,2400,2400,0x0,26,33,19,0.0,145.0,7061,7052,2448,4046,1
2026-09-17T23:23:47Z,3707,40.8,2400,2400,2400,2400,0x0,26,33,19,0.0,131.7,7061,7052,2448,4047,1
2026-09-17T23:23:48Z,3708,41.4,2400,2400,2400,2400,0x0,26,33,19,0.0,0.0,7061,7052,2448,4048,1
2026-09-17T23:23:50Z,3709,41.9,2400,2400,2400,2400,0x0,26,33,19,0.0,0.0,7061,7051,2448,4049,1
2026-09-17T23:23:51Z,3711,41.4,2400,2400,2400,2400,0x0,26,33,19,0.0,24.2,7061,7051,2448,4050,1
2026-09-17T23:23:52Z,3712,40.8,2400,2400,2400,2400,0x0,26,33,19,0.0,141.5,7061,7051,2448,4052,1
2026-09-17T23:23:53Z,3713,41.4,2400,2400,2400,2400,0x0,26,33,19,0.0,139.4,7061,7051,2448,4053,1
2026-09-17T23:23:54Z,3714,41.4,2400,2400,2400,2400,0x0,26,33,19,0.0,42.0,7061,7051,2448,4054,1
2026-09-17T23:23:55Z,3715,40.8,2400,2400,2400,2400,0x0,26,33,19,0.0,0.0,7061,7051,2448,4055,1
2026-09-17T23:23:56Z,3716,40.8,2400,2400,2400,2400,0x0,26,33,19,0.0,26.6,7061,7051,2448,4056,1
2026-09-17T23:23:57Z,3717,41.4,2400,2400,2400,2400,0x0,26,33,19,0.0,131.4,7061,7051,2448,4057,1
2026-09-17T23:23:58Z,3718,41.4,2400,2400,2400,2400,0x0,26,33,19,0.0,136.0,7061,7051,2448,4058,1
2026-09-17T23:23:59Z,3719,40.8,2400,2400,2400,2400,0x0,26,33,19,0.0,77.3,7061,7051,2448,4059,1
2026-09-17T23:24:00Z,3720,40.2,2400,2400,2400,2400,0x0,26,33,19,0.0,0.0,7061,7050,2448,4060,1
2026-09-17T23:24:01Z,3721,41.4,2400,2400,2400,2400,0x0,26,33,19,0.0,0.0,7061,7050,2448,4061,1
2026-09-17T23:24:02Z,3722,41.4,2400,2400,2400,2400,0x0,26,33,19,0.0,17.6,7061,7050,2448,4062,1
2026-09-17T23:24:03Z,3723,41.4,2400,2400,2400,2400,0x0,26,33,19,0.0,144.7,7061,7050,2448,4063,1
2026-09-17T23:24:04Z,3724,40.2,2400,2400,2400,2400,0x0,26,33,19,0.0,137.8,7061,7050,2448,4064,1
2026-09-17T23:24:06Z,3725,40.8,2400,2400,2400,2400,0x0,26,33,19,0.0,119.6,7061,7050,2448,4065,1
2026-09-17T23:24:07Z,3727,41.4,2400,2400,2400,2400,0x0,26,33,19,0.0,0.0,7061,7050,2448,4067,1
2026-09-17T23:24:08Z,3728,41.4,2400,2400,2400,2400,0x0,26,33,19,0.0,0.1,7061,7050,2448,4068,1
2026-09-17T23:24:09Z,3729,41.4,2400,2400,2400,2400,0x0,26,33,19,0.0,6.7,7061,7050,2448,4069,1
2026-09-17T23:24:10Z,3730,40.2,2400,2400,2400,2400,0x0,26,33,19,0.0,138.5,7061,7050,2448,4070,1
2026-09-17T23:24:11Z,3731,41.4,2400,2400,2400,2400,0x0,26,33,19,0.0,143.0,7061,7050,2448,4071,1
2026-09-17T23:24:12Z,3732,39.1,2400,2400,2400,2400,0x0,26,33,19,0.0,131.4,7061,7050,2448,4072,1
2026-09-17T23:24:13Z,3733,39.1,2400,2400,2400,2400,0x0,26,33,19,0.0,0.1,7061,7050,2448,4073,1
2026-09-17T23:24:14Z,3734,40.8,2400,2400,2400,2400,0x0,26,33,19,0.0,0.0,7061,7050,2448,4074,1
2026-09-17T23:24:15Z,3735,40.8,2400,2400,2400,2400,0x0,26,33,19,0.0,58.9,7061,7050,2448,4075,1
2026-09-17T23:24:16Z,3736,41.9,2400,2400,2400,2400,0x0,26,33,19,0.0,142.0,7061,7050,2448,4076,1
2026-09-17T23:24:17Z,3737,41.4,2400,2400,2400,2400,0x0,26,33,19,0.0,143.5,7061,7050,2448,4077,1
2026-09-17T23:24:18Z,3738,41.9,2400,2400,2400,2400,0x0,26,33,19,0.0,43.0,7061,7050,2448,4078,1
2026-09-17T23:24:19Z,3739,41.4,2400,2400,2400,2400,0x0,26,33,19,0.0,0.0,7061,7050,2448,4079,1
2026-09-17T23:24:20Z,3740,39.7,2400,2400,2400,2400,0x0,26,33,19,0.0,0.0,7061,7050,2448,4080,1
2026-09-17T23:24:22Z,3741,40.2,2400,2400,2400,2400,0x0,26,33,19,0.0,111.7,7061,7049,2448,4082,1
2026-09-17T23:24:23Z,3743,41.9,2400,2400,2400,2400,0x0,26,33,19,0.0,78.1,7061,7049,2448,4083,1
2026-09-17T23:24:24Z,3744,39.7,2400,2400,2400,2400,0x0,26,33,19,0.0,119.5,7061,7049,2448,4084,1
2026-09-17T23:24:25Z,3745,39.7,2400,2400,2400,2400,0x0,26,33,19,0.0,0.0,7061,7049,2448,4085,1
2026-09-17T23:24:26Z,3746,39.7,2400,2400,2400,2400,0x0,26,33,19,0.0,0.0,7061,7049,2448,4086,1
2026-09-17T23:24:27Z,3747,40.8,2400,2400,2400,2400,0x0,26,33,19,0.0,24.0,7061,7049,2448,4087,1
2026-09-17T23:24:28Z,3748,39.7,2400,2400,2400,2400,0x0,26,33,19,0.0,143.0,7061,7049,2448,4088,1
2026-09-17T23:24:29Z,3749,41.4,2400,2400,2400,2400,0x0,26,33,19,0.0,133.4,7061,7049,2448,4089,1
2026-09-17T23:24:30Z,3750,40.8,2400,2400,2400,2400,0x0,26,33,19,0.0,87.1,7061,7049,2448,4090,1
2026-09-17T23:24:31Z,3751,41.4,2400,2400,2400,2400,0x0,26,33,19,0.0,0.0,7061,7049,2448,4091,1
2026-09-17T23:24:32Z,3752,40.2,2400,2400,2400,2400,0x0,26,33,19,0.0,0.0,7061,7048,2448,4092,1
2026-09-17T23:24:33Z,3753,40.2,2400,2400,2400,2400,0x0,26,33,19,0.0,20.2,7061,7048,2448,4093,1
2026-09-17T23:24:34Z,3754,41.4,2400,2400,2400,2400,0x0,26,33,19,0.0,143.2,7061,7048,2448,4094,1
2026-09-17T23:24:36Z,3755,41.4,2400,2400,2400,2400,0x0,26,33,19,0.0,139.1,7061,7048,2448,4095,1
2026-09-17T23:24:37Z,3757,41.9,2400,2400,2400,2400,0x0,26,33,19,0.0,50.6,7061,7048,2448,4097,1
2026-09-17T23:24:38Z,3758,39.7,2400,2400,2400,2400,0x0,26,33,19,0.0,0.0,7061,7048,2448,4098,1
2026-09-17T23:24:39Z,3759,40.8,2400,2400,2400,2400,0x0,26,33,19,0.0,0.1,7061,7048,2448,4099,1
2026-09-17T23:24:40Z,3760,40.8,2400,2400,2400,2400,0x0,26,33,19,0.0,82.0,7061,7048,2448,4100,1
2026-09-17T23:24:41Z,3761,40.8,2400,2400,2400,2400,0x0,26,33,19,0.0,140.5,7061,7048,2448,4101,1
2026-09-17T23:24:42Z,3762,41.4,2400,2400,2400,2400,0x0,26,33,19,0.0,143.6,7061,7048,2448,4102,1
2026-09-17T23:24:43Z,3763,40.2,2400,2400,2400,2400,0x0,26,33,19,0.0,37.4,7061,7048,2448,4103,1
2026-09-17T23:24:44Z,3764,39.7,2400,2400,2400,2400,0x0,26,33,19,0.0,0.2,7061,7048,2448,4104,1
2026-09-17T23:24:45Z,3765,41.4,2400,2400,2400,2400,0x0,26,33,19,0.0,0.0,7061,7048,2448,4105,1
2026-09-17T23:24:46Z,3766,41.4,2400,2400,2400,2400,0x0,26,33,19,0.0,124.0,7061,7048,2448,4106,1
2026-09-17T23:24:47Z,3767,40.8,2400,2400,2400,2400,0x0,26,33,19,0.0,143.3,7061,7048,2448,4107,1
2026-09-17T23:24:48Z,3768,41.4,2400,2400,2400,2400,0x0,26,33,19,0.0,120.1,7061,7048,2448,4108,1
2026-09-17T23:24:49Z,3769,40.8,2400,2400,2400,2400,0x0,26,33,19,0.0,0.1,7061,7048,2448,4109,1
2026-09-17T23:24:50Z,3770,40.8,2400,2400,2400,2400,0x0,26,33,19,0.0,0.0,7061,7048,2448,4110,1
2026-09-17T23:24:52Z,3771,40.2,2400,2400,2400,2400,0x0,26,33,19,0.0,47.2,7061,7048,2448,4111,1
2026-09-17T23:24:53Z,3773,41.4,2400,2400,2400,2400,0x0,26,33,19,0.0,70.4,7061,7048,2448,4113,1
2026-09-17T23:24:54Z,3774,40.8,2400,2400,2400,2400,0x0,26,32,19,0.0,148.1,7061,7047,2448,4114,1
2026-09-17T23:24:55Z,3775,40.2,2400,2400,2400,2400,0x0,26,32,19,0.0,51.4,7061,7047,2448,4115,1
2026-09-17T23:24:56Z,3776,40.8,2400,2400,2400,2400,0x0,26,32,19,0.0,0.0,7061,7047,2448,4116,1
2026-09-17T23:24:57Z,3777,40.8,2400,2400,2400,2400,0x0,26,32,19,0.0,0.0,7061,7047,2448,4117,1
2026-09-17T23:24:58Z,3778,39.7,2400,2400,2400,2400,0x0,26,32,19,0.0,53.6,7061,7047,2448,4118,1
2026-09-17T23:24:59Z,3779,41.4,2400,2400,2400,2400,0x0,26,32,19,0.0,144.3,7061,7047,2448,4119,1
2026-09-17T23:25:00Z,3780,40.8,2400,2400,2400,2400,0x0,26,32,19,0.0,143.8,7061,7047,2448,4120,1
2026-09-17T23:25:01Z,3781,41.4,2400,2400,2400,2400,0x0,26,32,19,0.0,61.9,7061,7047,2448,4121,1
2026-09-17T23:25:02Z,3782,40.2,2400,2400,2400,2400,0x0,26,32,19,0.0,0.0,7061,7047,2448,4122,1
2026-09-17T23:25:03Z,3783,41.9,2400,2400,2400,2400,0x0,26,32,19,0.0,0.0,7061,7047,2448,4123,1
2026-09-17T23:25:05Z,3784,40.8,2400,2400,2400,2400,0x0,26,32,19,0.0,109.4,7061,7047,2448,4124,1
2026-09-17T23:25:06Z,3786,40.8,2400,2400,2400,2400,0x0,26,32,19,0.0,66.3,7061,7047,2448,4126,1
2026-09-17T23:25:07Z,3787,40.8,2400,2400,2400,2400,0x0,26,32,19,0.0,145.4,7061,7047,2448,4127,1
2026-09-17T23:25:08Z,3788,40.8,2400,2400,2400,2400,0x0,26,32,19,0.0,16.1,7061,7047,2448,4128,1
2026-09-17T23:25:09Z,3789,40.2,2400,2400,2400,2400,0x0,26,32,19,0.0,0.0,7061,7047,2448,4129,1
2026-09-17T23:25:10Z,3790,40.8,2400,2400,2400,2400,0x0,26,32,19,0.0,0.0,7061,7047,2448,4130,1
2026-09-17T23:25:11Z,3791,40.8,2400,2400,2400,2400,0x0,26,32,19,0.0,104.4,7061,7047,2448,4131,1
2026-09-17T23:25:12Z,3792,40.2,2400,2400,2400,2400,0x0,26,32,19,0.0,143.2,7061,7047,2448,4132,1
2026-09-17T23:25:13Z,3793,39.7,2400,2400,2400,2400,0x0,26,32,19,0.0,137.4,7061,7047,2448,4133,1
2026-09-17T23:25:14Z,3794,40.8,2400,2400,2400,2400,0x0,26,32,19,0.0,18.6,7061,7047,2448,4134,1
2026-09-17T23:25:15Z,3795,40.8,2400,2400,2400,2400,0x0,26,32,19,0.0,0.1,7061,7046,2448,4135,1
2026-09-17T23:25:16Z,3796,41.4,2400,2400,2400,2400,0x0,26,32,19,0.0,13.6,7061,7046,2448,4136,1
2026-09-17T23:25:17Z,3797,40.8,2400,2400,2400,2400,0x0,26,32,19,0.0,144.2,7061,7046,2448,4137,1
2026-09-17T23:25:18Z,3798,40.8,2400,2400,2400,2400,0x0,26,32,19,0.0,140.7,7061,7046,2448,4138,1
2026-09-17T23:25:20Z,3799,40.8,2400,2400,2400,2400,0x0,26,32,19,0.0,104.9,7061,7046,2448,4139,1
2026-09-17T23:25:21Z,3801,40.8,2400,2400,2400,2400,0x0,26,32,19,0.0,0.1,7061,7046,2448,4141,1
2026-09-17T23:25:22Z,3802,40.8,2400,2400,2400,2400,0x0,26,32,19,0.0,0.0,7061,7046,2448,4142,1
2026-09-17T23:25:23Z,3803,40.8,2400,2400,2400,2400,0x0,26,32,19,0.0,59.4,7061,7046,2448,4143,1
2026-09-17T23:25:24Z,3804,41.4,2400,2400,2400,2400,0x0,26,32,19,0.0,142.6,7061,7046,2448,4144,1
2026-09-17T23:25:25Z,3805,41.4,2400,2400,2400,2400,0x0,26,32,19,0.0,135.4,7061,7046,2448,4145,1
2026-09-17T23:25:26Z,3806,41.4,2400,2400,2400,2400,0x0,26,32,19,0.0,50.1,7061,7045,2448,4146,1
2026-09-17T23:25:27Z,3807,41.9,2400,2400,2400,2400,0x0,26,32,19,0.0,0.0,7061,7045,2448,4147,1
2026-09-17T23:25:28Z,3808,40.8,2400,2400,2400,2400,0x0,26,32,19,0.0,0.0,7061,7045,2448,4148,1
2026-09-17T23:25:29Z,3809,39.7,2400,2400,2400,2400,0x0,26,32,19,0.0,133.7,7061,7045,2448,4149,1
2026-09-17T23:25:30Z,3810,40.8,2400,2400,2400,2400,0x0,26,32,19,0.0,144.9,7061,7045,2448,4150,1
2026-09-17T23:25:31Z,3811,41.4,2400,2400,2400,2400,0x0,26,32,19,0.0,108.9,7061,7045,2448,4151,1
2026-09-17T23:25:32Z,3812,41.4,2400,2400,2400,2400,0x0,26,32,19,0.0,0.0,7061,7045,2448,4152,1
2026-09-17T23:25:33Z,3813,40.8,2400,2400,2400,2400,0x0,26,32,19,0.0,0.0,7061,7045,2448,4153,1
2026-09-17T23:25:35Z,3814,40.8,2400,2400,2400,2400,0x0,26,32,19,0.0,0.0,7061,7045,2448,4154,1
2026-09-17T23:25:36Z,3816,40.2,2400,2400,2400,2400,0x0,26,32,19,0.0,57.2,7061,7045,2448,4156,1
2026-09-17T23:25:37Z,3817,41.9,2400,2400,2400,2400,0x0,26,32,19,0.0,148.0,7061,7045,2448,4157,1
2026-09-17T23:25:38Z,3818,42.5,2400,2400,2400,2400,0x0,26,32,19,0.0,141.3,7061,7045,2448,4158,1
2026-09-17T23:25:39Z,3819,40.8,2400,2400,2400,2400,0x0,26,32,19,0.0,0.0,7061,7045,2448,4159,1
2026-09-17T23:25:40Z,3820,40.2,2400,2400,2400,2400,0x0,26,32,19,0.0,0.0,7061,7045,2448,4160,1
2026-09-17T23:25:41Z,3821,40.8,2400,2400,2400,2400,0x0,26,32,19,0.0,36.3,7061,7045,2448,4161,1
2026-09-17T23:25:42Z,3822,40.8,2400,2400,2400,2400,0x0,26,32,19,0.0,143.9,7061,7045,2448,4162,1
2026-09-17T23:25:43Z,3823,40.2,2400,2400,2400,2400,0x0,26,32,19,0.0,143.9,7061,7045,2448,4163,1
2026-09-17T23:25:44Z,3824,40.8,2400,2400,2400,2400,0x0,26,32,19,0.0,79.4,7061,7045,2448,4164,1
2026-09-17T23:25:45Z,3825,39.7,2400,2400,2400,2400,0x0,26,32,19,0.0,0.0,7061,7045,2448,4165,1
2026-09-17T23:25:46Z,3826,40.2,2400,2400,2400,2400,0x0,26,32,19,0.0,0.1,7061,7045,2448,4166,1
2026-09-17T23:25:47Z,3827,41.9,2400,2400,2400,2400,0x0,26,32,19,0.0,29.8,7061,7044,2448,4167,1
2026-09-17T23:25:48Z,3828,39.7,2400,2400,2400,2400,0x0,26,32,19,0.0,140.0,7061,7044,2448,4168,1
2026-09-17T23:25:50Z,3830,40.8,2400,2400,2400,2400,0x0,26,32,19,0.0,76.2,7061,7044,2448,4170,1
2026-09-17T23:25:51Z,3831,40.2,2400,2400,2400,2400,0x0,26,32,19,0.0,81.4,7061,7044,2448,4171,1
2026-09-17T23:25:52Z,3832,41.4,2400,2400,2400,2400,0x0,26,32,19,0.0,0.1,7061,7044,2448,4172,1
2026-09-17T23:25:53Z,3833,41.4,2400,2400,2400,2400,0x0,26,32,19,0.0,0.0,7061,7044,2448,4173,1
2026-09-17T23:25:54Z,3834,41.4,2400,2400,2400,2400,0x0,26,32,19,0.0,93.3,7061,7044,2448,4174,1
2026-09-17T23:25:55Z,3835,39.1,2400,2400,2400,2400,0x0,26,32,19,0.0,142.3,7061,7044,2448,4175,1
2026-09-17T23:25:56Z,3836,40.8,2400,2400,2400,2400,0x0,26,32,19,0.0,144.0,7061,7044,2448,4176,1
2026-09-17T23:25:57Z,3837,40.8,2400,2400,2400,2400,0x0,26,32,19,0.0,24.0,7061,7044,2448,4177,1
2026-09-17T23:25:58Z,3838,40.8,2400,2400,2400,2400,0x0,26,33,19,0.0,0.0,7061,7043,2448,4178,1
2026-09-17T23:25:59Z,3839,40.8,2400,2400,2400,2400,0x0,26,33,19,0.0,74.0,7061,7043,2448,4179,1
2026-09-17T23:26:00Z,3840,40.8,2400,2400,2400,2400,0x0,26,33,19,0.0,140.1,7061,7043,2448,4180,1
2026-09-17T23:26:01Z,3841,40.2,2400,2400,2400,2400,0x0,26,33,19,0.0,141.0,7061,7043,2448,4181,1
2026-09-17T23:26:02Z,3842,40.8,2400,2400,2400,2400,0x0,26,33,19,0.0,0.1,7061,7043,2448,4182,1
2026-09-17T23:26:04Z,3843,39.7,2400,2400,2400,2400,0x0,26,33,19,0.0,0.0,7061,7043,2448,4183,1
2026-09-17T23:26:05Z,3845,41.4,2400,2400,2400,2400,0x0,26,33,19,0.0,0.0,7061,7043,2448,4185,1
2026-09-17T23:26:06Z,3846,41.9,2400,2400,2400,2400,0x0,26,33,19,0.0,131.7,7061,7043,2448,4186,1
2026-09-17T23:26:07Z,3847,41.4,2400,2400,2400,2400,0x0,26,33,19,0.0,144.8,7061,7043,2448,4187,1
2026-09-17T23:26:08Z,3848,41.4,2400,2400,2400,2400,0x0,26,33,19,0.0,111.0,7061,7043,2448,4188,1
2026-09-17T23:26:09Z,3849,39.7,2400,2400,2400,2400,0x0,26,33,19,0.0,0.0,7061,7043,2448,4189,1
2026-09-17T23:26:10Z,3850,41.9,2400,2400,2400,2400,0x0,26,33,19,0.0,0.0,7061,7043,2448,4190,1
2026-09-17T23:26:11Z,3851,39.1,2400,2400,2400,2400,0x0,26,33,19,0.0,44.6,7061,7043,2448,4191,1
2026-09-17T23:26:12Z,3852,40.8,2400,2400,2400,2400,0x0,26,33,19,0.0,133.0,7061,7043,2448,4192,1
2026-09-17T23:26:13Z,3853,40.8,2400,2400,2400,2400,0x0,26,33,19,0.0,133.1,7061,7043,2448,4193,1
2026-09-17T23:26:14Z,3854,39.7,2400,2400,2400,2400,0x0,26,33,19,0.0,60.6,7061,7043,2448,4194,1
2026-09-17T23:26:15Z,3855,40.8,2400,2400,2400,2400,0x0,26,33,19,0.0,0.0,7061,7043,2448,4195,1
2026-09-17T23:26:16Z,3856,39.1,2400,2400,2400,2400,0x0,26,33,19,0.0,0.0,7061,7043,2448,4196,1
2026-09-17T23:26:17Z,3857,39.7,2400,2400,2400,2400,0x0,26,33,19,0.0,92.0,7061,7043,2448,4197,1
2026-09-17T23:26:19Z,3858,41.4,2400,2400,2400,2400,0x0,26,33,19,0.0,142.6,7061,7043,2448,4198,1
2026-09-17T23:26:20Z,3860,40.8,2400,2400,2400,2400,0x0,26,33,19,0.0,71.6,7061,7042,2448,4199,1
2026-09-17T23:26:21Z,3861,40.8,2400,2400,2400,2400,0x0,26,33,19,0.0,9.7,7061,7042,2448,4201,1
2026-09-17T23:26:22Z,3862,40.2,2400,2400,2400,2400,0x0,26,33,19,0.0,0.0,7061,7042,2448,4202,1
2026-09-17T23:26:23Z,3863,40.2,2400,2400,2400,2400,0x0,26,33,19,0.0,12.5,7061,7042,2448,4203,1
2026-09-17T23:26:24Z,3864,39.7,2400,2400,2400,2400,0x0,26,33,19,0.0,142.3,7061,7042,2448,4204,1
2026-09-17T23:26:25Z,3865,40.8,2400,2400,2400,2400,0x0,26,33,19,0.0,141.3,7061,7042,2448,4205,1
2026-09-17T23:26:26Z,3866,39.7,2400,2400,2400,2400,0x0,26,33,19,0.0,91.4,7061,7042,2448,4206,1
2026-09-17T23:26:27Z,3867,41.4,2400,2400,2400,2400,0x0,26,33,19,0.0,0.0,7061,7042,2448,4207,1
2026-09-17T23:26:28Z,3868,41.9,2400,2400,2400,2400,0x0,26,33,19,0.0,0.2,7061,7042,2448,4208,1
2026-09-17T23:26:29Z,3869,41.4,2400,2400,2400,2400,0x0,26,33,19,0.0,69.9,7061,7042,2448,4209,1
2026-09-17T23:26:30Z,3870,40.2,2400,2400,2400,2400,0x0,26,32,19,0.0,143.7,7061,7041,2448,4210,1
2026-09-17T23:26:32Z,3871,41.9,2400,2400,2400,2400,0x0,26,32,19,0.0,160.3,7061,7041,2448,4211,1
2026-09-17T23:26:33Z,3873,40.8,2400,2400,2400,2400,0x0,26,32,19,0.0,6.7,7061,7041,2448,4212,1
2026-09-17T23:26:34Z,3874,40.8,2400,2400,2400,2400,0x0,26,32,19,0.0,0.1,7061,7041,2448,4214,1
2026-09-17T23:26:35Z,3875,41.4,2400,2400,2400,2400,0x0,26,32,19,0.0,5.2,7061,7041,2448,4215,1
2026-09-17T23:26:36Z,3876,40.2,2400,2400,2400,2400,0x0,26,32,19,0.0,139.1,7061,7041,2448,4216,1
2026-09-17T23:26:37Z,3877,40.2,2400,2400,2400,2400,0x0,26,32,19,0.0,146.2,7061,7041,2448,4217,1
2026-09-17T23:26:38Z,3878,40.8,2400,2400,2400,2400,0x0,26,32,19,0.0,96.8,7061,7041,2448,4218,1
2026-09-17T23:26:39Z,3879,40.8,2400,2400,2400,2400,0x0,26,32,19,0.0,0.1,7061,7041,2448,4219,1
2026-09-17T23:26:40Z,3880,40.8,2400,2400,2400,2400,0x0,26,32,19,0.0,0.0,7061,7041,2448,4220,1
2026-09-17T23:26:41Z,3881,41.9,2400,2400,2400,2400,0x0,26,32,19,0.0,63.3,7061,7041,2448,4221,1
2026-09-17T23:26:42Z,3882,40.2,2400,2400,2400,2400,0x0,26,32,19,0.0,145.5,7061,7041,2448,4222,1
2026-09-17T23:26:43Z,3883,41.4,2400,2400,2400,2400,0x0,26,32,19,0.0,138.6,7061,7041,2448,4223,1
2026-09-17T23:26:44Z,3884,40.8,2400,2400,2400,2400,0x0,26,32,19,0.0,40.0,7061,7041,2448,4224,1
2026-09-17T23:26:45Z,3885,39.7,2400,2400,2400,2400,0x0,26,32,19,0.0,0.0,7061,7041,2448,4225,1
2026-09-17T23:26:47Z,3886,39.1,2400,2400,2400,2400,0x0,26,32,19,0.0,0.0,7061,7041,2448,4226,1
2026-09-17T23:26:48Z,3888,40.8,2400,2400,2400,2400,0x0,26,32,19,0.0,59.9,7061,7041,2448,4228,1
2026-09-17T23:26:49Z,3889,40.8,2400,2400,2400,2400,0x0,26,32,19,0.0,136.7,7061,7041,2448,4229,1
2026-09-17T23:26:50Z,3890,41.4,2400,2400,2400,2400,0x0,26,32,19,0.0,130.9,7061,7041,2448,4230,1
2026-09-17T23:26:51Z,3891,39.7,2400,2400,2400,2400,0x0,26,32,19,0.0,0.0,7061,7041,2448,4231,1
2026-09-17T23:26:52Z,3892,40.2,2400,2400,2400,2400,0x0,26,32,19,0.0,0.0,7061,7040,2448,4232,1
2026-09-17T23:26:53Z,3893,41.4,2400,2400,2400,2400,0x0,26,32,19,0.0,87.0,7061,7040,2448,4233,1
2026-09-17T23:26:54Z,3894,40.8,2400,2400,2400,2400,0x0,26,32,19,0.0,132.7,7061,7040,2448,4234,1
2026-09-17T23:26:55Z,3895,40.8,2400,2400,2400,2400,0x0,26,32,19,0.0,143.9,7061,7040,2448,4235,1
2026-09-17T23:26:56Z,3896,40.2,2400,2400,2400,2400,0x0,26,32,19,0.0,7.7,7061,7040,2448,4236,1
2026-09-17T23:26:57Z,3897,41.4,2400,2400,2400,2400,0x0,26,32,19,0.0,0.0,7061,7040,2448,4237,1
2026-09-17T23:26:58Z,3898,41.4,2400,2400,2400,2400,0x0,26,32,19,0.0,12.3,7061,7040,2448,4238,1
2026-09-17T23:26:59Z,3899,41.4,2400,2400,2400,2400,0x0,26,32,19,0.0,139.3,7061,7040,2448,4239,1
2026-09-17T23:27:00Z,3900,40.2,2400,2400,2400,2400,0x0,26,32,19,0.0,139.1,7061,7040,2448,4240,1
2026-09-17T23:27:02Z,3901,40.8,2400,2400,2400,2400,0x0,26,32,19,0.0,96.8,7061,7040,2448,4241,1
2026-09-17T23:27:03Z,3903,40.8,2400,2400,2400,2400,0x0,26,33,19,0.0,0.0,7061,7039,2448,4243,1
2026-09-17T23:27:04Z,3904,41.4,2400,2400,2400,2400,0x0,26,33,19,0.0,0.1,7061,7039,2448,4244,1
2026-09-17T23:27:05Z,3905,39.7,2400,2400,2400,2400,0x0,26,33,19,0.0,79.2,7061,7039,2448,4245,1
2026-09-17T23:27:06Z,3906,41.4,2400,2400,2400,2400,0x0,26,33,19,0.0,140.2,7061,7039,2448,4246,1
2026-09-17T23:27:07Z,3907,41.4,2400,2400,2400,2400,0x0,26,33,19,0.0,144.0,7061,7039,2448,4247,1
2026-09-17T23:27:08Z,3908,40.8,2400,2400,2400,2400,0x0,26,33,19,0.0,7.7,7061,7039,2448,4248,1
2026-09-17T23:27:09Z,3909,40.8,2400,2400,2400,2400,0x0,26,33,19,0.0,0.1,7061,7039,2448,4249,1
2026-09-17T23:27:10Z,3910,41.4,2400,2400,2400,2400,0x0,26,33,19,0.0,0.0,7061,7039,2448,4250,1
2026-09-17T23:27:11Z,3911,40.8,2400,2400,2400,2400,0x0,26,33,19,0.0,131.7,7061,7039,2448,4251,1
2026-09-17T23:27:12Z,3912,41.4,2400,2400,2400,2400,0x0,26,33,19,0.0,145.7,7061,7039,2448,4252,1
2026-09-17T23:27:13Z,3913,40.8,2400,2400,2400,2400,0x0,26,33,19,0.0,109.9,7061,7039,2448,4253,1
2026-09-17T23:27:14Z,3914,41.9,2400,2400,2400,2400,0x0,26,33,19,0.0,0.2,7061,7039,2448,4254,1
2026-09-17T23:27:15Z,3915,39.1,2400,2400,2400,2400,0x0,26,33,19,0.0,0.0,7061,7039,2448,4255,1
2026-09-17T23:27:17Z,3916,41.4,2400,2400,2400,2400,0x0,26,33,19,0.0,44.6,7061,7039,2448,4256,1
2026-09-17T23:27:18Z,3918,40.2,2400,2400,2400,2400,0x0,26,33,19,0.0,69.6,7061,7039,2448,4258,1
2026-09-17T23:27:19Z,3919,40.8,2400,2400,2400,2400,0x0,26,33,19,0.0,144.4,7061,7039,2448,4259,1
2026-09-17T23:27:20Z,3920,41.4,2400,2400,2400,2400,0x0,26,33,19,0.0,59.1,7061,7039,2448,4260,1
2026-09-17T23:27:21Z,3921,41.9,2400,2400,2400,2400,0x0,26,33,19,0.0,0.0,7061,7039,2448,4261,1
2026-09-17T23:27:22Z,3922,40.2,2400,2400,2400,2400,0x0,26,33,19,0.0,0.0,7061,7039,2448,4262,1
2026-09-17T23:27:23Z,3923,40.8,2400,2400,2400,2400,0x0,26,33,19,0.0,33.6,7061,7039,2448,4263,1
2026-09-17T23:27:24Z,3924,40.2,2400,2400,2400,2400,0x0,26,33,19,0.0,144.9,7061,7038,2448,4264,1
2026-09-17T23:27:25Z,3925,40.2,2400,2400,2400,2400,0x0,26,33,19,0.0,132.9,7061,7038,2448,4265,1
2026-09-17T23:27:26Z,3926,41.4,2400,2400,2400,2400,0x0,26,33,19,0.0,108.3,7061,7038,2448,4266,1
2026-09-17T23:27:27Z,3927,41.9,2400,2400,2400,2400,0x0,26,33,19,0.0,0.0,7061,7038,2448,4267,1
2026-09-17T23:27:28Z,3928,40.8,2400,2400,2400,2400,0x0,26,33,19,0.0,3.5,7061,7038,2448,4268,1
2026-09-17T23:27:29Z,3929,41.4,2400,2400,2400,2400,0x0,26,33,19,0.0,143.8,7061,7038,2448,4269,1
2026-09-17T23:27:31Z,3930,40.2,2400,2400,2400,2400,0x0,26,33,19,0.0,143.3,7061,7038,2448,4270,1
2026-09-17T23:27:32Z,3932,40.2,2400,2400,2400,2400,0x0,26,33,19,0.0,40.3,7061,7038,2448,4272,1
2026-09-17T23:27:33Z,3933,41.4,2400,2400,2400,2400,0x0,26,33,19,0.0,0.0,7061,7038,2448,4273,1
2026-09-17T23:27:34Z,3934,40.2,2400,2400,2400,2400,0x0,26,33,19,0.0,0.0,7061,7038,2448,4274,1
2026-09-17T23:27:35Z,3935,39.7,2400,2400,2400,2400,0x0,26,32,19,0.0,78.3,7061,7037,2448,4275,1
2026-09-17T23:27:36Z,3936,40.8,2400,2400,2400,2400,0x0,26,32,19,0.0,153.4,7061,7037,2448,4276,1
2026-09-17T23:27:37Z,3937,40.8,2400,2400,2400,2400,0x0,26,32,19,0.0,139.7,7061,7037,2448,4277,1
2026-09-17T23:27:38Z,3938,39.1,2400,2400,2400,2400,0x0,26,32,19,0.0,0.0,7061,7037,2448,4278,1
2026-09-17T23:27:39Z,3939,41.4,2400,2400,2400,2400,0x0,26,32,19,0.0,0.0,7061,7037,2448,4279,1
2026-09-17T23:27:40Z,3940,40.8,2400,2400,2400,2400,0x0,26,32,19,0.0,0.1,7061,7037,2448,4280,1
2026-09-17T23:27:41Z,3941,39.1,2400,2400,2400,2400,0x0,26,32,19,0.0,85.9,7061,7037,2448,4281,1
2026-09-17T23:27:42Z,3942,39.1,2400,2400,2400,2400,0x0,26,32,19,0.0,144.8,7061,7037,2448,4282,1
2026-09-17T23:27:43Z,3943,39.7,2400,2400,2400,2400,0x0,26,32,19,0.0,142.5,7061,7037,2448,4283,1
2026-09-17T23:27:45Z,3944,40.8,2400,2400,2400,2400,0x0,26,32,19,0.0,62.4,7061,7037,2448,4284,1
2026-09-17T23:27:46Z,3946,40.2,2400,2400,2400,2400,0x0,26,32,19,0.0,0.1,7061,7037,2448,4286,1
2026-09-17T23:27:47Z,3947,41.4,2400,2400,2400,2400,0x0,26,32,19,0.0,5.2,7061,7037,2448,4287,1
2026-09-17T23:27:48Z,3948,39.7,2400,2400,2400,2400,0x0,26,32,19,0.0,137.5,7061,7037,2448,4288,1
2026-09-17T23:27:49Z,3949,41.4,2400,2400,2400,2400,0x0,26,32,19,0.0,143.3,7061,7037,2448,4289,1
2026-09-17T23:27:50Z,3950,40.8,2400,2400,2400,2400,0x0,26,32,19,0.0,85.2,7061,7037,2448,4290,1
2026-09-17T23:27:51Z,3951,41.4,2400,2400,2400,2400,0x0,26,32,19,0.0,0.1,7061,7037,2448,4291,1
2026-09-17T23:27:52Z,3952,40.8,2400,2400,2400,2400,0x0,26,32,19,0.0,0.0,7061,7037,2448,4292,1
2026-09-17T23:27:53Z,3953,41.4,2400,2400,2400,2400,0x0,26,32,19,0.0,121.3,7061,7037,2448,4293,1
2026-09-17T23:27:54Z,3954,39.7,2400,2400,2400,2400,0x0,26,32,19,0.0,147.4,7061,7037,2448,4294,1
2026-09-17T23:27:55Z,3955,40.8,2400,2400,2400,2400,0x0,26,32,19,0.0,86.3,7061,7037,2448,4295,1
2026-09-17T23:27:56Z,3956,39.7,2400,2400,2400,2400,0x0,26,32,19,0.0,0.1,7061,7036,2448,4296,1
2026-09-17T23:27:57Z,3957,40.8,2400,2400,2400,2400,0x0,26,32,19,0.0,0.0,7061,7036,2448,4297,1
2026-09-17T23:27:58Z,3958,39.7,2400,2400,2400,2400,0x0,26,32,19,0.0,100.0,7061,7036,2448,4298,1
2026-09-17T23:28:00Z,3959,40.2,2400,2400,2400,2400,0x0,26,32,19,0.0,141.8,7061,7036,2448,4299,1
2026-09-17T23:28:01Z,3961,39.7,2400,2400,2400,2400,0x0,26,32,19,0.0,64.7,7061,7036,2448,4301,1
2026-09-17T23:28:02Z,3962,40.8,2400,2400,2400,2400,0x0,26,32,19,0.0,0.1,7061,7036,2448,4302,1
2026-09-17T23:28:03Z,3963,42.5,2400,2400,2400,2400,0x0,26,32,19,0.0,0.0,7061,7036,2448,4303,1
2026-09-17T23:28:04Z,3964,40.8,2400,2400,2400,2400,0x0,26,32,19,0.0,17.4,7061,7036,2448,4304,1
2026-09-17T23:28:05Z,3965,40.8,2400,2400,2400,2400,0x0,26,32,19,0.0,145.1,7061,7036,2448,4305,1
2026-09-17T23:28:06Z,3966,40.2,2400,2400,2400,2400,0x0,26,32,19,0.0,145.4,7061,7036,2448,4306,1
2026-09-17T23:28:07Z,3967,41.4,2400,2400,2400,2400,0x0,26,32,19,0.0,63.4,7061,7036,2448,4307,1
2026-09-17T23:28:08Z,3968,40.2,2400,2400,2400,2400,0x0,26,32,19,0.0,0.0,7061,7036,2448,4308,1
2026-09-17T23:28:09Z,3969,40.8,2400,2400,2400,2400,0x0,26,32,19,0.0,8.4,7061,7036,2448,4309,1
2026-09-17T23:28:10Z,3970,40.2,2400,2400,2400,2400,0x0,26,32,19,0.0,142.0,7061,7036,2448,4310,1
2026-09-17T23:28:11Z,3971,41.4,2400,2400,2400,2400,0x0,26,32,19,0.0,138.8,7061,7036,2448,4311,1
2026-09-17T23:28:13Z,3972,40.2,2400,2400,2400,2400,0x0,26,32,19,0.0,82.1,7061,7036,2448,4312,1
2026-09-17T23:28:14Z,3974,39.1,2400,2400,2400,2400,0x0,26,32,19,0.0,0.0,7061,7036,2448,4314,1
2026-09-17T23:28:15Z,3975,41.4,2400,2400,2400,2400,0x0,26,32,19,0.0,1.3,7061,7036,2448,4315,1
2026-09-17T23:28:16Z,3976,40.2,2400,2400,2400,2400,0x0,26,32,19,0.0,144.0,7061,7036,2448,4316,1
2026-09-17T23:28:17Z,3977,41.4,2400,2400,2400,2400,0x0,26,32,19,0.0,134.7,7061,7036,2448,4317,1
2026-09-17T23:28:18Z,3978,40.8,2400,2400,2400,2400,0x0,26,32,19,0.0,75.2,7061,7035,2448,4318,1
2026-09-17T23:28:19Z,3979,40.8,2400,2400,2400,2400,0x0,26,32,19,0.0,0.0,7061,7035,2448,4319,1
2026-09-17T23:28:20Z,3980,41.4,2400,2400,2400,2400,0x0,26,32,19,0.0,0.0,7061,7035,2448,4320,1
2026-09-17T23:28:21Z,3981,40.8,2400,2400,2400,2400,0x0,26,32,19,0.0,63.1,7061,7035,2448,4321,1
2026-09-17T23:28:22Z,3982,40.2,2400,2400,2400,2400,0x0,26,32,19,0.0,132.8,7061,7035,2448,4322,1
2026-09-17T23:28:23Z,3983,40.8,2400,2400,2400,2400,0x0,26,32,19,0.0,140.2,7061,7035,2448,4323,1
2026-09-17T23:28:24Z,3984,39.7,2400,2400,2400,2400,0x0,26,32,19,0.0,51.3,7061,7035,2448,4324,1
2026-09-17T23:28:25Z,3985,41.4,2400,2400,2400,2400,0x0,26,32,19,0.0,0.0,7061,7035,2448,4325,1
2026-09-17T23:28:27Z,3986,39.7,2400,2400,2400,2400,0x0,26,32,19,0.0,0.0,7061,7035,2448,4326,1
2026-09-17T23:28:28Z,3988,39.7,2400,2400,2400,2400,0x0,26,32,19,0.0,57.9,7061,7035,2448,4328,1
2026-09-17T23:28:29Z,3989,40.8,2400,2400,2400,2400,0x0,26,32,19,0.0,145.2,7061,7034,2448,4329,1
2026-09-17T23:28:30Z,3990,41.4,2400,2400,2400,2400,0x0,26,32,19,0.0,126.5,7061,7034,2448,4330,1
2026-09-17T23:28:31Z,3991,40.2,2400,2400,2400,2400,0x0,26,32,19,0.0,0.0,7061,7034,2448,4331,1
2026-09-17T23:28:32Z,3992,40.8,2400,2400,2400,2400,0x0,26,32,19,0.0,0.1,7061,7034,2448,4332,1
2026-09-17T23:28:33Z,3993,39.7,2400,2400,2400,2400,0x0,26,32,19,0.0,33.4,7061,7034,2448,4333,1
2026-09-17T23:28:34Z,3994,39.7,2400,2400,2400,2400,0x0,26,32,19,0.0,141.6,7061,7034,2448,4334,1
2026-09-17T23:28:35Z,3995,40.8,2400,2400,2400,2400,0x0,26,32,19,0.0,138.9,7061,7034,2448,4335,1
2026-09-17T23:28:36Z,3996,40.2,2400,2400,2400,2400,0x0,26,32,19,0.0,57.3,7061,7034,2448,4336,1
2026-09-17T23:28:37Z,3997,40.8,2400,2400,2400,2400,0x0,26,32,19,0.0,0.1,7061,7034,2448,4337,1
2026-09-17T23:28:38Z,3998,41.4,2400,2400,2400,2400,0x0,26,32,19,0.0,0.0,7061,7034,2448,4338,1
2026-09-17T23:28:39Z,3999,39.1,2400,2400,2400,2400,0x0,26,32,19,0.0,84.9,7061,7034,2448,4339,1
2026-09-17T23:28:41Z,4000,40.2,2400,2400,2400,2400,0x0,26,32,19,0.0,161.1,7061,7034,2448,4340,1
2026-09-17T23:28:42Z,4002,40.8,2400,2400,2400,2400,0x0,26,32,19,0.0,70.7,7061,7034,2448,4342,1
2026-09-17T23:28:43Z,4003,40.2,2400,2400,2400,2400,0x0,26,32,19,0.0,0.2,7061,7034,2448,4343,1
2026-09-17T23:28:44Z,4004,41.9,2400,2400,2400,2400,0x0,26,32,19,0.0,0.0,7061,7034,2448,4344,1
2026-09-17T23:28:45Z,4005,41.4,2400,2400,2400,2400,0x0,26,32,19,0.0,18.8,7061,7034,2448,4345,1
2026-09-17T23:28:46Z,4006,40.8,2400,2400,2400,2400,0x0,26,32,19,0.0,142.6,7061,7034,2448,4346,1
2026-09-17T23:28:47Z,4007,41.4,2400,2400,2400,2400,0x0,26,32,19,0.0,150.6,7061,7034,2448,4347,1
2026-09-17T23:28:48Z,4008,39.7,2400,2400,2400,2400,0x0,26,32,19,0.0,75.6,7061,7034,2448,4348,1
2026-09-17T23:28:49Z,4009,41.4,2400,2400,2400,2400,0x0,26,32,19,0.0,0.0,7061,7034,2448,4349,1
2026-09-17T23:28:50Z,4010,40.8,2400,2400,2400,2400,0x0,26,32,19,0.0,0.0,7061,7033,2448,4350,1
2026-09-17T23:28:51Z,4011,41.4,2400,2400,2400,2400,0x0,26,32,19,0.0,88.5,7061,7033,2448,4351,1
2026-09-17T23:28:52Z,4012,40.8,2400,2400,2400,2400,0x0,26,32,19,0.0,145.4,7061,7033,2448,4352,1
2026-09-17T23:28:53Z,4013,40.8,2400,2400,2400,2400,0x0,26,32,19,0.0,142.5,7061,7033,2448,4353,1
2026-09-17T23:28:55Z,4014,40.8,2400,2400,2400,2400,0x0,26,32,19,0.0,27.2,7061,7033,2448,4354,1
2026-09-17T23:28:56Z,4016,40.8,2400,2400,2400,2400,0x0,26,32,19,0.0,0.0,7061,7033,2448,4356,1
2026-09-17T23:28:57Z,4017,40.2,2400,2400,2400,2400,0x0,26,32,19,0.0,1.3,7061,7033,2448,4357,1
2026-09-17T23:28:58Z,4018,41.9,2400,2400,2400,2400,0x0,26,32,19,0.0,120.9,7061,7033,2448,4358,1
2026-09-17T23:28:59Z,4019,40.2,2400,2400,2400,2400,0x0,26,32,19,0.0,139.3,7061,7033,2448,4359,1
2026-09-17T23:29:00Z,4020,39.7,2400,2400,2400,2400,0x0,26,32,19,0.0,109.8,7061,7033,2448,4360,1
2026-09-17T23:29:01Z,4021,40.2,2400,2400,2400,2400,0x0,26,32,19,0.0,0.0,7061,7032,2448,4361,1
2026-09-17T23:29:02Z,4022,40.8,2400,2400,2400,2400,0x0,26,32,19,0.0,0.0,7061,7032,2448,4362,1
2026-09-17T23:29:03Z,4023,40.2,2400,2400,2400,2400,0x0,26,32,19,0.0,104.7,7061,7032,2448,4363,1
2026-09-17T23:29:04Z,4024,39.7,2400,2400,2400,2400,0x0,26,32,19,0.0,148.6,7061,7032,2448,4364,1
2026-09-17T23:29:05Z,4025,40.8,2400,2400,2400,2400,0x0,26,32,19,0.0,118.1,7061,7032,2448,4365,1
2026-09-17T23:29:06Z,4026,41.4,2400,2400,2400,2400,0x0,26,32,19,0.0,0.0,7061,7032,2448,4366,1
2026-09-17T23:29:07Z,4027,41.4,2400,2400,2400,2400,0x0,26,32,19,0.0,0.0,7061,7032,2448,4367,1
2026-09-17T23:29:08Z,4028,39.7,2400,2400,2400,2400,0x0,26,32,19,0.0,36.3,7061,7032,2448,4368,1
2026-09-17T23:29:10Z,4029,39.7,2400,2400,2400,2400,0x0,26,32,19,0.0,143.9,7061,7032,2448,4369,1
2026-09-17T23:29:11Z,4031,40.8,2400,2400,2400,2400,0x0,26,32,19,0.0,70.9,7061,7032,2448,4371,1
2026-09-17T23:29:12Z,4032,40.2,2400,2400,2400,2400,0x0,26,32,19,0.0,49.3,7061,7032,2448,4372,1
2026-09-17T23:29:13Z,4033,39.7,2400,2400,2400,2400,0x0,26,32,19,0.0,0.2,7061,7032,2448,4373,1
2026-09-17T23:29:14Z,4034,40.2,2400,2400,2400,2400,0x0,26,32,19,0.0,20.1,7061,7032,2448,4374,1
2026-09-17T23:29:15Z,4035,40.2,2400,2400,2400,2400,0x0,26,32,19,0.0,141.3,7061,7032,2448,4375,1
2026-09-17T23:29:16Z,4036,40.8,2400,2400,2400,2400,0x0,26,32,19,0.0,143.1,7061,7032,2448,4376,1
2026-09-17T23:29:17Z,4037,40.2,2400,2400,2400,2400,0x0,26,32,19,0.0,66.8,7061,7032,2448,4377,1
2026-09-17T23:29:18Z,4038,40.2,2400,2400,2400,2400,0x0,26,32,19,0.0,0.1,7061,7032,2448,4378,1
2026-09-17T23:29:19Z,4039,40.8,2400,2400,2400,2400,0x0,26,32,19,0.0,0.0,7061,7032,2448,4379,1
2026-09-17T23:29:20Z,4040,41.4,2400,2400,2400,2400,0x0,26,32,19,0.0,9.7,7061,7032,2448,4380,1
2026-09-17T23:29:21Z,4041,40.8,2400,2400,2400,2400,0x0,26,32,19,0.0,143.9,7061,7032,2448,4381,1
2026-09-17T23:29:22Z,4042,40.8,2400,2400,2400,2400,0x0,26,32,19,0.0,138.0,7061,7031,2448,4382,1
2026-09-17T23:29:23Z,4043,41.9,2400,2400,2400,2400,0x0,26,32,19,0.0,112.0,7061,7031,2448,4383,1
2026-09-17T23:29:25Z,4044,40.2,2400,2400,2400,2400,0x0,26,32,19,0.0,0.0,7061,7031,2448,4384,1
2026-09-17T23:29:26Z,4046,39.1,2400,2400,2400,2400,0x0,26,32,19,0.0,0.0,7061,7031,2448,4386,1
2026-09-17T23:29:27Z,4047,40.2,2400,2400,2400,2400,0x0,26,32,19,0.0,126.2,7061,7031,2448,4387,1
2026-09-17T23:29:28Z,4048,40.2,2400,2400,2400,2400,0x0,26,32,19,0.0,143.8,7061,7031,2448,4388,1
2026-09-17T23:29:29Z,4049,40.2,2400,2400,2400,2400,0x0,26,32,19,0.0,101.3,7061,7031,2448,4389,1
2026-09-17T23:29:30Z,4050,39.1,2400,2400,2400,2400,0x0,26,32,19,0.0,0.0,7061,7031,2448,4390,1
2026-09-17T23:29:31Z,4051,40.8,2400,2400,2400,2400,0x0,26,32,19,0.0,0.0,7061,7031,2448,4391,1
2026-09-17T23:29:32Z,4052,39.1,2400,2400,2400,2400,0x0,26,32,19,0.0,42.0,7061,7031,2448,4392,1
2026-09-17T23:29:33Z,4053,39.1,2400,2400,2400,2400,0x0,26,32,19,0.0,141.1,7061,7030,2448,4393,1
2026-09-17T23:29:34Z,4054,40.8,2400,2400,2400,2400,0x0,26,32,19,0.0,132.1,7061,7030,2448,4394,1
2026-09-17T23:29:35Z,4055,40.8,2400,2400,2400,2400,0x0,26,32,19,0.0,72.3,7061,7030,2448,4395,1
2026-09-17T23:29:36Z,4056,40.2,2400,2400,2400,2400,0x0,26,32,19,0.0,0.0,7061,7030,2448,4396,1
2026-09-17T23:29:37Z,4057,40.2,2400,2400,2400,2400,0x0,26,32,19,0.0,0.0,7061,7030,2448,4397,1
2026-09-17T23:29:38Z,4058,40.2,2400,2400,2400,2400,0x0,26,32,19,0.0,90.5,7061,7030,2448,4398,1
2026-09-17T23:29:40Z,4059,41.9,2400,2400,2400,2400,0x0,26,32,19,0.0,136.9,7061,7030,2448,4399,1
2026-09-17T23:29:41Z,4061,39.7,2400,2400,2400,2400,0x0,26,32,19,0.0,71.9,7061,7030,2448,4400,1
2026-09-17T23:29:42Z,4062,39.1,2400,2400,2400,2400,0x0,26,32,19,0.0,0.0,7061,7030,2448,4402,1
2026-09-17T23:29:43Z,4063,40.8,2400,2400,2400,2400,0x0,26,32,19,0.0,0.0,7061,7030,2448,4403,1
2026-09-17T23:29:44Z,4064,39.7,2400,2400,2400,2400,0x0,26,32,19,0.0,72.2,7061,7030,2448,4404,1
2026-09-17T23:29:45Z,4065,40.2,2400,2400,2400,2400,0x0,26,32,19,0.0,160.6,7061,7030,2448,4405,1
2026-09-17T23:29:46Z,4066,40.8,2400,2400,2400,2400,0x0,26,32,19,0.0,138.7,7061,7030,2448,4406,1
2026-09-17T23:29:47Z,4067,40.8,2400,2400,2400,2400,0x0,26,32,19,0.0,0.0,7061,7030,2448,4407,1
2026-09-17T23:29:48Z,4068,41.9,2400,2400,2400,2400,0x0,26,32,19,0.0,0.0,7061,7030,2448,4408,1
2026-09-17T23:29:49Z,4069,41.4,2400,2400,2400,2400,0x0,26,32,19,0.0,8.5,7061,7030,2448,4409,1
2026-09-17T23:29:50Z,4070,41.4,2400,2400,2400,2400,0x0,26,32,19,0.0,138.9,7061,7030,2448,4410,1
2026-09-17T23:29:51Z,4071,40.8,2400,2400,2400,2400,0x0,26,32,19,0.0,141.7,7061,7030,2448,4411,1
2026-09-17T23:29:52Z,4072,41.4,2400,2400,2400,2400,0x0,26,32,19,0.0,98.4,7061,7030,2448,4412,1
2026-09-17T23:29:54Z,4073,40.2,2400,2400,2400,2400,0x0,26,32,19,0.0,0.0,7061,7030,2448,4413,1
2026-09-17T23:29:55Z,4075,40.2,2400,2400,2400,2400,0x0,26,32,19,0.0,0.1,7061,7029,2448,4415,1
2026-09-17T23:29:56Z,4076,39.7,2400,2400,2400,2400,0x0,26,32,19,0.0,132.5,7061,7029,2448,4416,1
2026-09-17T23:29:57Z,4077,40.2,2400,2400,2400,2400,0x0,26,32,19,0.0,139.6,7061,7029,2448,4417,1
2026-09-17T23:29:58Z,4078,40.8,2400,2400,2400,2400,0x0,26,32,19,0.0,83.0,7061,7029,2448,4418,1
2026-09-17T23:29:59Z,4079,40.8,2400,2400,2400,2400,0x0,26,32,19,0.0,0.0,7061,7029,2448,4419,1
2026-09-17T23:30:00Z,4080,39.7,2400,2400,2400,2400,0x0,26,32,19,0.0,0.1,7061,7029,2448,4420,1
2026-09-17T23:30:01Z,4081,39.7,2400,2400,2400,2400,0x0,26,32,19,0.0,44.6,7061,7029,2448,4421,1
2026-09-17T23:30:02Z,4082,40.8,2400,2400,2400,2400,0x0,26,32,19,0.0,141.3,7061,7029,2448,4422,1
2026-09-17T23:30:03Z,4083,40.8,2400,2400,2400,2400,0x0,26,32,19,0.0,147.4,7061,7029,2448,4423,1
2026-09-17T23:30:04Z,4084,40.8,2400,2400,2400,2400,0x0,26,32,19,0.0,37.9,7061,7029,2448,4424,1
2026-09-17T23:30:05Z,4085,40.8,2400,2400,2400,2400,0x0,26,32,19,0.0,0.1,7061,7028,2448,4425,1
2026-09-17T23:30:06Z,4086,39.7,2400,2400,2400,2400,0x0,26,32,19,0.0,23.3,7061,7028,2448,4426,1
2026-09-17T23:30:07Z,4087,40.8,2400,2400,2400,2400,0x0,26,32,19,0.0,140.6,7061,7028,2448,4427,1
2026-09-17T23:30:09Z,4088,39.7,2400,2400,2400,2400,0x0,26,32,19,0.0,147.9,7061,7028,2448,4428,1
2026-09-17T23:30:10Z,4090,40.2,2400,2400,2400,2400,0x0,26,32,19,0.0,29.7,7061,7028,2448,4430,1
2026-09-17T23:30:11Z,4091,40.2,2400,2400,2400,2400,0x0,26,32,19,0.0,0.1,7061,7028,2448,4431,1
2026-09-17T23:30:12Z,4092,41.4,2400,2400,2400,2400,0x0,26,32,19,0.0,8.4,7061,7028,2448,4432,1
2026-09-17T23:30:13Z,4093,41.9,2400,2400,2400,2400,0x0,26,32,19,0.0,136.8,7061,7028,2448,4433,1
2026-09-17T23:30:14Z,4094,40.2,2400,2400,2400,2400,0x0,26,32,19,0.0,143.3,7061,7028,2448,4434,1
2026-09-17T23:30:15Z,4095,40.2,2400,2400,2400,2400,0x0,26,32,19,0.0,66.7,7061,7028,2448,4435,1
2026-09-17T23:30:16Z,4096,40.8,2400,2400,2400,2400,0x0,26,32,19,0.0,0.0,7061,7028,2448,4436,1
2026-09-17T23:30:17Z,4097,40.8,2400,2400,2400,2400,0x0,26,32,19,0.0,0.0,7061,7028,2448,4437,1
2026-09-17T23:30:18Z,4098,41.4,2400,2400,2400,2400,0x0,26,32,19,0.0,71.2,7061,7028,2448,4438,1
2026-09-17T23:30:19Z,4099,40.2,2400,2400,2400,2400,0x0,26,32,19,0.0,149.1,7061,7028,2448,4439,1
2026-09-17T23:30:20Z,4100,39.7,2400,2400,2400,2400,0x0,26,32,19,0.0,136.2,7061,7028,2448,4440,1
2026-09-17T23:30:21Z,4101,39.7,2400,2400,2400,2400,0x0,26,32,19,0.0,14.8,7061,7028,2448,4441,1
2026-09-17T23:30:23Z,4102,40.2,2400,2400,2400,2400,0x0,26,32,19,0.0,0.0,7061,7028,2448,4442,1
2026-09-17T23:30:24Z,4104,39.1,2400,2400,2400,2400,0x0,26,32,19,0.0,23.6,7061,7028,2448,4444,1
2026-09-17T23:30:25Z,4105,39.7,2400,2400,2400,2400,0x0,26,32,19,0.0,144.0,7061,7028,2448,4445,1
2026-09-17T23:30:26Z,4106,40.8,2400,2400,2400,2400,0x0,26,32,19,0.0,131.7,7061,7028,2448,4446,1
2026-09-17T23:30:27Z,4107,40.8,2400,2400,2400,2400,0x0,26,32,19,0.0,48.4,7061,7027,2448,4447,1
2026-09-17T23:30:28Z,4108,39.7,2400,2400,2400,2400,0x0,26,32,19,0.0,0.0,7061,7027,2448,4448,1
2026-09-17T23:30:29Z,4109,40.2,2400,2400,2400,2400,0x0,26,32,19,0.0,0.0,7061,7027,2448,4449,1
2026-09-17T23:30:30Z,4110,40.8,2400,2400,2400,2400,0x0,26,32,19,0.0,110.4,7061,7027,2448,4450,1
2026-09-17T23:30:31Z,4111,40.2,2400,2400,2400,2400,0x0,26,32,19,0.0,133.5,7061,7027,2448,4451,1
2026-09-17T23:30:32Z,4112,40.2,2400,2400,2400,2400,0x0,26,32,19,0.0,127.3,7061,7027,2448,4452,1
2026-09-17T23:30:33Z,4113,39.1,2400,2400,2400,2400,0x0,26,32,19,0.0,0.0,7061,7027,2448,4453,1
2026-09-17T23:30:34Z,4114,40.2,2400,2400,2400,2400,0x0,26,32,19,0.0,0.0,7061,7027,2448,4454,1
2026-09-17T23:30:35Z,4115,40.2,2400,2400,2400,2400,0x0,26,32,19,0.0,80.9,7061,7027,2448,4455,1
2026-09-17T23:30:36Z,4116,41.4,2400,2400,2400,2400,0x0,26,32,19,0.0,137.5,7061,7027,2448,4456,1
2026-09-17T23:30:37Z,4117,40.8,2400,2400,2400,2400,0x0,26,32,19,0.0,142.3,7061,7026,2448,4457,1
2026-09-17T23:30:39Z,4118,40.2,2400,2400,2400,2400,0x0,26,32,19,0.0,10.6,7061,7026,2448,4458,1
2026-09-17T23:30:40Z,4120,40.8,2400,2400,2400,2400,0x0,26,32,19,0.0,0.0,7061,7026,2448,4460,1
2026-09-17T23:30:41Z,4121,40.2,2400,2400,2400,2400,0x0,26,32,19,0.0,0.1,7061,7026,2448,4461,1
2026-09-17T23:30:42Z,4122,40.8,2400,2400,2400,2400,0x0,26,32,19,0.0,78.6,7061,7026,2448,4462,1
2026-09-17T23:30:43Z,4123,39.1,2400,2400,2400,2400,0x0,26,32,19,0.0,146.5,7061,7026,2448,4463,1
2026-09-17T23:30:44Z,4124,41.4,2400,2400,2400,2400,0x0,26,32,19,0.0,143.3,7061,7026,2448,4464,1
2026-09-17T23:30:45Z,4125,40.8,2400,2400,2400,2400,0x0,26,32,19,0.0,35.1,7061,7026,2448,4465,1
2026-09-17T23:30:46Z,4126,40.2,2400,2400,2400,2400,0x0,26,32,19,0.0,0.1,7061,7026,2448,4466,1
2026-09-17T23:30:47Z,4127,39.1,2400,2400,2400,2400,0x0,26,32,19,0.0,0.0,7061,7026,2448,4467,1
2026-09-17T23:30:48Z,4128,40.8,2400,2400,2400,2400,0x0,26,32,19,0.0,129.1,7061,7026,2448,4468,1
2026-09-17T23:30:49Z,4129,40.2,2400,2400,2400,2400,0x0,26,32,19,0.0,167.0,7061,7026,2448,4469,1
2026-09-17T23:30:51Z,4130,40.8,2400,2400,2400,2400,0x0,26,32,19,0.0,107.4,7061,7026,2448,4470,1
2026-09-17T23:30:52Z,4132,41.9,2400,2400,2400,2400,0x0,26,32,19,0.0,0.1,7061,7026,2448,4472,1
2026-09-17T23:30:53Z,4133,40.8,2400,2400,2400,2400,0x0,26,32,19,0.0,0.0,7061,7026,2448,4473,1
2026-09-17T23:30:54Z,4134,39.7,2400,2400,2400,2400,0x0,26,32,19,0.0,0.0,7061,7026,2448,4474,1
2026-09-17T23:30:55Z,4135,41.9,2400,2400,2400,2400,0x0,26,32,19,0.0,83.3,7061,7026,2448,4475,1
2026-09-17T23:30:56Z,4136,41.4,2400,2400,2400,2400,0x0,26,32,19,0.0,142.6,7061,7026,2448,4476,1
2026-09-17T23:30:57Z,4137,40.2,2400,2400,2400,2400,0x0,26,32,19,0.0,129.3,7061,7026,2448,4477,1
2026-09-17T23:30:58Z,4138,41.4,2400,2400,2400,2400,0x0,26,32,19,0.0,96.8,7061,7026,2448,4478,1
2026-09-17T23:30:59Z,4139,40.8,2400,2400,2400,2400,0x0,26,32,19,0.0,0.0,7061,7025,2448,4479,1
2026-09-17T23:31:00Z,4140,41.9,2400,2400,2400,2400,0x0,26,32,19,0.0,0.0,7061,7025,2448,4480,1
2026-09-17T23:31:01Z,4141,41.4,2400,2400,2400,2400,0x0,26,32,19,0.0,136.5,7061,7025,2448,4481,1
2026-09-17T23:31:02Z,4142,39.7,2400,2400,2400,2400,0x0,26,32,19,0.0,127.4,7061,7025,2448,4482,1
2026-09-17T23:31:03Z,4143,41.4,2400,2400,2400,2400,0x0,26,32,19,0.0,107.4,7061,7025,2448,4483,1
2026-09-17T23:31:04Z,4144,40.8,2400,2400,2400,2400,0x0,26,32,19,0.0,0.0,7061,7025,2448,4484,1
2026-09-17T23:31:06Z,4145,40.8,2400,2400,2400,2400,0x0,26,32,19,0.0,40.1,7061,7025,2448,4485,1
2026-09-17T23:31:07Z,4147,41.4,2400,2400,2400,2400,0x0,26,32,19,0.0,66.7,7061,7025,2448,4486,1
2026-09-17T23:31:08Z,4148,40.2,2400,2400,2400,2400,0x0,26,32,19,0.0,142.8,7061,7025,2448,4488,1
2026-09-17T23:31:09Z,4149,40.8,2400,2400,2400,2400,0x0,26,32,19,0.0,22.8,7061,7025,2448,4489,1
2026-09-17T23:31:10Z,4150,40.8,2400,2400,2400,2400,0x0,26,32,19,0.0,0.0,7061,7025,2448,4490,1
2026-09-17T23:31:11Z,4151,40.2,2400,2400,2400,2400,0x0,26,32,19,0.0,0.0,7061,7025,2448,4491,1
2026-09-17T23:31:12Z,4152,40.2,2400,2400,2400,2400,0x0,26,32,19,0.0,85.1,7061,7025,2448,4492,1
2026-09-17T23:31:13Z,4153,39.7,2400,2400,2400,2400,0x0,26,32,19,0.0,137.5,7061,7025,2448,4493,1
2026-09-17T23:31:14Z,4154,40.8,2400,2400,2400,2400,0x0,26,32,19,0.0,143.6,7061,7025,2448,4494,1
2026-09-17T23:31:15Z,4155,39.1,2400,2400,2400,2400,0x0,26,32,19,0.0,5.1,7061,7025,2448,4495,1
2026-09-17T23:31:16Z,4156,40.8,2400,2400,2400,2400,0x0,26,32,19,0.0,0.0,7061,7025,2448,4496,1
2026-09-17T23:31:17Z,4157,40.2,2400,2400,2400,2400,0x0,26,32,19,0.0,78.3,7061,7025,2448,4497,1
2026-09-17T23:31:18Z,4158,41.9,2400,2400,2400,2400,0x0,26,32,19,0.0,143.4,7061,7025,2448,4498,1
2026-09-17T23:31:19Z,4159,40.2,2400,2400,2400,2400,0x0,26,32,19,0.0,133.5,7061,7025,2448,4499,1
2026-09-17T23:31:21Z,4160,40.2,2400,2400,2400,2400,0x0,26,32,19,0.0,0.0,7061,7024,2448,4500,1
2026-09-17T23:31:22Z,4162,40.2,2400,2400,2400,2400,0x0,26,32,19,0.0,0.0,7061,7024,2448,4502,1
2026-09-17T23:31:23Z,4163,40.2,2400,2400,2400,2400,0x0,26,32,19,0.0,59.0,7061,7024,2448,4503,1
2026-09-17T23:31:24Z,4164,41.4,2400,2400,2400,2400,0x0,26,32,19,0.0,144.4,7061,7024,2448,4504,1
2026-09-17T23:31:25Z,4165,40.2,2400,2400,2400,2400,0x0,26,32,19,0.0,138.4,7061,7024,2448,4505,1
2026-09-17T23:31:26Z,4166,40.8,2400,2400,2400,2400,0x0,26,32,19,0.0,29.5,7061,7024,2448,4506,1
2026-09-17T23:31:27Z,4167,39.1,2400,2400,2400,2400,0x0,26,32,19,0.0,0.0,7061,7024,2448,4507,1
2026-09-17T23:31:28Z,4168,40.8,2400,2400,2400,2400,0x0,26,32,19,0.0,37.7,7061,7024,2448,4508,1
2026-09-17T23:31:29Z,4169,40.8,2400,2400,2400,2400,0x0,26,32,19,0.0,146.3,7061,7024,2448,4509,1
2026-09-17T23:31:30Z,4170,40.8,2400,2400,2400,2400,0x0,26,32,19,0.0,144.3,7061,7024,2448,4510,1
2026-09-17T23:31:31Z,4171,39.7,2400,2400,2400,2400,0x0,26,32,19,0.0,27.0,7061,7023,2448,4511,1
2026-09-17T23:31:32Z,4172,40.2,2400,2400,2400,2400,0x0,26,32,19,0.0,0.1,7061,7023,2448,4512,1
2026-09-17T23:31:33Z,4173,40.8,2400,2400,2400,2400,0x0,26,32,19,0.0,20.1,7061,7023,2448,4513,1
2026-09-17T23:31:34Z,4174,40.8,2400,2400,2400,2400,0x0,26,32,19,0.0,142.6,7061,7023,2448,4514,1
2026-09-17T23:31:35Z,4175,40.8,2400,2400,2400,2400,0x0,26,32,19,0.0,140.2,7061,7023,2448,4515,1
2026-09-17T23:31:37Z,4176,40.2,2400,2400,2400,2400,0x0,26,32,19,0.0,52.2,7061,7023,2448,4516,1
2026-09-17T23:31:38Z,4178,40.2,2400,2400,2400,2400,0x0,26,32,19,0.0,0.0,7061,7023,2448,4518,1
2026-09-17T23:31:39Z,4179,40.8,2400,2400,2400,2400,0x0,26,32,19,0.0,0.1,7061,7023,2448,4519,1
2026-09-17T23:31:40Z,4180,40.8,2400,2400,2400,2400,0x0,26,32,19,0.0,143.8,7061,7023,2448,4520,1
2026-09-17T23:31:41Z,4181,40.8,2400,2400,2400,2400,0x0,26,32,19,0.0,143.2,7061,7023,2448,4521,1
2026-09-17T23:31:42Z,4182,39.7,2400,2400,2400,2400,0x0,26,32,19,0.0,68.1,7061,7023,2448,4522,1
2026-09-17T23:31:43Z,4183,39.1,2400,2400,2400,2400,0x0,26,32,19,0.0,0.1,7061,7023,2448,4523,1
2026-09-17T23:31:44Z,4184,40.8,2400,2400,2400,2400,0x0,26,32,19,0.0,0.0,7061,7023,2448,4524,1
2026-09-17T23:31:45Z,4185,41.4,2400,2400,2400,2400,0x0,26,32,19,0.0,58.1,7061,7023,2448,4525,1
2026-09-17T23:31:46Z,4186,39.7,2400,2400,2400,2400,0x0,26,32,19,0.0,147.0,7061,7023,2448,4526,1
2026-09-17T23:31:47Z,4187,40.2,2400,2400,2400,2400,0x0,26,32,19,0.0,140.8,7061,7023,2448,4527,1
2026-09-17T23:31:48Z,4188,39.1,2400,2400,2400,2400,0x0,26,32,19,0.0,25.4,7061,7023,2448,4528,1
2026-09-17T23:31:49Z,4189,40.8,2400,2400,2400,2400,0x0,26,32,19,0.0,0.0,7061,7023,2448,4529,1
2026-09-17T23:31:50Z,4190,40.8,2400,2400,2400,2400,0x0,26,32,19,0.0,34.9,7061,7023,2448,4530,1
2026-09-17T23:31:52Z,4191,40.8,2400,2400,2400,2400,0x0,26,32,19,0.0,145.4,7061,7023,2448,4531,1
2026-09-17T23:31:53Z,4193,40.8,2400,2400,2400,2400,0x0,26,32,19,0.0,70.0,7061,7022,2448,4533,1
2026-09-17T23:31:54Z,4194,41.4,2400,2400,2400,2400,0x0,26,32,19,0.0,34.9,7061,7022,2448,4534,1
2026-09-17T23:31:55Z,4195,40.8,2400,2400,2400,2400,0x0,26,32,19,0.0,0.0,7061,7022,2448,4535,1
2026-09-17T23:31:56Z,4196,40.2,2400,2400,2400,2400,0x0,26,32,19,0.0,88.7,7061,7022,2448,4536,1
2026-09-17T23:31:57Z,4197,41.4,2400,2400,2400,2400,0x0,26,32,19,0.0,138.6,7061,7022,2448,4537,1
2026-09-17T23:31:58Z,4198,39.1,2400,2400,2400,2400,0x0,26,32,19,0.0,111.6,7061,7022,2448,4538,1
2026-09-17T23:31:59Z,4199,39.7,2400,2400,2400,2400,0x0,26,32,19,0.0,0.2,7061,7022,2448,4539,1
2026-09-17T23:32:00Z,4200,40.2,2400,2400,2400,2400,0x0,26,32,19,0.0,0.0,7061,7022,2448,4540,1
2026-09-17T23:32:01Z,4201,40.2,2400,2400,2400,2400,0x0,26,32,19,0.0,18.8,7061,7022,2448,4541,1
2026-09-17T23:32:02Z,4202,41.4,2400,2400,2400,2400,0x0,26,32,19,0.0,143.6,7061,7022,2448,4542,1
2026-09-17T23:32:03Z,4203,40.2,2400,2400,2400,2400,0x0,26,32,19,0.0,140.7,7061,7021,2448,4543,1
2026-09-17T23:32:05Z,4204,40.8,2400,2400,2400,2400,0x0,26,32,19,0.0,68.2,7061,7021,2448,4544,1
2026-09-17T23:32:06Z,4206,39.7,2400,2400,2400,2400,0x0,26,32,19,0.0,0.0,7061,7021,2448,4546,1
2026-09-17T23:32:07Z,4207,40.8,2400,2400,2400,2400,0x0,26,32,19,0.0,0.0,7061,7021,2448,4547,1
2026-09-17T23:32:08Z,4208,40.8,2400,2400,2400,2400,0x0,26,32,19,0.0,142.7,7061,7021,2448,4548,1
2026-09-17T23:32:09Z,4209,40.8,2400,2400,2400,2400,0x0,26,32,19,0.0,138.6,7061,7021,2448,4549,1
2026-09-17T23:32:10Z,4210,41.4,2400,2400,2400,2400,0x0,26,32,19,0.0,73.8,7061,7021,2448,4550,1
2026-09-17T23:32:11Z,4211,40.8,2400,2400,2400,2400,0x0,26,32,19,0.0,0.0,7061,7021,2448,4551,1
2026-09-17T23:32:12Z,4212,40.2,2400,2400,2400,2400,0x0,26,32,19,0.0,0.0,7061,7021,2448,4552,1
2026-09-17T23:32:13Z,4213,41.4,2400,2400,2400,2400,0x0,26,32,19,0.0,48.4,7061,7021,2448,4553,1
2026-09-17T23:32:14Z,4214,40.8,2400,2400,2400,2400,0x0,26,32,19,0.0,141.3,7061,7021,2448,4554,1
2026-09-17T23:32:15Z,4215,40.8,2400,2400,2400,2400,0x0,26,32,19,0.0,154.8,7061,7021,2448,4555,1
2026-09-17T23:32:16Z,4216,40.2,2400,2400,2400,2400,0x0,26,32,19,0.0,43.0,7061,7021,2448,4556,1
2026-09-17T23:32:17Z,4217,40.8,2400,2400,2400,2400,0x0,26,32,19,0.0,0.0,7061,7021,2448,4557,1
2026-09-17T23:32:18Z,4218,39.7,2400,2400,2400,2400,0x0,26,32,19,0.0,36.2,7061,7021,2448,4558,1
2026-09-17T23:32:20Z,4219,40.8,2400,2400,2400,2400,0x0,26,32,19,0.0,140.3,7061,7021,2448,4559,1
2026-09-17T23:32:21Z,4221,40.8,2400,2400,2400,2400,0x0,26,32,19,0.0,66.0,7061,7021,2448,4561,1
2026-09-17T23:32:22Z,4222,40.8,2400,2400,2400,2400,0x0,26,32,19,0.0,46.7,7061,7021,2448,4562,1
2026-09-17T23:32:23Z,4223,40.2,2400,2400,2400,2400,0x0,26,32,19,0.0,0.0,7061,7021,2448,4563,1
2026-09-17T23:32:24Z,4224,41.4,2400,2400,2400,2400,0x0,26,32,19,0.0,22.2,7061,7021,2448,4564,1
2026-09-17T23:32:25Z,4225,40.2,2400,2400,2400,2400,0x0,26,32,19,0.0,133.7,7061,7020,2448,4565,1
2026-09-17T23:32:26Z,4226,40.8,2400,2400,2400,2400,0x0,26,32,19,0.0,161.6,7061,7020,2448,4566,1
2026-09-17T23:32:27Z,4227,41.9,2400,2400,2400,2400,0x0,26,32,19,0.0,37.7,7061,7020,2448,4567,1
2026-09-17T23:32:28Z,4228,40.8,2400,2400,2400,2400,0x0,26,32,19,0.0,0.0,7061,7020,2448,4568,1
2026-09-17T23:32:29Z,4229,40.2,2400,2400,2400,2400,0x0,26,32,19,0.0,24.5,7061,7020,2448,4569,1
2026-09-17T23:32:30Z,4230,40.2,2400,2400,2400,2400,0x0,26,32,19,0.0,130.3,7061,7020,2448,4570,1
2026-09-17T23:32:32Z,4231,39.7,2400,2400,2400,2400,0x0,26,32,19,0.0,144.2,7061,7020,2448,4571,1
2026-09-17T23:32:33Z,4233,39.7,2400,2400,2400,2400,0x0,26,32,19,0.0,28.1,7061,7020,2448,4573,1
2026-09-17T23:32:34Z,4234,41.4,2400,2400,2400,2400,0x0,26,32,19,0.0,0.0,7061,7020,2448,4574,1
2026-09-17T23:32:35Z,4235,40.8,2400,2400,2400,2400,0x0,26,32,19,0.0,6.6,7061,7020,2448,4575,1
2026-09-17T23:32:36Z,4236,41.4,2400,2400,2400,2400,0x0,26,32,19,0.0,130.6,7061,7019,2448,4576,1
2026-09-17T23:32:37Z,4237,40.2,2400,2400,2400,2400,0x0,26,32,19,0.0,148.5,7061,7019,2448,4577,1
2026-09-17T23:32:38Z,4238,40.8,2400,2400,2400,2400,0x0,26,32,19,0.0,85.6,7061,7019,2448,4578,1
2026-09-17T23:32:39Z,4239,40.2,2400,2400,2400,2400,0x0,26,32,19,0.0,0.0,7061,7019,2448,4579,1
2026-09-17T23:32:40Z,4240,40.2,2400,2400,2400,2400,0x0,26,32,19,0.0,0.0,7061,7019,2448,4580,1
2026-09-17T23:32:41Z,4241,40.2,2400,2400,2400,2400,0x0,26,32,19,0.0,139.2,7061,7019,2448,4581,1
2026-09-17T23:32:42Z,4242,39.7,2400,2400,2400,2400,0x0,26,32,19,0.0,143.9,7061,7019,2448,4582,1
2026-09-17T23:32:43Z,4243,39.7,2400,2400,2400,2400,0x0,26,32,19,0.0,56.1,7061,7019,2448,4583,1
2026-09-17T23:32:44Z,4244,40.8,2400,2400,2400,2400,0x0,26,32,19,0.0,0.0,7061,7019,2448,4584,1
2026-09-17T23:32:46Z,4245,40.8,2400,2400,2400,2400,0x0,26,32,19,0.0,0.0,7061,7019,2448,4585,1
2026-09-17T23:32:47Z,4247,41.4,2400,2400,2400,2400,0x0,26,32,19,0.0,57.6,7061,7019,2448,4586,1
2026-09-17T23:32:48Z,4248,39.7,2400,2400,2400,2400,0x0,26,32,19,0.0,144.4,7061,7019,2448,4588,1
2026-09-17T23:32:49Z,4249,41.9,2400,2400,2400,2400,0x0,26,32,19,0.0,111.7,7061,7019,2448,4589,1
2026-09-17T23:32:50Z,4250,41.4,2400,2400,2400,2400,0x0,26,32,19,0.0,0.0,7061,7019,2448,4590,1
2026-09-17T23:32:51Z,4251,40.2,2400,2400,2400,2400,0x0,26,32,19,0.0,6.0,7061,7019,2448,4591,1
2026-09-17T23:32:52Z,4252,40.8,2400,2400,2400,2400,0x0,26,32,19,0.0,141.4,7061,7019,2448,4592,1
2026-09-17T23:32:53Z,4253,40.2,2400,2400,2400,2400,0x0,26,32,19,0.0,145.7,7061,7019,2448,4593,1
2026-09-17T23:32:54Z,4254,40.2,2400,2400,2400,2400,0x0,26,32,19,0.0,29.7,7061,7019,2448,4594,1
2026-09-17T23:32:55Z,4255,39.1,2400,2400,2400,2400,0x0,26,32,19,0.0,0.0,7061,7019,2448,4595,1
2026-09-17T23:32:56Z,4256,40.8,2400,2400,2400,2400,0x0,26,32,19,0.0,5.0,7061,7019,2448,4596,1
2026-09-17T23:32:57Z,4257,41.4,2400,2400,2400,2400,0x0,26,32,19,0.0,139.1,7061,7018,2448,4597,1
2026-09-17T23:32:59Z,4259,40.8,2400,2400,2400,2400,0x0,26,32,19,0.0,88.6,7061,7018,2448,4599,1
2026-09-17T23:33:00Z,4260,40.8,2400,2400,2400,2400,0x0,26,32,19,0.0,33.8,7061,7018,2448,4600,1
2026-09-17T23:33:01Z,4261,39.7,2400,2400,2400,2400,0x0,26,32,19,0.0,0.0,7061,7018,2448,4601,1
2026-09-17T23:33:02Z,4262,41.4,2400,2400,2400,2400,0x0,26,32,19,0.0,74.1,7061,7018,2448,4602,1
2026-09-17T23:33:03Z,4263,41.4,2400,2400,2400,2400,0x0,26,32,19,0.0,142.2,7061,7018,2448,4603,1
2026-09-17T23:33:04Z,4264,40.8,2400,2400,2400,2400,0x0,26,32,19,0.0,106.6,7061,7018,2448,4604,1
2026-09-17T23:33:05Z,4265,39.7,2400,2400,2400,2400,0x0,26,32,19,0.0,0.0,7061,7018,2448,4605,1
2026-09-17T23:33:06Z,4266,40.8,2400,2400,2400,2400,0x0,26,32,19,0.0,0.0,7061,7018,2448,4606,1
2026-09-17T23:33:07Z,4267,39.7,2400,2400,2400,2400,0x0,26,32,19,0.0,66.3,7061,7018,2448,4607,1
2026-09-17T23:33:08Z,4268,39.7,2400,2400,2400,2400,0x0,26,32,19,0.0,142.3,7061,7017,2448,4608,1
2026-09-17T23:33:09Z,4269,41.4,2400,2400,2400,2400,0x0,26,32,19,0.0,130.5,7061,7017,2448,4609,1
2026-09-17T23:33:10Z,4270,41.4,2400,2400,2400,2400,0x0,26,32,19,0.0,0.0,7061,7017,2448,4610,1
2026-09-17T23:33:11Z,4271,40.8,2400,2400,2400,2400,0x0,26,32,19,0.0,0.1,7061,7017,2448,4611,1
2026-09-17T23:33:13Z,4272,39.1,2400,2400,2400,2400,0x0,26,32,19,0.0,108.6,7061,7017,2448,4612,1
2026-09-17T23:33:14Z,4274,40.8,2400,2400,2400,2400,0x0,26,32,19,0.0,68.9,7061,7017,2448,4614,1
2026-09-17T23:33:15Z,4275,40.8,2400,2400,2400,2400,0x0,26,32,19,0.0,92.5,7061,7017,2448,4615,1
2026-09-17T23:33:16Z,4276,40.2,2400,2400,2400,2400,0x0,26,32,19,0.0,0.0,7061,7017,2448,4616,1
2026-09-17T23:33:17Z,4277,40.2,2400,2400,2400,2400,0x0,26,32,19,0.0,0.1,7061,7017,2448,4617,1
2026-09-17T23:33:18Z,4278,40.8,2400,2400,2400,2400,0x0,26,32,19,0.0,93.3,7061,7017,2448,4618,1
2026-09-17T23:33:19Z,4279,41.4,2400,2400,2400,2400,0x0,26,32,19,0.0,142.3,7061,7017,2448,4619,1
2026-09-17T23:33:20Z,4280,40.8,2400,2400,2400,2400,0x0,26,32,19,0.0,103.3,7061,7017,2448,4620,1
2026-09-17T23:33:21Z,4281,40.8,2400,2400,2400,2400,0x0,26,32,19,0.0,0.0,7061,7017,2448,4621,1
2026-09-17T23:33:22Z,4282,40.8,2400,2400,2400,2400,0x0,26,32,19,0.0,0.1,7061,7017,2448,4622,1
2026-09-17T23:33:23Z,4283,41.4,2400,2400,2400,2400,0x0,26,32,19,0.0,136.4,7061,7017,2448,4623,1
2026-09-17T23:33:24Z,4284,40.8,2400,2400,2400,2400,0x0,26,32,19,0.0,136.4,7061,7017,2448,4624,1
2026-09-17T23:33:25Z,4285,40.2,2400,2400,2400,2400,0x0,26,32,19,0.0,66.1,7061,7017,2448,4625,1
2026-09-17T23:33:26Z,4286,41.4,2400,2400,2400,2400,0x0,26,32,19,0.0,0.0,7061,7017,2448,4626,1
2026-09-17T23:33:27Z,4287,39.1,2400,2400,2400,2400,0x0,26,32,19,0.0,0.2,7061,7017,2448,4627,1
2026-09-17T23:33:29Z,4288,39.7,2400,2400,2400,2400,0x0,26,32,19,0.0,112.9,7061,7017,2448,4628,1
2026-09-17T23:33:30Z,4290,40.2,2400,2400,2400,2400,0x0,26,32,19,0.0,78.5,7061,7016,2448,4630,1
2026-09-17T23:33:31Z,4291,39.1,2400,2400,2400,2400,0x0,26,32,19,0.0,85.2,7061,7016,2448,4631,1
2026-09-17T23:33:32Z,4292,40.2,2400,2400,2400,2400,0x0,26,32,19,0.0,0.0,7061,7016,2448,4632,1
2026-09-17T23:33:33Z,4293,40.8,2400,2400,2400,2400,0x0,26,32,19,0.0,47.3,7061,7016,2448,4633,1
2026-09-17T23:33:34Z,4294,39.7,2400,2400,2400,2400,0x0,26,32,19,0.0,142.1,7061,7016,2448,4634,1
2026-09-17T23:33:35Z,4295,41.4,2400,2400,2400,2400,0x0,26,32,19,0.0,133.5,7061,7016,2448,4635,1
2026-09-17T23:33:36Z,4296,40.2,2400,2400,2400,2400,0x0,26,32,19,0.0,0.0,7061,7016,2448,4636,1
2026-09-17T23:33:37Z,4297,40.2,2400,2400,2400,2400,0x0,26,32,19,0.0,0.0,7061,7016,2448,4637,1
2026-09-17T23:33:38Z,4298,39.7,2400,2400,2400,2400,0x0,26,32,19,0.0,29.9,7061,7016,2448,4638,1
2026-09-17T23:33:40Z,4299,41.4,2400,2400,2400,2400,0x0,26,32,19,0.0,149.0,7061,7016,2448,4639,1
2026-09-17T23:33:41Z,4301,40.2,2400,2400,2400,2400,0x0,26,32,19,0.0,73.0,7061,7015,2448,4641,1
2026-09-17T23:33:42Z,4302,41.4,2400,2400,2400,2400,0x0,26,32,19,0.0,14.0,7061,7015,2448,4642,1
2026-09-17T23:33:43Z,4303,39.7,2400,2400,2400,2400,0x0,26,32,19,0.0,0.0,7061,7015,2448,4643,1
2026-09-17T23:33:44Z,4304,40.8,2400,2400,2400,2400,0x0,26,32,19,0.0,86.1,7061,7015,2448,4644,1
2026-09-17T23:33:45Z,4305,39.7,2400,2400,2400,2400,0x0,26,32,19,0.0,140.0,7061,7015,2448,4645,1
2026-09-17T23:33:46Z,4306,39.7,2400,2400,2400,2400,0x0,26,32,19,0.0,96.9,7061,7015,2448,4646,1
2026-09-17T23:33:47Z,4307,41.9,2400,2400,2400,2400,0x0,26,32,19,0.0,0.0,7061,7015,2448,4647,1
2026-09-17T23:33:48Z,4308,39.1,2400,2400,2400,2400,0x0,26,32,19,0.0,0.0,7061,7015,2448,4648,1
2026-09-17T23:33:49Z,4309,41.9,2400,2400,2400,2400,0x0,26,32,19,0.0,121.5,7061,7015,2448,4649,1
2026-09-17T23:33:50Z,4310,39.7,2400,2400,2400,2400,0x0,26,32,19,0.0,145.2,7061,7015,2448,4650,1
2026-09-17T23:33:51Z,4311,41.9,2400,2400,2400,2400,0x0,26,32,19,0.0,72.3,7061,7015,2448,4651,1
2026-09-17T23:33:52Z,4312,40.2,2400,2400,2400,2400,0x0,26,32,19,0.0,0.0,7061,7015,2448,4652,1
2026-09-17T23:33:53Z,4313,40.8,2400,2400,2400,2400,0x0,26,32,19,0.0,30.0,7061,7015,2448,4653,1
2026-09-17T23:33:55Z,4314,40.8,2400,2400,2400,2400,0x0,26,32,19,0.0,137.1,7061,7015,2448,4654,1
2026-09-17T23:33:56Z,4316,41.4,2400,2400,2400,2400,0x0,26,32,19,0.0,70.5,7061,7015,2448,4656,1
2026-09-17T23:33:57Z,4317,40.2,2400,2400,2400,2400,0x0,26,32,19,0.0,14.8,7061,7015,2448,4657,1
2026-09-17T23:33:58Z,4318,39.7,2400,2400,2400,2400,0x0,26,32,19,0.0,0.0,7061,7015,2448,4658,1
2026-09-17T23:33:59Z,4319,41.4,2400,2400,2400,2400,0x0,26,32,19,0.0,17.7,7061,7015,2448,4659,1
2026-09-17T23:34:00Z,4320,40.8,2400,2400,2400,2400,0x0,26,32,19,0.0,141.4,7061,7015,2448,4660,1
2026-09-17T23:34:01Z,4321,40.8,2400,2400,2400,2400,0x0,26,32,19,0.0,147.7,7061,7015,2448,4661,1
2026-09-17T23:34:02Z,4322,40.8,2400,2400,2400,2400,0x0,26,32,19,0.0,32.3,7061,7014,2448,4662,1
2026-09-17T23:34:03Z,4323,40.8,2400,2400,2400,2400,0x0,26,32,19,0.0,0.0,7061,7014,2448,4663,1
2026-09-17T23:34:04Z,4324,40.2,2400,2400,2400,2400,0x0,26,32,19,0.0,77.5,7061,7014,2448,4664,1
2026-09-17T23:34:05Z,4325,41.4,2400,2400,2400,2400,0x0,26,32,19,0.0,141.0,7061,7014,2448,4665,1
2026-09-17T23:34:06Z,4326,40.8,2400,2400,2400,2400,0x0,26,32,19,0.0,120.7,7061,7014,2448,4666,1
2026-09-17T23:34:07Z,4327,40.2,2400,2400,2400,2400,0x0,26,32,19,0.0,0.0,7061,7014,2448,4667,1
2026-09-17T23:34:09Z,4328,40.2,2400,2400,2400,2400,0x0,26,32,19,0.0,0.0,7061,7014,2448,4668,1
2026-09-17T23:34:10Z,4330,40.2,2400,2400,2400,2400,0x0,26,32,19,0.0,48.5,7061,7014,2448,4670,1
2026-09-17T23:34:11Z,4331,40.8,2400,2400,2400,2400,0x0,26,32,19,0.0,143.0,7061,7014,2448,4671,1
2026-09-17T23:34:12Z,4332,41.4,2400,2400,2400,2400,0x0,26,32,19,0.0,82.9,7061,7014,2448,4672,1
2026-09-17T23:34:13Z,4333,40.2,2400,2400,2400,2400,0x0,26,32,19,0.0,0.0,7061,7014,2448,4673,1
2026-09-17T23:34:14Z,4334,40.8,2400,2400,2400,2400,0x0,26,32,19,0.0,0.0,7061,7014,2448,4674,1
2026-09-17T23:34:15Z,4335,40.8,2400,2400,2400,2400,0x0,26,32,19,0.0,101.3,7061,7014,2448,4675,1
2026-09-17T23:34:16Z,4336,40.8,2400,2400,2400,2400,0x0,26,32,19,0.0,149.4,7061,7014,2448,4676,1
2026-09-17T23:34:17Z,4337,40.2,2400,2400,2400,2400,0x0,26,32,19,0.0,88.4,7061,7014,2448,4677,1
2026-09-17T23:34:18Z,4338,41.4,2400,2400,2400,2400,0x0,26,32,19,0.0,0.0,7061,7014,2448,4678,1
2026-09-17T23:34:19Z,4339,41.9,2400,2400,2400,2400,0x0,26,32,19,0.0,9.8,7061,7014,2448,4679,1
2026-09-17T23:34:20Z,4340,41.4,2400,2400,2400,2400,0x0,26,32,19,0.0,144.9,7061,7014,2448,4680,1
2026-09-17T23:34:21Z,4341,39.7,2400,2400,2400,2400,0x0,26,32,19,0.0,139.2,7061,7014,2448,4681,1
2026-09-17T23:34:22Z,4342,41.4,2400,2400,2400,2400,0x0,26,32,19,0.0,45.1,7061,7014,2448,4682,1
2026-09-17T23:34:24Z,4343,40.8,2400,2400,2400,2400,0x0,26,32,19,0.0,0.0,7061,7013,2448,4683,1
2026-09-17T23:34:25Z,4345,40.8,2400,2400,2400,2400,0x0,26,32,19,0.0,0.1,7061,7013,2448,4685,1
2026-09-17T23:34:26Z,4346,39.1,2400,2400,2400,2400,0x0,26,32,19,0.0,133.7,7061,7013,2448,4686,1
2026-09-17T23:34:27Z,4347,41.9,2400,2400,2400,2400,0x0,26,32,19,0.0,144.8,7061,7013,2448,4687,1
2026-09-17T23:34:28Z,4348,39.7,2400,2400,2400,2400,0x0,26,32,19,0.0,60.4,7061,7013,2448,4688,1
2026-09-17T23:34:29Z,4349,40.2,2400,2400,2400,2400,0x0,26,32,19,0.0,0.0,7061,7013,2448,4689,1
2026-09-17T23:34:30Z,4350,39.1,2400,2400,2400,2400,0x0,26,32,19,0.0,37.7,7061,7013,2448,4690,1
2026-09-17T23:34:31Z,4351,41.4,2400,2400,2400,2400,0x0,26,32,19,0.0,141.3,7061,7013,2448,4691,1
2026-09-17T23:34:32Z,4352,39.7,2400,2400,2400,2400,0x0,26,32,19,0.0,144.0,7061,7013,2448,4692,1
2026-09-17T23:34:33Z,4353,41.4,2400,2400,2400,2400,0x0,26,32,19,0.0,0.0,7061,7013,2448,4693,1
2026-09-17T23:34:34Z,4354,41.4,2400,2400,2400,2400,0x0,26,32,19,0.0,0.0,7061,7012,2448,4694,1
2026-09-17T23:34:35Z,4355,40.8,2400,2400,2400,2400,0x0,26,32,19,0.0,72.5,7061,7012,2448,4695,1
2026-09-17T23:34:36Z,4356,41.9,2400,2400,2400,2400,0x0,26,32,19,0.0,141.0,7061,7012,2448,4696,1
2026-09-17T23:34:38Z,4357,40.2,2400,2400,2400,2400,0x0,26,32,19,0.0,125.5,7061,7012,2448,4697,1
2026-09-17T23:34:39Z,4359,40.8,2400,2400,2400,2400,0x0,26,32,19,0.0,0.0,7061,7012,2448,4698,1
2026-09-17T23:34:40Z,4360,40.2,2400,2400,2400,2400,0x0,26,32,19,0.0,0.0,7061,7012,2448,4700,1
2026-09-17T23:34:41Z,4361,41.4,2400,2400,2400,2400,0x0,26,32,19,0.0,69.9,7061,7012,2448,4701,1
2026-09-17T23:34:42Z,4362,41.4,2400,2400,2400,2400,0x0,26,32,19,0.0,142.1,7061,7012,2448,4702,1
2026-09-17T23:34:43Z,4363,40.8,2400,2400,2400,2400,0x0,26,32,19,0.0,127.1,7061,7012,2448,4703,1
2026-09-17T23:34:44Z,4364,40.8,2400,2400,2400,2400,0x0,26,32,19,0.0,0.0,7061,7012,2448,4704,1
2026-09-17T23:34:45Z,4365,39.1,2400,2400,2400,2400,0x0,26,32,19,0.0,0.0,7061,7012,2448,4705,1
2026-09-17T23:34:46Z,4366,39.1,2400,2400,2400,2400,0x0,26,32,19,0.0,113.1,7061,7012,2448,4706,1
2026-09-17T23:34:47Z,4367,40.8,2400,2400,2400,2400,0x0,26,32,19,0.0,148.0,7061,7012,2448,4707,1
2026-09-17T23:34:48Z,4368,40.8,2400,2400,2400,2400,0x0,26,32,19,0.0,78.0,7061,7012,2448,4708,1
2026-09-17T23:34:49Z,4369,40.2,2400,2400,2400,2400,0x0,26,32,19,0.0,0.0,7061,7012,2448,4709,1
2026-09-17T23:34:50Z,4370,40.8,2400,2400,2400,2400,0x0,26,32,19,0.0,0.1,7061,7012,2448,4710,1
2026-09-17T23:34:51Z,4371,40.2,2400,2400,2400,2400,0x0,26,32,19,0.0,104.1,7061,7012,2448,4711,1
2026-09-17T23:34:53Z,4372,39.1,2400,2400,2400,2400,0x0,26,32,19,0.0,141.9,7061,7012,2448,4712,1
2026-09-17T23:34:54Z,4374,40.8,2400,2400,2400,2400,0x0,26,32,19,0.0,46.5,7061,7012,2448,4714,1
2026-09-17T23:34:55Z,4375,40.8,2400,2400,2400,2400,0x0,26,32,19,0.0,0.0,7061,7012,2448,4715,1
2026-09-17T23:34:56Z,4376,40.2,2400,2400,2400,2400,0x0,26,32,19,0.0,6.7,7061,7011,2448,4716,1
2026-09-17T23:34:57Z,4377,40.8,2400,2400,2400,2400,0x0,26,32,19,0.0,142.9,7061,7011,2448,4717,1
2026-09-17T23:34:58Z,4378,41.4,2400,2400,2400,2400,0x0,26,32,19,0.0,142.0,7061,7011,2448,4718,1
2026-09-17T23:34:59Z,4379,41.4,2400,2400,2400,2400,0x0,26,32,19,0.0,47.4,7061,7011,2448,4719,1
2026-09-17T23:35:00Z,4380,39.7,2400,2400,2400,2400,0x0,26,32,19,0.0,0.0,7061,7011,2448,4720,1
2026-09-17T23:35:01Z,4381,40.2,2400,2400,2400,2400,0x0,26,32,19,0.0,49.8,7061,7011,2448,4721,1
2026-09-17T23:35:02Z,4382,40.8,2400,2400,2400,2400,0x0,26,32,19,0.0,138.8,7061,7011,2448,4722,1
2026-09-17T23:35:03Z,4383,41.4,2400,2400,2400,2400,0x0,26,32,19,0.0,134.3,7061,7011,2448,4723,1
2026-09-17T23:35:04Z,4384,40.2,2400,2400,2400,2400,0x0,26,32,19,0.0,0.0,7061,7011,2448,4724,1
2026-09-17T23:35:05Z,4385,41.9,2400,2400,2400,2400,0x0,26,32,19,0.0,0.0,7061,7011,2448,4725,1
2026-09-17T23:35:07Z,4386,39.7,2400,2400,2400,2400,0x0,26,32,19,0.0,33.7,7061,7010,2448,4727,1
2026-09-17T23:35:08Z,4388,40.8,2400,2400,2400,2400,0x0,26,32,19,0.0,84.2,7061,7010,2448,4728,1
2026-09-17T23:35:09Z,4389,40.2,2400,2400,2400,2400,0x0,26,32,19,0.0,136.9,7061,7010,2448,4729,1
2026-09-17T23:35:10Z,4390,41.4,2400,2400,2400,2400,0x0,26,32,19,0.0,0.0,7061,7010,2448,4730,1
2026-09-17T23:35:11Z,4391,41.9,2400,2400,2400,2400,0x0,26,32,19,0.0,0.0,7061,7010,2448,4731,1
2026-09-17T23:35:12Z,4392,40.8,2400,2400,2400,2400,0x0,26,32,19,0.0,36.3,7061,7010,2448,4732,1
2026-09-17T23:35:13Z,4393,40.2,2400,2400,2400,2400,0x0,26,32,19,0.0,143.1,7061,7010,2448,4733,1
2026-09-17T23:35:14Z,4394,40.8,2400,2400,2400,2400,0x0,26,32,19,0.0,154.0,7061,7010,2448,4734,1
2026-09-17T23:35:15Z,4395,40.8,2400,2400,2400,2400,0x0,26,32,19,0.0,37.9,7061,7010,2448,4735,1
2026-09-17T23:35:16Z,4396,40.8,2400,2400,2400,2400,0x0,26,32,19,0.0,0.0,7061,7010,2448,4736,1
2026-09-17T23:35:17Z,4397,40.2,2400,2400,2400,2400,0x0,26,32,19,0.0,79.1,7061,7010,2448,4737,1
2026-09-17T23:35:18Z,4398,41.4,2400,2400,2400,2400,0x0,26,32,19,0.0,141.5,7061,7010,2448,4738,1
2026-09-17T23:35:20Z,4399,39.1,2400,2400,2400,2400,0x0,26,32,19,0.0,102.2,7061,7010,2448,4739,1
2026-09-17T23:35:21Z,4401,39.7,2400,2400,2400,2400,0x0,26,32,19,0.0,0.0,7061,7010,2448,4741,1
2026-09-17T23:35:22Z,4402,40.2,2400,2400,2400,2400,0x0,26,32,19,0.0,0.0,7061,7010,2448,4742,1
2026-09-17T23:35:23Z,4403,41.4,2400,2400,2400,2400,0x0,26,32,19,0.0,71.8,7061,7010,2448,4743,1
2026-09-17T23:35:24Z,4404,39.7,2400,2400,2400,2400,0x0,26,32,19,0.0,140.2,7061,7010,2448,4744,1
2026-09-17T23:35:25Z,4405,40.2,2400,2400,2400,2400,0x0,26,32,19,0.0,142.0,7061,7010,2448,4745,1
2026-09-17T23:35:26Z,4406,40.8,2400,2400,2400,2400,0x0,26,32,19,0.0,1.2,7061,7010,2448,4746,1
2026-09-17T23:35:27Z,4407,40.2,2400,2400,2400,2400,0x0,26,32,19,0.0,0.1,7061,7010,2448,4747,1
2026-09-17T23:35:28Z,4408,41.9,2400,2400,2400,2400,0x0,26,32,19,0.0,117.1,7061,7009,2448,4748,1
2026-09-17T23:35:29Z,4409,40.2,2400,2400,2400,2400,0x0,26,32,19,0.0,141.0,7061,7009,2448,4749,1
2026-09-17T23:35:30Z,4410,40.8,2400,2400,2400,2400,0x0,26,32,19,0.0,48.5,7061,7009,2448,4750,1
2026-09-17T23:35:31Z,4411,41.4,2400,2400,2400,2400,0x0,26,32,19,0.0,0.0,7061,7009,2448,4751,1
2026-09-17T23:35:32Z,4412,39.7,2400,2400,2400,2400,0x0,26,32,19,0.0,0.1,7061,7009,2448,4752,1
2026-09-17T23:35:33Z,4413,41.4,2400,2400,2400,2400,0x0,26,32,19,0.0,96.8,7061,7009,2448,4753,1
2026-09-17T23:35:35Z,4414,39.7,2400,2400,2400,2400,0x0,26,32,19,0.0,149.4,7061,7009,2448,4754,1
2026-09-17T23:35:36Z,4416,40.2,2400,2400,2400,2400,0x0,26,32,19,0.0,54.4,7061,7009,2448,4756,1
2026-09-17T23:35:37Z,4417,40.2,2400,2400,2400,2400,0x0,26,32,19,0.0,0.0,7061,7009,2448,4757,1
2026-09-17T23:35:38Z,4418,41.4,2400,2400,2400,2400,0x0,26,32,19,0.0,8.0,7061,7009,2448,4758,1
2026-09-17T23:35:39Z,4419,39.1,2400,2400,2400,2400,0x0,26,32,19,0.0,144.3,7061,7008,2448,4759,1
2026-09-17T23:35:40Z,4420,39.7,2400,2400,2400,2400,0x0,26,32,19,0.0,158.4,7061,7008,2448,4760,1
2026-09-17T23:35:41Z,4421,40.2,2400,2400,2400,2400,0x0,26,32,19,0.0,28.3,7061,7008,2448,4761,1
2026-09-17T23:35:42Z,4422,39.7,2400,2400,2400,2400,0x0,26,32,19,0.0,0.0,7061,7008,2448,4762,1
2026-09-17T23:35:43Z,4423,41.4,2400,2400,2400,2400,0x0,26,32,19,0.0,6.7,7061,7008,2448,4763,1
2026-09-17T23:35:44Z,4424,40.8,2400,2400,2400,2400,0x0,26,32,19,0.0,138.3,7061,7008,2448,4764,1
2026-09-17T23:35:45Z,4425,40.8,2400,2400,2400,2400,0x0,26,32,19,0.0,142.1,7061,7008,2448,4765,1
2026-09-17T23:35:46Z,4426,40.2,2400,2400,2400,2400,0x0,26,32,19,0.0,68.2,7061,7008,2448,4766,1
2026-09-17T23:35:48Z,4427,40.2,2400,2400,2400,2400,0x0,26,32,19,0.0,0.0,7061,7008,2448,4767,1
2026-09-17T23:35:49Z,4429,40.8,2400,2400,2400,2400,0x0,26,32,19,0.0,0.1,7061,7008,2448,4769,1
2026-09-17T23:35:50Z,4430,39.7,2400,2400,2400,2400,0x0,26,32,19,0.0,125.5,7061,7008,2448,4770,1
2026-09-17T23:35:51Z,4431,40.8,2400,2400,2400,2400,0x0,26,32,19,0.0,146.3,7061,7008,2448,4771,1
2026-09-17T23:35:52Z,4432,39.7,2400,2400,2400,2400,0x0,26,32,19,0.0,83.3,7061,7008,2448,4772,1
2026-09-17T23:35:53Z,4433,40.2,2400,2400,2400,2400,0x0,26,32,19,0.0,0.0,7061,7008,2448,4773,1
2026-09-17T23:35:54Z,4434,40.2,2400,2400,2400,2400,0x0,26,32,19,0.0,28.6,7061,7008,2448,4774,1
2026-09-17T23:35:55Z,4435,40.8,2400,2400,2400,2400,0x0,26,32,19,0.0,141.3,7061,7008,2448,4775,1
2026-09-17T23:35:56Z,4436,40.8,2400,2400,2400,2400,0x0,26,32,19,0.0,143.2,7061,7008,2448,4776,1
2026-09-17T23:35:57Z,4437,39.1,2400,2400,2400,2400,0x0,26,32,19,0.0,9.8,7061,7008,2448,4777,1
2026-09-17T23:35:58Z,4438,40.8,2400,2400,2400,2400,0x0,26,32,19,0.0,0.0,7061,7008,2448,4778,1
2026-09-17T23:35:59Z,4439,41.4,2400,2400,2400,2400,0x0,26,32,19,0.0,11.7,7061,7008,2448,4779,1
2026-09-17T23:36:00Z,4440,40.8,2400,2400,2400,2400,0x0,26,32,19,0.0,141.5,7061,7007,2448,4780,1
2026-09-17T23:36:01Z,4441,40.8,2400,2400,2400,2400,0x0,26,32,19,0.0,145.8,7061,7007,2448,4781,1
2026-09-17T23:36:03Z,4442,39.7,2400,2400,2400,2400,0x0,26,32,19,0.0,56.1,7061,7007,2448,4782,1
2026-09-17T23:36:04Z,4444,39.7,2400,2400,2400,2400,0x0,26,32,19,0.0,0.0,7061,7007,2448,4783,1
2026-09-17T23:36:05Z,4445,40.8,2400,2400,2400,2400,0x0,26,32,19,0.0,58.2,7061,7007,2448,4785,1
2026-09-17T23:36:06Z,4446,41.4,2400,2400,2400,2400,0x0,26,32,19,0.0,144.9,7061,7007,2448,4786,1
2026-09-17T23:36:07Z,4447,41.4,2400,2400,2400,2400,0x0,26,32,19,0.0,119.7,7061,7007,2448,4787,1
2026-09-17T23:36:08Z,4448,40.2,2400,2400,2400,2400,0x0,26,32,19,0.0,0.0,7061,7007,2448,4788,1
2026-09-17T23:36:09Z,4449,40.8,2400,2400,2400,2400,0x0,26,32,19,0.0,0.1,7061,7007,2448,4789,1
2026-09-17T23:36:10Z,4450,40.2,2400,2400,2400,2400,0x0,26,32,19,0.0,91.2,7061,7007,2448,4790,1
2026-09-17T23:36:11Z,4451,39.1,2400,2400,2400,2400,0x0,26,32,19,0.0,140.1,7061,7006,2448,4791,1
2026-09-17T23:36:12Z,4452,40.2,2400,2400,2400,2400,0x0,26,32,19,0.0,91.5,7061,7006,2448,4792,1
2026-09-17T23:36:13Z,4453,40.2,2400,2400,2400,2400,0x0,26,32,19,0.0,0.0,7061,7006,2448,4793,1
2026-09-17T23:36:14Z,4454,39.7,2400,2400,2400,2400,0x0,26,32,19,0.0,0.1,7061,7006,2448,4794,1
2026-09-17T23:36:16Z,4455,40.8,2400,2400,2400,2400,0x0,26,32,19,0.0,114.3,7061,7006,2448,4795,1
2026-09-17T23:36:17Z,4457,39.7,2400,2400,2400,2400,0x0,26,32,19,0.0,70.6,7061,7006,2448,4797,1
2026-09-17T23:36:18Z,4458,39.7,2400,2400,2400,2400,0x0,26,32,19,0.0,83.5,7061,7006,2448,4798,1
2026-09-17T23:36:19Z,4459,39.7,2400,2400,2400,2400,0x0,26,32,19,0.0,0.0,7061,7006,2448,4799,1
2026-09-17T23:36:20Z,4460,40.2,2400,2400,2400,2400,0x0,26,32,19,0.0,17.6,7061,7006,2448,4800,1
2026-09-17T23:36:21Z,4461,39.1,2400,2400,2400,2400,0x0,26,32,19,0.0,141.4,7061,7006,2448,4801,1
2026-09-17T23:36:22Z,4462,39.1,2400,2400,2400,2400,0x0,26,32,19,0.0,140.1,7061,7006,2448,4802,1
2026-09-17T23:36:23Z,4463,41.9,2400,2400,2400,2400,0x0,26,32,19,0.0,40.0,7061,7006,2448,4803,1
2026-09-17T23:36:24Z,4464,40.8,2400,2400,2400,2400,0x0,26,32,19,0.0,0.0,7061,7006,2448,4804,1
2026-09-17T23:36:25Z,4465,40.2,2400,2400,2400,2400,0x0,26,32,19,0.0,0.1,7061,7006,2448,4805,1
2026-09-17T23:36:26Z,4466,40.8,2400,2400,2400,2400,0x0,26,32,19,0.0,143.4,7061,7006,2448,4806,1
2026-09-17T23:36:27Z,4467,41.4,2400,2400,2400,2400,0x0,26,32,19,0.0,141.4,7061,7006,2448,4807,1
2026-09-17T23:36:28Z,4468,40.2,2400,2400,2400,2400,0x0,26,32,19,0.0,54.2,7061,7006,2448,4808,1
2026-09-17T23:36:29Z,4469,40.2,2400,2400,2400,2400,0x0,26,32,19,0.0,0.0,7061,7006,2448,4809,1
2026-09-17T23:36:31Z,4470,41.9,2400,2400,2400,2400,0x0,26,32,19,0.0,43.4,7061,7006,2448,4810,1
2026-09-17T23:36:32Z,4472,40.8,2400,2400,2400,2400,0x0,26,32,19,0.0,71.3,7061,7006,2448,4812,1
2026-09-17T23:36:33Z,4473,40.2,2400,2400,2400,2400,0x0,26,32,19,0.0,145.3,7061,7005,2448,4813,1
2026-09-17T23:36:34Z,4474,39.7,2400,2400,2400,2400,0x0,26,32,19,0.0,7.7,7061,7005,2448,4814,1
2026-09-17T23:36:35Z,4475,39.1,2400,2400,2400,2400,0x0,26,32,19,0.0,0.1,7061,7005,2448,4815,1
2026-09-17T23:36:36Z,4476,39.1,2400,2400,2400,2400,0x0,26,32,19,0.0,88.3,7061,7005,2448,4816,1
2026-09-17T23:36:37Z,4477,39.1,2400,2400,2400,2400,0x0,26,32,19,0.0,144.6,7061,7005,2448,4817,1
2026-09-17T23:36:38Z,4478,41.4,2400,2400,2400,2400,0x0,26,32,19,0.0,90.0,7061,7005,2448,4818,1
2026-09-17T23:36:39Z,4479,40.2,2400,2400,2400,2400,0x0,26,32,19,0.0,0.0,7061,7005,2448,4819,1
2026-09-17T23:36:40Z,4480,40.2,2400,2400,2400,2400,0x0,26,32,19,0.0,0.0,7061,7005,2448,4820,1
2026-09-17T23:36:41Z,4481,40.2,2400,2400,2400,2400,0x0,26,32,19,0.0,71.0,7061,7005,2448,4821,1
2026-09-17T23:36:42Z,4482,39.7,2400,2400,2400,2400,0x0,26,32,19,0.0,144.4,7061,7005,2448,4822,1
2026-09-17T23:36:43Z,4483,39.1,2400,2400,2400,2400,0x0,26,32,19,0.0,123.7,7061,7004,2448,4823,1
2026-09-17T23:36:44Z,4484,40.8,2400,2400,2400,2400,0x0,26,32,19,0.0,0.0,7061,7004,2448,4824,1
2026-09-17T23:36:46Z,4485,39.7,2400,2400,2400,2400,0x0,26,32,19,0.0,0.0,7061,7004,2448,4825,1
2026-09-17T23:36:47Z,4487,40.8,2400,2400,2400,2400,0x0,26,32,19,0.0,53.7,7061,7004,2448,4827,1
2026-09-17T23:36:48Z,4488,40.2,2400,2400,2400,2400,0x0,26,32,19,0.0,140.7,7061,7004,2448,4828,1
2026-09-17T23:36:49Z,4489,41.9,2400,2400,2400,2400,0x0,26,32,19,0.0,90.9,7061,7004,2448,4829,1
2026-09-17T23:36:50Z,4490,40.8,2400,2400,2400,2400,0x0,26,32,19,0.0,0.0,7061,7004,2448,4830,1
2026-09-17T23:36:51Z,4491,41.4,2400,2400,2400,2400,0x0,26,32,19,0.0,11.1,7061,7004,2448,4831,1
2026-09-17T23:36:52Z,4492,40.8,2400,2400,2400,2400,0x0,26,32,19,0.0,140.5,7061,7004,2448,4832,1
2026-09-17T23:36:53Z,4493,41.4,2400,2400,2400,2400,0x0,26,32,19,0.0,144.4,7061,7004,2448,4833,1
2026-09-17T23:36:54Z,4494,39.7,2400,2400,2400,2400,0x0,26,32,19,0.0,26.8,7061,7004,2448,4834,1
2026-09-17T23:36:55Z,4495,39.7,2400,2400,2400,2400,0x0,26,32,19,0.0,0.0,7061,7004,2448,4835,1
2026-09-17T23:36:56Z,4496,40.2,2400,2400,2400,2400,0x0,26,32,19,0.0,11.1,7061,7004,2448,4836,1
2026-09-17T23:36:57Z,4497,39.7,2400,2400,2400,2400,0x0,26,32,19,0.0,145.2,7061,7004,2448,4837,1
2026-09-17T23:36:58Z,4498,40.8,2400,2400,2400,2400,0x0,26,32,19,0.0,136.8,7061,7004,2448,4838,1
2026-09-17T23:36:59Z,4499,40.2,2400,2400,2400,2400,0x0,26,32,19,0.0,45.9,7061,7004,2448,4839,1
2026-09-17T23:37:01Z,4500,40.2,2400,2400,2400,2400,0x0,26,32,19,0.0,0.0,7061,7004,2448,4840,1
2026-09-17T23:37:02Z,4502,39.1,2400,2400,2400,2400,0x0,26,32,19,0.0,0.1,7061,7004,2448,4842,1
2026-09-17T23:37:03Z,4503,39.1,2400,2400,2400,2400,0x0,26,32,19,0.0,129.1,7061,7004,2448,4843,1
2026-09-17T23:37:04Z,4504,39.7,2400,2400,2400,2400,0x0,26,32,19,0.0,147.8,7061,7004,2448,4844,1
2026-09-17T23:37:05Z,4505,39.7,2400,2400,2400,2400,0x0,26,32,19,0.0,78.2,7061,7003,2448,4845,1
2026-09-17T23:37:06Z,4506,40.2,2400,2400,2400,2400,0x0,26,32,19,0.0,0.0,7061,7003,2448,4846,1
2026-09-17T23:37:07Z,4507,39.7,2400,2400,2400,2400,0x0,26,32,19,0.0,31.2,7061,7003,2448,4847,1
2026-09-17T23:37:08Z,4508,39.1,2400,2400,2400,2400,0x0,26,32,19,0.0,143.9,7061,7003,2448,4848,1
2026-09-17T23:37:09Z,4509,39.1,2400,2400,2400,2400,0x0,26,32,19,0.0,138.8,7061,7003,2448,4849,1
2026-09-17T23:37:10Z,4510,40.8,2400,2400,2400,2400,0x0,26,32,19,0.0,9.0,7061,7003,2448,4850,1
2026-09-17T23:37:11Z,4511,39.7,2400,2400,2400,2400,0x0,26,32,19,0.0,0.0,7061,7003,2448,4851,1
2026-09-17T23:37:12Z,4512,40.8,2400,2400,2400,2400,0x0,26,32,19,0.0,73.1,7061,7003,2448,4852,1
2026-09-17T23:37:13Z,4513,40.8,2400,2400,2400,2400,0x0,26,32,19,0.0,145.2,7061,7003,2448,4853,1
2026-09-17T23:37:14Z,4514,40.2,2400,2400,2400,2400,0x0,26,32,19,0.0,120.8,7061,7003,2448,4854,1
2026-09-17T23:37:16Z,4515,40.2,2400,2400,2400,2400,0x0,26,32,19,0.0,0.0,7061,7003,2448,4855,1
2026-09-17T23:37:17Z,4517,41.4,2400,2400,2400,2400,0x0,26,32,19,0.0,0.0,7061,7003,2448,4857,1
2026-09-17T23:37:18Z,4518,40.8,2400,2400,2400,2400,0x0,26,32,19,0.0,121.5,7061,7003,2448,4858,1
2026-09-17T23:37:19Z,4519,40.2,2400,2400,2400,2400,0x0,26,32,19,0.0,143.5,7061,7003,2448,4859,1
2026-09-17T23:37:20Z,4520,39.1,2400,2400,2400,2400,0x0,26,32,19,0.0,57.8,7061,7003,2448,4860,1
2026-09-17T23:37:21Z,4521,40.2,2400,2400,2400,2400,0x0,26,32,19,0.0,0.0,7061,7003,2448,4861,1
2026-09-17T23:37:22Z,4522,40.8,2400,2400,2400,2400,0x0,26,32,19,0.0,27.4,7061,7003,2448,4862,1
2026-09-17T23:37:23Z,4523,41.4,2400,2400,2400,2400,0x0,26,32,19,0.0,139.7,7061,7003,2448,4863,1
2026-09-17T23:37:24Z,4524,40.2,2400,2400,2400,2400,0x0,26,32,19,0.0,141.4,7061,7003,2448,4864,1
2026-09-17T23:37:25Z,4525,41.9,2400,2400,2400,2400,0x0,26,32,19,0.0,14.4,7061,7003,2448,4865,1
2026-09-17T23:37:26Z,4526,40.8,2400,2400,2400,2400,0x0,26,32,19,0.0,0.0,7061,7002,2448,4866,1
2026-09-17T23:37:27Z,4527,40.8,2400,2400,2400,2400,0x0,26,32,19,0.0,70.3,7061,7002,2448,4867,1
2026-09-17T23:37:28Z,4528,41.4,2400,2400,2400,2400,0x0,26,32,19,0.0,141.0,7061,7002,2448,4868,1
2026-09-17T23:37:29Z,4529,40.8,2400,2400,2400,2400,0x0,26,32,19,0.0,111.6,7061,7002,2448,4869,1
2026-09-17T23:37:30Z,4530,41.9,2400,2400,2400,2400,0x0,26,32,19,0.0,0.0,7061,7002,2448,4870,1
2026-09-17T23:37:32Z,4532,39.1,2400,2400,2400,2400,0x0,26,32,19,0.0,0.0,7061,7002,2448,4871,1
2026-09-17T23:37:33Z,4533,40.2,2400,2400,2400,2400,0x0,26,32,19,0.0,95.6,7061,7002,2448,4873,1
2026-09-17T23:37:34Z,4534,40.8,2400,2400,2400,2400,0x0,26,32,19,0.0,143.1,7061,7002,2448,4874,1
2026-09-17T23:37:35Z,4535,39.1,2400,2400,2400,2400,0x0,26,32,19,0.0,84.2,7061,7002,2448,4875,1
2026-09-17T23:37:36Z,4536,40.8,2400,2400,2400,2400,0x0,26,32,19,0.0,0.0,7061,7002,2448,4876,1
2026-09-17T23:37:37Z,4537,40.2,2400,2400,2400,2400,0x0,26,32,19,0.0,0.0,7061,7001,2448,4877,1
2026-09-17T23:37:38Z,4538,40.8,2400,2400,2400,2400,0x0,26,32,19,0.0,103.5,7061,7001,2448,4878,1
2026-09-17T23:37:39Z,4539,39.7,2400,2400,2400,2400,0x0,26,32,19,0.0,144.3,7061,7001,2448,4879,1
2026-09-17T23:37:40Z,4540,38.6,2400,2400,2400,2400,0x0,26,32,19,0.0,91.3,7061,7001,2448,4880,1
2026-09-17T23:37:41Z,4541,39.7,2400,2400,2400,2400,0x0,26,32,19,0.0,0.0,7061,7001,2448,4881,1
2026-09-17T23:37:42Z,4542,41.4,2400,2400,2400,2400,0x0,26,32,19,0.0,6.7,7061,7001,2448,4882,1
2026-09-17T23:37:43Z,4543,39.7,2400,2400,2400,2400,0x0,26,32,19,0.0,141.4,7061,7001,2448,4883,1
2026-09-17T23:37:44Z,4544,40.8,2400,2400,2400,2400,0x0,26,32,19,0.0,143.7,7061,7001,2448,4884,1
2026-09-17T23:37:45Z,4545,39.7,2400,2400,2400,2400,0x0,26,32,19,0.0,47.2,7061,7001,2448,4885,1
2026-09-17T23:37:47Z,4546,40.2,2400,2400,2400,2400,0x0,26,32,19,0.0,0.0,7061,7001,2448,4886,1
2026-09-17T23:37:48Z,4548,40.2,2400,2400,2400,2400,0x0,26,32,19,0.0,0.1,7061,7001,2448,4888,1
2026-09-17T23:37:49Z,4549,40.2,2400,2400,2400,2400,0x0,26,32,19,0.0,136.3,7061,7001,2448,4889,1
2026-09-17T23:37:50Z,4550,40.2,2400,2400,2400,2400,0x0,26,32,19,0.0,144.2,7061,7001,2448,4890,1
2026-09-17T23:37:51Z,4551,40.8,2400,2400,2400,2400,0x0,26,32,19,0.0,58.4,7061,7001,2448,4891,1
2026-09-17T23:37:52Z,4552,39.1,2400,2400,2400,2400,0x0,26,32,19,0.0,0.0,7061,7001,2448,4892,1
2026-09-17T23:37:53Z,4553,41.4,2400,2400,2400,2400,0x0,26,32,19,0.0,39.0,7061,7001,2448,4893,1
2026-09-17T23:37:54Z,4554,39.7,2400,2400,2400,2400,0x0,26,32,19,0.0,137.2,7061,7001,2448,4894,1
2026-09-17T23:37:55Z,4555,39.7,2400,2400,2400,2400,0x0,26,32,19,0.0,143.7,7061,7001,2448,4895,1
2026-09-17T23:37:56Z,4556,40.8,2400,2400,2400,2400,0x0,26,32,19,0.0,19.2,7061,7001,2448,4896,1
2026-09-17T23:37:57Z,4557,40.8,2400,2400,2400,2400,0x0,26,32,19,0.0,0.0,7061,7001,2448,4897,1
2026-09-17T23:37:58Z,4558,40.8,2400,2400,2400,2400,0x0,26,32,19,0.0,75.2,7061,7000,2448,4898,1
2026-09-17T23:37:59Z,4559,40.8,2400,2400,2400,2400,0x0,26,32,19,0.0,143.1,7061,7000,2448,4899,1
2026-09-17T23:38:00Z,4560,39.1,2400,2400,2400,2400,0x0,26,32,19,0.0,104.6,7061,7000,2448,4900,1
2026-09-17T23:38:02Z,4561,40.2,2400,2400,2400,2400,0x0,26,32,19,0.0,0.0,7061,7000,2448,4901,1
2026-09-17T23:38:03Z,4563,40.2,2400,2400,2400,2400,0x0,26,32,19,0.0,0.0,7061,7000,2448,4903,1
2026-09-17T23:38:04Z,4564,40.2,2400,2400,2400,2400,0x0,26,32,19,0.0,131.1,7061,7000,2448,4904,1
2026-09-17T23:38:05Z,4565,40.2,2400,2400,2400,2400,0x0,26,32,19,0.0,141.0,7061,7000,2448,4905,1
2026-09-17T23:38:06Z,4566,39.7,2400,2400,2400,2400,0x0,26,32,19,0.0,34.8,7061,7000,2448,4906,1
2026-09-17T23:38:07Z,4567,40.2,2400,2400,2400,2400,0x0,26,32,19,0.0,0.0,7061,7000,2448,4907,1
2026-09-17T23:38:08Z,4568,41.4,2400,2400,2400,2400,0x0,26,32,19,0.0,100.8,7061,7000,2448,4908,1
2026-09-17T23:38:09Z,4569,40.2,2400,2400,2400,2400,0x0,26,32,19,0.0,129.5,7061,6999,2448,4909,1
2026-09-17T23:38:10Z,4570,40.8,2400,2400,2400,2400,0x0,26,32,19,0.0,76.5,7061,6999,2448,4910,1
2026-09-17T23:38:11Z,4571,40.2,2400,2400,2400,2400,0x0,26,32,19,0.0,0.0,7061,6999,2448,4911,1
2026-09-17T23:38:12Z,4572,40.8,2400,2400,2400,2400,0x0,26,32,19,0.0,9.7,7061,6999,2448,4912,1
2026-09-17T23:38:13Z,4573,40.8,2400,2400,2400,2400,0x0,26,32,19,0.0,136.4,7061,6999,2448,4913,1
2026-09-17T23:38:14Z,4574,40.2,2400,2400,2400,2400,0x0,26,32,19,0.0,142.2,7061,6999,2448,4914,1
2026-09-17T23:38:15Z,4575,41.4,2400,2400,2400,2400,0x0,26,32,19,0.0,18.5,7061,6999,2448,4915,1
2026-09-17T23:38:17Z,4576,39.1,2400,2400,2400,2400,0x0,26,32,19,0.0,0.0,7061,6999,2448,4916,1
2026-09-17T23:38:18Z,4578,40.8,2400,2400,2400,2400,0x0,26,32,19,0.0,57.8,7061,6999,2448,4918,1
2026-09-17T23:38:19Z,4579,40.2,2400,2400,2400,2400,0x0,26,32,19,0.0,132.1,7061,6999,2448,4919,1
2026-09-17T23:38:20Z,4580,40.2,2400,2400,2400,2400,0x0,26,32,19,0.0,59.0,7061,6999,2448,4920,1
2026-09-17T23:38:21Z,4581,39.1,2400,2400,2400,2400,0x0,26,32,19,0.0,0.0,7061,6999,2448,4921,1
2026-09-17T23:38:22Z,4582,40.2,2400,2400,2400,2400,0x0,26,32,19,0.0,31.1,7061,6999,2448,4922,1
2026-09-17T23:38:23Z,4583,39.7,2400,2400,2400,2400,0x0,26,32,19,0.0,144.3,7061,6999,2448,4923,1
2026-09-17T23:38:24Z,4584,40.2,2400,2400,2400,2400,0x0,26,32,19,0.0,131.4,7061,6999,2448,4924,1
2026-09-17T23:38:25Z,4585,40.8,2400,2400,2400,2400,0x0,26,32,19,0.0,0.0,7061,6999,2448,4925,1
2026-09-17T23:38:26Z,4586,40.2,2400,2400,2400,2400,0x0,26,32,19,0.0,0.0,7061,6999,2448,4926,1
2026-09-17T23:38:27Z,4587,40.8,2400,2400,2400,2400,0x0,26,32,19,0.0,78.7,7061,6999,2448,4927,1
2026-09-17T23:38:28Z,4588,40.8,2400,2400,2400,2400,0x0,26,32,19,0.0,136.2,7061,6999,2448,4928,1
2026-09-17T23:38:29Z,4589,41.4,2400,2400,2400,2400,0x0,26,32,19,0.0,108.0,7061,6999,2448,4929,1
2026-09-17T23:38:30Z,4590,40.2,2400,2400,2400,2400,0x0,26,32,19,0.0,0.0,7061,6998,2448,4930,1
2026-09-17T23:38:32Z,4591,40.2,2400,2400,2400,2400,0x0,26,32,19,0.0,44.6,7061,6998,2448,4931,1
2026-09-17T23:38:33Z,4593,40.8,2400,2400,2400,2400,0x0,26,32,19,0.0,69.1,7061,6998,2448,4933,1
2026-09-17T23:38:34Z,4594,40.8,2400,2400,2400,2400,0x0,26,32,19,0.0,123.9,7061,6998,2448,4934,1
2026-09-17T23:38:35Z,4595,39.1,2400,2400,2400,2400,0x0,26,32,19,0.0,0.0,7061,6998,2448,4935,1
2026-09-17T23:38:36Z,4596,40.8,2400,2400,2400,2400,0x0,26,32,19,0.0,0.0,7061,6998,2448,4936,1
2026-09-17T23:38:37Z,4597,40.8,2400,2400,2400,2400,0x0,26,32,19,0.0,89.1,7061,6998,2448,4937,1
2026-09-17T23:38:38Z,4598,40.2,2400,2400,2400,2400,0x0,26,32,19,0.0,143.8,7061,6998,2448,4938,1
2026-09-17T23:38:39Z,4599,40.2,2400,2400,2400,2400,0x0,26,32,19,0.0,74.0,7061,6998,2448,4939,1
2026-09-17T23:38:40Z,4600,41.4,2400,2400,2400,2400,0x0,26,32,19,0.0,0.0,7061,6998,2448,4940,1
2026-09-17T23:38:41Z,4601,40.2,2400,2400,2400,2400,0x0,26,32,19,0.0,0.0,7061,6997,2448,4941,1
2026-09-17T23:38:42Z,4602,41.4,2400,2400,2400,2400,0x0,26,32,19,0.0,141.4,7061,6997,2448,4942,1
2026-09-17T23:38:43Z,4603,41.4,2400,2400,2400,2400,0x0,26,32,19,0.0,145.6,7061,6997,2448,4943,1
2026-09-17T23:38:44Z,4604,39.7,2400,2400,2400,2400,0x0,26,32,19,0.0,35.9,7061,6997,2448,4944,1
2026-09-17T23:38:45Z,4605,40.8,2400,2400,2400,2400,0x0,26,32,19,0.0,0.0,7061,6997,2448,4945,1
2026-09-17T23:38:47Z,4607,41.4,2400,2400,2400,2400,0x0,26,32,19,0.0,22.3,7061,6997,2448,4946,1
2026-09-17T23:38:48Z,4608,40.8,2400,2400,2400,2400,0x0,26,32,19,0.0,141.4,7061,6997,2448,4948,1
2026-09-17T23:38:49Z,4609,41.4,2400,2400,2400,2400,0x0,26,32,19,0.0,150.6,7061,6997,2448,4949,1
2026-09-17T23:38:50Z,4610,40.8,2400,2400,2400,2400,0x0,26,32,19,0.0,2.5,7061,6997,2448,4950,1
2026-09-17T23:38:51Z,4611,40.2,2400,2400,2400,2400,0x0,26,32,19,0.0,0.0,7061,6997,2448,4951,1
2026-09-17T23:38:52Z,4612,40.8,2400,2400,2400,2400,0x0,26,32,19,0.0,102.2,7061,6997,2448,4952,1
2026-09-17T23:38:53Z,4613,40.8,2400,2400,2400,2400,0x0,26,32,19,0.0,166.7,7061,6997,2448,4953,1
2026-09-17T23:38:54Z,4614,39.7,2400,2400,2400,2400,0x0,26,32,19,0.0,37.8,7061,6997,2448,4954,1
2026-09-17T23:38:55Z,4615,39.1,2400,2400,2400,2400,0x0,26,32,19,0.0,0.0,7061,6997,2448,4955,1
2026-09-17T23:38:56Z,4616,40.8,2400,2400,2400,2400,0x0,26,32,19,0.0,94.3,7061,6997,2448,4956,1
2026-09-17T23:38:57Z,4617,40.8,2400,2400,2400,2400,0x0,26,32,19,0.0,142.7,7061,6997,2448,4957,1
2026-09-17T23:38:59Z,4618,40.2,2400,2400,2400,2400,0x0,26,32,19,0.0,53.5,7061,6997,2448,4958,1
2026-09-17T23:39:00Z,4620,39.7,2400,2400,2400,2400,0x0,26,32,19,0.0,0.1,7061,6997,2448,4960,1
2026-09-17T23:39:01Z,4621,40.2,2400,2400,2400,2400,0x0,26,32,19,0.0,68.7,7061,6997,2448,4961,1
2026-09-17T23:39:02Z,4622,40.2,2400,2400,2400,2400,0x0,26,32,19,0.0,142.8,7061,6997,2448,4962,1
2026-09-17T23:39:03Z,4623,39.7,2400,2400,2400,2400,0x0,26,32,19,0.0,78.9,7061,6996,2448,4963,1
2026-09-17T23:39:04Z,4624,39.7,2400,2400,2400,2400,0x0,26,32,19,0.0,0.1,7061,6996,2448,4964,1
2026-09-17T23:39:05Z,4625,40.2,2400,2400,2400,2400,0x0,26,32,19,0.0,34.9,7061,6996,2448,4965,1
2026-09-17T23:39:06Z,4626,41.4,2400,2400,2400,2400,0x0,26,32,19,0.0,142.6,7061,6996,2448,4966,1
2026-09-17T23:39:07Z,4627,41.9,2400,2400,2400,2400,0x0,26,32,19,0.0,129.1,7061,6996,2448,4967,1
2026-09-17T23:39:08Z,4628,40.8,2400,2400,2400,2400,0x0,26,32,19,0.0,0.0,7061,6996,2448,4968,1
2026-09-17T23:39:09Z,4629,41.4,2400,2400,2400,2400,0x0,26,32,19,0.0,0.1,7061,6996,2448,4969,1
2026-09-17T23:39:10Z,4630,39.7,2400,2400,2400,2400,0x0,26,32,19,0.0,79.4,7061,6996,2448,4970,1
2026-09-17T23:39:11Z,4631,40.2,2400,2400,2400,2400,0x0,26,32,19,0.0,141.9,7061,6996,2448,4971,1
2026-09-17T23:39:12Z,4632,40.2,2400,2400,2400,2400,0x0,26,32,19,0.0,101.5,7061,6996,2448,4972,1
2026-09-17T23:39:14Z,4633,40.8,2400,2400,2400,2400,0x0,26,32,19,0.0,0.0,7061,6995,2448,4973,1
2026-09-17T23:39:15Z,4635,40.2,2400,2400,2400,2400,0x0,26,32,19,0.0,0.1,7061,6995,2448,4975,1
2026-09-17T23:39:16Z,4636,40.8,2400,2400,2400,2400,0x0,26,32,19,0.0,126.8,7061,6995,2448,4976,1
2026-09-17T23:39:17Z,4637,41.4,2400,2400,2400,2400,0x0,26,32,19,0.0,147.5,7061,6995,2448,4977,1
2026-09-17T23:39:18Z,4638,40.8,2400,2400,2400,2400,0x0,26,32,19,0.0,32.3,7061,6995,2448,4978,1
2026-09-17T23:39:19Z,4639,40.8,2400,2400,2400,2400,0x0,26,32,19,0.0,0.0,7061,6995,2448,4979,1
2026-09-17T23:39:20Z,4640,39.7,2400,2400,2400,2400,0x0,26,32,19,0.0,98.2,7061,6995,2448,4980,1
2026-09-17T23:39:21Z,4641,40.8,2400,2400,2400,2400,0x0,26,32,19,0.0,140.1,7061,6995,2448,4981,1
2026-09-17T23:39:22Z,4642,40.8,2400,2400,2400,2400,0x0,26,32,19,0.0,68.4,7061,6995,2448,4982,1
2026-09-17T23:39:23Z,4643,40.2,2400,2400,2400,2400,0x0,26,32,19,0.0,0.0,7061,6995,2448,4983,1
2026-09-17T23:39:24Z,4644,41.4,2400,2400,2400,2400,0x0,26,32,19,0.0,5.7,7061,6995,2448,4984,1
2026-09-17T23:39:25Z,4645,40.2,2400,2400,2400,2400,0x0,26,32,19,0.0,153.3,7061,6995,2448,4985,1
2026-09-17T23:39:26Z,4646,40.2,2400,2400,2400,2400,0x0,26,32,19,0.0,142.5,7061,6995,2448,4986,1
2026-09-17T23:39:28Z,4647,40.2,2400,2400,2400,2400,0x0,26,32,19,0.0,5.1,7061,6995,2448,4987,1
2026-09-17T23:39:29Z,4649,40.2,2400,2400,2400,2400,0x0,26,32,19,0.0,0.0,7061,6995,2448,4989,1
2026-09-17T23:39:30Z,4650,40.2,2400,2400,2400,2400,0x0,26,32,19,0.0,101.2,7061,6995,2448,4990,1
2026-09-17T23:39:31Z,4651,39.1,2400,2400,2400,2400,0x0,26,32,19,0.0,150.7,7061,6995,2448,4991,1
2026-09-17T23:39:32Z,4652,40.8,2400,2400,2400,2400,0x0,26,32,19,0.0,54.8,7061,6995,2448,4992,1
2026-09-17T23:39:33Z,4653,39.1,2400,2400,2400,2400,0x0,26,32,19,0.0,0.0,7061,6995,2448,4993,1
2026-09-17T23:39:34Z,4654,39.7,2400,2400,2400,2400,0x0,26,32,19,0.0,105.3,7061,6995,2448,4994,1
2026-09-17T23:39:35Z,4655,41.4,2400,2400,2400,2400,0x0,26,32,19,0.0,130.9,7061,6994,2448,4995,1
2026-09-17T23:39:36Z,4656,40.2,2400,2400,2400,2400,0x0,26,32,19,0.0,54.4,7061,6994,2448,4996,1
2026-09-17T23:39:37Z,4657,40.8,2400,2400,2400,2400,0x0,26,32,19,0.0,0.0,7061,6994,2448,4997,1
2026-09-17T23:39:38Z,4658,40.2,2400,2400,2400,2400,0x0,26,32,19,0.0,0.0,7061,6994,2448,4998,1
2026-09-17T23:39:39Z,4659,40.2,2400,2400,2400,2400,0x0,26,32,19,0.0,0.0,7061,6994,2448,4999,1
2026-09-17T23:39:41Z,4660,40.2,2400,2400,2400,2400,0x0,26,32,19,0.0,106.8,7061,6994,2448,5000,1
2026-09-17T23:39:42Z,4662,39.7,2400,2400,2400,2400,0x0,26,32,19,0.0,71.9,7061,6994,2448,5001,1
2026-09-17T23:39:43Z,4663,40.8,2400,2400,2400,2400,0x0,26,32,19,0.0,142.9,7061,6994,2448,5003,1
2026-09-17T23:39:44Z,4664,41.9,2400,2400,2400,2400,0x0,26,32,19,0.0,26.2,7061,6994,2448,5004,1
2026-09-17T23:39:45Z,4665,40.8,2400,2400,2400,2400,0x0,26,32,19,0.0,73.1,7061,6994,2448,5005,1
2026-09-17T23:39:46Z,4666,40.2,2400,2400,2400,2400,0x0,26,32,19,0.0,142.8,7061,6994,2448,5006,1
2026-09-17T23:39:47Z,4667,41.9,2400,2400,2400,2400,0x0,26,32,19,0.0,74.6,7061,6994,2448,5007,1
2026-09-17T23:39:48Z,4668,39.1,2400,2400,2400,2400,0x0,26,32,19,0.0,0.0,7061,6994,2448,5008,1
2026-09-17T23:39:49Z,4669,40.8,2400,2400,2400,2400,0x0,26,32,19,0.0,0.0,7061,6994,2448,5009,1
2026-09-17T23:39:50Z,4670,40.8,2400,2400,2400,2400,0x0,26,32,19,0.0,115.8,7061,6994,2448,5010,1
2026-09-17T23:39:51Z,4671,39.7,2400,2400,2400,2400,0x0,26,32,19,0.0,152.4,7061,6994,2448,5011,1
2026-09-17T23:39:52Z,4672,41.9,2400,2400,2400,2400,0x0,26,32,19,0.0,38.6,7061,6994,2448,5012,1
2026-09-17T23:39:53Z,4673,39.1,2400,2400,2400,2400,0x0,26,32,19,0.0,0.0,7061,6994,2448,5013,1
2026-09-17T23:39:54Z,4674,41.4,2400,2400,2400,2400,0x0,26,32,19,0.0,99.0,7061,6994,2448,5014,1
2026-09-17T23:39:56Z,4675,41.4,2400,2400,2400,2400,0x0,26,32,19,0.0,133.9,7061,6994,2448,5015,1
2026-09-17T23:39:57Z,4677,40.2,2400,2400,2400,2400,0x0,26,32,19,0.0,36.9,7061,6993,2448,5017,1
2026-09-17T23:39:58Z,4678,38.6,2400,2400,2400,2400,0x0,26,32,19,0.0,0.0,7061,6993,2448,5018,1
2026-09-17T23:39:59Z,4679,40.8,2400,2400,2400,2400,0x0,26,32,19,0.0,16.1,7061,6993,2448,5019,1
2026-09-17T23:40:00Z,4680,41.9,2400,2400,2400,2400,0x0,26,32,19,0.0,139.8,7061,6993,2448,5020,1
2026-09-17T23:40:01Z,4681,39.7,2400,2400,2400,2400,0x0,26,32,19,0.0,137.5,7061,6993,2448,5021,1
2026-09-17T23:40:02Z,4682,40.8,2400,2400,2400,2400,0x0,26,32,19,0.0,13.3,7061,6993,2448,5022,1
2026-09-17T23:40:03Z,4683,40.8,2400,2400,2400,2400,0x0,26,32,19,0.0,0.0,7061,6993,2448,5023,1
2026-09-17T23:40:04Z,4684,40.2,2400,2400,2400,2400,0x0,26,32,19,0.0,124.2,7061,6993,2448,5024,1
2026-09-17T23:40:05Z,4685,41.4,2400,2400,2400,2400,0x0,26,32,19,0.0,136.0,7061,6993,2448,5025,1
2026-09-17T23:40:06Z,4686,41.4,2400,2400,2400,2400,0x0,26,32,19,0.0,46.5,7061,6993,2448,5026,1
2026-09-17T23:40:07Z,4687,39.7,2400,2400,2400,2400,0x0,26,32,19,0.0,0.0,7061,6992,2448,5027,1
2026-09-17T23:40:08Z,4688,38.6,2400,2400,2400,2400,0x0,26,32,19,0.0,95.4,7061,6992,2448,5028,1
2026-09-17T23:40:09Z,4689,39.1,2400,2400,2400,2400,0x0,26,32,19,0.0,141.6,7061,6992,2448,5029,1
2026-09-17T23:40:11Z,4691,40.8,2400,2400,2400,2400,0x0,26,32,19,0.0,26.8,7061,6992,2448,5030,1
2026-09-17T23:40:12Z,4692,40.8,2400,2400,2400,2400,0x0,26,32,19,0.0,0.0,7061,6992,2448,5032,1
2026-09-17T23:40:13Z,4693,40.2,2400,2400,2400,2400,0x0,26,32,19,0.0,5.0,7061,6992,2448,5033,1
2026-09-17T23:40:14Z,4694,40.8,2400,2400,2400,2400,0x0,26,32,19,0.0,143.6,7061,6992,2448,5034,1
2026-09-17T23:40:15Z,4695,40.2,2400,2400,2400,2400,0x0,26,32,19,0.0,143.2,7061,6992,2448,5035,1
2026-09-17T23:40:16Z,4696,40.8,2400,2400,2400,2400,0x0,26,32,19,0.0,15.0,7061,6992,2448,5036,1
2026-09-17T23:40:17Z,4697,39.7,2400,2400,2400,2400,0x0,26,32,19,0.0,0.0,7061,6992,2448,5037,1
2026-09-17T23:40:18Z,4698,39.7,2400,2400,2400,2400,0x0,26,32,19,0.0,112.9,7061,6992,2448,5038,1
2026-09-17T23:40:19Z,4699,39.1,2400,2400,2400,2400,0x0,26,32,19,0.0,144.1,7061,6992,2448,5039,1
2026-09-17T23:40:20Z,4700,40.8,2400,2400,2400,2400,0x0,26,32,19,0.0,33.6,7061,6992,2448,5040,1
2026-09-17T23:40:21Z,4701,40.8,2400,2400,2400,2400,0x0,26,32,19,0.0,0.0,7061,6992,2448,5041,1
2026-09-17T23:40:22Z,4702,40.8,2400,2400,2400,2400,0x0,26,32,19,0.0,85.7,7061,6992,2448,5042,1
2026-09-17T23:40:23Z,4703,40.8,2400,2400,2400,2400,0x0,26,32,19,0.0,139.3,7061,6992,2448,5043,1
2026-09-17T23:40:24Z,4704,40.2,2400,2400,2400,2400,0x0,26,32,19,0.0,65.5,7061,6992,2448,5044,1
2026-09-17T23:40:26Z,4705,40.8,2400,2400,2400,2400,0x0,26,32,19,0.0,0.0,7061,6992,2448,5045,1
2026-09-17T23:40:27Z,4707,40.8,2400,2400,2400,2400,0x0,26,32,19,0.0,27.0,7061,6992,2448,5047,1
2026-09-17T23:40:28Z,4708,41.4,2400,2400,2400,2400,0x0,26,32,19,0.0,142.4,7061,6992,2448,5048,1
2026-09-17T23:40:29Z,4709,40.8,2400,2400,2400,2400,0x0,26,32,19,0.0,94.3,7061,6991,2448,5049,1
2026-09-17T23:40:30Z,4710,41.9,2400,2400,2400,2400,0x0,26,32,19,0.0,0.0,7061,6991,2448,5050,1
2026-09-17T23:40:31Z,4711,39.7,2400,2400,2400,2400,0x0,26,32,19,0.0,32.4,7061,6991,2448,5051,1
2026-09-17T23:40:32Z,4712,39.1,2400,2400,2400,2400,0x0,26,32,19,0.0,143.0,7061,6991,2448,5052,1
2026-09-17T23:40:33Z,4713,39.1,2400,2400,2400,2400,0x0,26,32,19,0.0,131.3,7061,6991,2448,5053,1
2026-09-17T23:40:34Z,4714,39.7,2400,2400,2400,2400,0x0,26,32,19,0.0,0.0,7061,6991,2448,5054,1
2026-09-17T23:40:35Z,4715,41.4,2400,2400,2400,2400,0x0,26,32,19,0.0,2.7,7061,6991,2448,5055,1
2026-09-17T23:40:36Z,4716,41.4,2400,2400,2400,2400,0x0,26,32,19,0.0,139.2,7061,6991,2448,5056,1
2026-09-17T23:40:37Z,4717,39.7,2400,2400,2400,2400,0x0,26,32,19,0.0,142.3,7061,6991,2448,5057,1
2026-09-17T23:40:38Z,4718,40.2,2400,2400,2400,2400,0x0,26,32,19,0.0,6.4,7061,6991,2448,5058,1
2026-09-17T23:40:39Z,4719,40.8,2400,2400,2400,2400,0x0,26,32,19,0.0,0.0,7061,6990,2448,5059,1
2026-09-17T23:40:41Z,4720,38.6,2400,2400,2400,2400,0x0,26,32,19,0.0,112.1,7061,6990,2448,5060,1
2026-09-17T23:40:42Z,4722,39.7,2400,2400,2400,2400,0x0,26,32,19,0.0,65.7,7061,6990,2448,5062,1
2026-09-17T23:40:43Z,4723,39.1,2400,2400,2400,2400,0x0,26,32,19,0.0,47.1,7061,6990,2448,5063,1
2026-09-17T23:40:44Z,4724,41.4,2400,2400,2400,2400,0x0,26,32,19,0.0,0.0,7061,6990,2448,5064,1
2026-09-17T23:40:45Z,4725,40.8,2400,2400,2400,2400,0x0,26,32,19,0.0,68.6,7061,6990,2448,5065,1
2026-09-17T23:40:46Z,4726,39.7,2400,2400,2400,2400,0x0,26,32,19,0.0,141.1,7061,6990,2448,5066,1
2026-09-17T23:40:47Z,4727,41.4,2400,2400,2400,2400,0x0,26,32,19,0.0,80.9,7061,6990,2448,5067,1
2026-09-17T23:40:48Z,4728,39.1,2400,2400,2400,2400,0x0,26,32,19,0.0,0.0,7061,6990,2448,5068,1
2026-09-17T23:40:49Z,4729,40.8,2400,2400,2400,2400,0x0,26,32,19,0.0,0.0,7061,6990,2448,5069,1
2026-09-17T23:40:50Z,4730,40.2,2400,2400,2400,2400,0x0,26,32,19,0.0,131.8,7061,6990,2448,5070,1
2026-09-17T23:40:51Z,4731,39.7,2400,2400,2400,2400,0x0,26,32,19,0.0,135.0,7061,6990,2448,5071,1
2026-09-17T23:40:52Z,4732,39.7,2400,2400,2400,2400,0x0,26,32,19,0.0,40.0,7061,6990,2448,5072,1
2026-09-17T23:40:53Z,4733,39.1,2400,2400,2400,2400,0x0,26,32,19,0.0,0.0,7061,6990,2448,5073,1
2026-09-17T23:40:54Z,4734,40.2,2400,2400,2400,2400,0x0,26,32,19,0.0,104.4,7061,6990,2448,5074,1
2026-09-17T23:40:56Z,4735,40.2,2400,2400,2400,2400,0x0,26,32,19,0.0,140.3,7061,6990,2448,5075,1
2026-09-17T23:40:57Z,4737,40.2,2400,2400,2400,2400,0x0,26,32,19,0.0,31.0,7061,6990,2448,5077,1
2026-09-17T23:40:58Z,4738,40.2,2400,2400,2400,2400,0x0,26,32,19,0.0,0.0,7061,6990,2448,5078,1
2026-09-17T23:40:59Z,4739,40.8,2400,2400,2400,2400,0x0,26,32,19,0.0,139.7,7061,6990,2448,5079,1
2026-09-17T23:41:00Z,4740,39.7,2400,2400,2400,2400,0x0,26,32,19,0.0,118.6,7061,6990,2448,5080,1
2026-09-17T23:41:01Z,4741,40.2,2400,2400,2400,2400,0x0,26,32,19,0.0,0.0,7061,6989,2448,5081,1
2026-09-17T23:41:02Z,4742,39.1,2400,2400,2400,2400,0x0,26,32,19,0.0,0.1,7061,6989,2448,5082,1
2026-09-17T23:41:03Z,4743,40.8,2400,2400,2400,2400,0x0,26,32,19,0.0,117.2,7061,6989,2448,5083,1
2026-09-17T23:41:04Z,4744,40.2,2400,2400,2400,2400,0x0,26,32,19,0.0,141.0,7061,6989,2448,5084,1
2026-09-17T23:41:05Z,4745,39.7,2400,2400,2400,2400,0x0,26,32,19,0.0,16.1,7061,6989,2448,5085,1
2026-09-17T23:41:06Z,4746,39.7,2400,2400,2400,2400,0x0,26,32,19,0.0,10.8,7061,6989,2448,5086,1
2026-09-17T23:41:07Z,4747,39.7,2400,2400,2400,2400,0x0,26,32,19,0.0,142.1,7061,6989,2448,5087,1
2026-09-17T23:41:08Z,4748,39.7,2400,2400,2400,2400,0x0,26,32,19,0.0,121.7,7061,6989,2448,5088,1
2026-09-17T23:41:10Z,4749,39.7,2400,2400,2400,2400,0x0,26,32,19,0.0,0.0,7061,6989,2448,5089,1
2026-09-17T23:41:11Z,4751,39.7,2400,2400,2400,2400,0x0,26,32,19,0.0,26.0,7061,6989,2448,5091,1
2026-09-17T23:41:12Z,4752,40.8,2400,2400,2400,2400,0x0,26,32,19,0.0,148.0,7061,6988,2448,5092,1
2026-09-17T23:41:13Z,4753,40.2,2400,2400,2400,2400,0x0,26,32,19,0.0,58.2,7061,6988,2448,5093,1
2026-09-17T23:41:14Z,4754,39.7,2400,2400,2400,2400,0x0,26,32,19,0.0,0.0,7061,6988,2448,5094,1
2026-09-17T23:41:15Z,4755,39.7,2400,2400,2400,2400,0x0,26,32,19,0.0,95.4,7061,6988,2448,5095,1
2026-09-17T23:41:16Z,4756,39.7,2400,2400,2400,2400,0x0,26,32,19,0.0,142.9,7061,6988,2448,5096,1
2026-09-17T23:41:17Z,4757,40.2,2400,2400,2400,2400,0x0,26,32,19,0.0,3.9,7061,6988,2448,5097,1
2026-09-17T23:41:18Z,4758,40.2,2400,2400,2400,2400,0x0,26,32,19,0.0,0.0,7061,6988,2448,5098,1
2026-09-17T23:41:19Z,4759,40.8,2400,2400,2400,2400,0x0,26,32,19,0.0,63.3,7061,6988,2448,5099,1
2026-09-17T23:41:20Z,4760,40.2,2400,2400,2400,2400,0x0,26,32,19,0.0,155.9,7061,6988,2448,5100,1
2026-09-17T23:41:21Z,4761,41.9,2400,2400,2400,2400,0x0,26,32,19,0.0,71.2,7061,6988,2448,5101,1
2026-09-17T23:41:23Z,4762,39.7,2400,2400,2400,2400,0x0,26,32,19,0.0,0.1,7061,6988,2448,5102,1
2026-09-17T23:41:24Z,4764,39.7,2400,2400,2400,2400,0x0,26,32,19,0.0,24.2,7061,6988,2448,5103,1
2026-09-17T23:41:25Z,4765,39.7,2400,2400,2400,2400,0x0,26,32,19,0.0,145.2,7061,6988,2448,5105,1
2026-09-17T23:41:26Z,4766,40.8,2400,2400,2400,2400,0x0,26,32,19,0.0,96.9,7061,6988,2448,5106,1
2026-09-17T23:41:27Z,4767,41.9,2400,2400,2400,2400,0x0,26,32,19,0.0,0.0,7061,6988,2448,5107,1
2026-09-17T23:41:28Z,4768,41.4,2400,2400,2400,2400,0x0,26,32,19,0.0,20.2,7061,6988,2448,5108,1
2026-09-17T23:41:29Z,4769,39.1,2400,2400,2400,2400,0x0,26,32,19,0.0,138.8,7061,6988,2448,5109,1
2026-09-17T23:41:30Z,4770,41.4,2400,2400,2400,2400,0x0,26,32,19,0.0,141.4,7061,6988,2448,5110,1
2026-09-17T23:41:31Z,4771,40.2,2400,2400,2400,2400,0x0,26,32,19,0.0,6.4,7061,6988,2448,5111,1
2026-09-17T23:41:32Z,4772,40.8,2400,2400,2400,2400,0x0,26,32,19,0.0,54.7,7061,6988,2448,5112,1
2026-09-17T23:41:33Z,4773,41.4,2400,2400,2400,2400,0x0,26,32,19,0.0,132.6,7061,6987,2448,5113,1
2026-09-17T23:41:34Z,4774,40.2,2400,2400,2400,2400,0x0,26,32,19,0.0,71.0,7061,6987,2448,5114,1
2026-09-17T23:41:35Z,4775,40.8,2400,2400,2400,2400,0x0,26,32,19,0.0,0.0,7061,6987,2448,5115,1
2026-09-17T23:41:37Z,4777,40.2,2400,2400,2400,2400,0x0,26,32,19,0.0,0.0,7061,6987,2448,5116,1
2026-09-17T23:41:38Z,4778,40.2,2400,2400,2400,2400,0x0,26,32,19,0.0,0.0,7061,6987,2448,5118,1
2026-09-17T23:41:39Z,4779,39.7,2400,2400,2400,2400,0x0,26,32,19,0.0,0.1,7061,6987,2448,5119,1
2026-09-17T23:41:40Z,4780,40.8,2400,2400,2400,2400,0x0,26,32,19,0.0,109.6,7061,6987,2448,5120,1
2026-09-17T23:41:41Z,4781,40.8,2400,2400,2400,2400,0x0,26,32,19,0.0,140.0,7061,6987,2448,5121,1
2026-09-17T23:41:42Z,4782,40.8,2400,2400,2400,2400,0x0,26,32,19,0.0,143.1,7061,6987,2448,5122,1
2026-09-17T23:41:43Z,4783,39.1,2400,2400,2400,2400,0x0,26,32,19,0.0,59.3,7061,6987,2448,5123,1
2026-09-17T23:41:44Z,4784,40.2,2400,2400,2400,2400,0x0,26,32,19,0.0,0.2,7061,6986,2448,5124,1
2026-09-17T23:41:45Z,4785,39.7,2400,2400,2400,2400,0x0,26,32,19,0.0,0.0,7061,6986,2448,5125,1
2026-09-17T23:41:46Z,4786,39.7,2400,2400,2400,2400,0x0,26,32,19,0.0,32.3,7061,6986,2448,5126,1
2026-09-17T23:41:47Z,4787,40.2,2400,2400,2400,2400,0x0,26,32,19,0.0,56.8,7061,6986,2448,5127,1
2026-09-17T23:41:48Z,4788,40.8,2400,2400,2400,2400,0x0,26,32,19,0.0,72.4,7061,6986,2448,5128,1
2026-09-17T23:41:49Z,4789,39.7,2400,2400,2400,2400,0x0,26,32,19,0.0,74.2,7061,6986,2448,5129,1
2026-09-17T23:41:50Z,4790,40.2,2400,2400,2400,2400,0x0,26,32,19,0.0,71.2,7061,6986,2448,5130,1
2026-09-17T23:41:52Z,4791,40.2,2400,2400,2400,2400,0x0,26,32,19,0.0,89.1,7061,6986,2448,5131,1
2026-09-17T23:41:53Z,4793,39.7,2400,2400,2400,2400,0x0,26,32,19,0.0,28.1,7061,6986,2448,5133,1
2026-09-17T23:41:54Z,4794,40.8,2400,2400,2400,2400,0x0,26,32,19,0.0,125.4,7061,6986,2448,5134,1
2026-09-17T23:41:55Z,4795,41.4,2400,2400,2400,2400,0x0,26,32,19,0.0,149.0,7061,6986,2448,5135,1
2026-09-17T23:41:56Z,4796,40.8,2400,2400,2400,2400,0x0,26,32,19,0.0,141.4,7061,6986,2448,5136,1
2026-09-17T23:41:57Z,4797,39.7,2400,2400,2400,2400,0x0,26,32,19,0.0,36.1,7061,6986,2448,5137,1
2026-09-17T23:41:58Z,4798,39.1,2400,2400,2400,2400,0x0,26,32,19,0.0,112.1,7061,6986,2448,5138,1
2026-09-17T23:41:59Z,4799,40.8,2400,2400,2400,2400,0x0,26,32,19,0.0,137.0,7061,6986,2448,5139,1
2026-09-17T23:42:00Z,4800,41.4,2400,2400,2400,2400,0x0,26,32,19,0.0,41.6,7061,6986,2448,5140,1
2026-09-17T23:42:01Z,4801,40.8,2400,2400,2400,2400,0x0,26,32,19,0.0,0.0,7061,6986,2448,5141,1
2026-09-17T23:42:02Z,4802,40.8,2400,2400,2400,2400,0x0,26,32,19,0.0,85.0,7061,6986,2448,5142,1
2026-09-17T23:42:03Z,4803,39.1,2400,2400,2400,2400,0x0,26,32,19,0.0,133.4,7061,6986,2448,5143,1
2026-09-17T23:42:04Z,4804,38.6,2400,2400,2400,2400,0x0,26,32,19,0.0,56.1,7061,6986,2448,5144,1
2026-09-17T23:42:06Z,4805,40.2,2400,2400,2400,2400,0x0,26,32,19,0.0,0.0,7061,6985,2448,5146,1
2026-09-17T23:42:07Z,4807,40.8,2400,2400,2400,2400,0x0,26,32,19,0.0,32.9,7061,6985,2448,5147,1
2026-09-17T23:42:08Z,4808,41.4,2400,2400,2400,2400,0x0,26,32,19,0.0,144.0,7061,6985,2448,5148,1
2026-09-17T23:42:09Z,4809,39.1,2400,2400,2400,2400,0x0,26,32,19,0.0,80.8,7061,6985,2448,5149,1
2026-09-17T23:42:10Z,4810,40.2,2400,2400,2400,2400,0x0,26,32,19,0.0,0.0,7061,6985,2448,5150,1
2026-09-17T23:42:11Z,4811,41.4,2400,2400,2400,2400,0x0,26,32,19,0.0,98.1,7061,6985,2448,5151,1
2026-09-17T23:42:12Z,4812,40.2,2400,2400,2400,2400,0x0,26,32,19,0.0,145.3,7061,6985,2448,5152,1
2026-09-17T23:42:13Z,4813,40.8,2400,2400,2400,2400,0x0,26,32,19,0.0,14.8,7061,6985,2448,5153,1
2026-09-17T23:42:14Z,4814,40.2,2400,2400,2400,2400,0x0,26,32,19,0.0,0.1,7061,6985,2448,5154,1
2026-09-17T23:42:15Z,4815,40.8,2400,2400,2400,2400,0x0,26,32,19,0.0,140.0,7061,6985,2448,5155,1
2026-09-17T23:42:16Z,4816,41.9,2400,2400,2400,2400,0x0,26,32,19,0.0,118.3,7061,6984,2448,5156,1
2026-09-17T23:42:17Z,4817,40.2,2400,2400,2400,2400,0x0,26,32,19,0.0,0.0,7061,6984,2448,5157,1
2026-09-17T23:42:18Z,4818,39.1,2400,2400,2400,2400,0x0,26,32,19,0.0,0.0,7061,6984,2448,5158,1
2026-09-17T23:42:20Z,4819,39.1,2400,2400,2400,2400,0x0,26,32,19,0.0,100.3,7061,6984,2448,5159,1
2026-09-17T23:42:21Z,4821,40.8,2400,2400,2400,2400,0x0,26,32,19,0.0,70.0,7061,6984,2448,5160,1
2026-09-17T23:42:22Z,4822,39.7,2400,2400,2400,2400,0x0,26,32,19,0.0,50.1,7061,6984,2448,5162,1
2026-09-17T23:42:23Z,4823,40.8,2400,2400,2400,2400,0x0,26,32,19,0.0,0.0,7061,6984,2448,5163,1
2026-09-17T23:42:24Z,4824,39.7,2400,2400,2400,2400,0x0,26,32,19,0.0,128.2,7061,6984,2448,5164,1
2026-09-17T23:42:25Z,4825,41.4,2400,2400,2400,2400,0x0,26,32,19,0.0,128.7,7061,6984,2448,5165,1
2026-09-17T23:42:26Z,4826,40.2,2400,2400,2400,2400,0x0,26,32,19,0.0,17.6,7061,6984,2448,5166,1
2026-09-17T23:42:27Z,4827,40.8,2400,2400,2400,2400,0x0,26,32,19,0.0,34.9,7061,6984,2448,5167,1
2026-09-17T23:42:28Z,4828,40.8,2400,2400,2400,2400,0x0,26,32,19,0.0,144.0,7061,6984,2448,5168,1
2026-09-17T23:42:29Z,4829,39.7,2400,2400,2400,2400,0x0,26,32,19,0.0,79.4,7061,6984,2448,5169,1
2026-09-17T23:42:30Z,4830,40.2,2400,2400,2400,2400,0x0,26,32,19,0.0,0.1,7061,6984,2448,5170,1
2026-09-17T23:42:31Z,4831,40.2,2400,2400,2400,2400,0x0,26,32,19,0.0,61.2,7061,6984,2448,5171,1
2026-09-17T23:42:32Z,4832,40.8,2400,2400,2400,2400,0x0,26,32,19,0.0,140.9,7061,6984,2448,5172,1
2026-09-17T23:42:33Z,4833,39.7,2400,2400,2400,2400,0x0,26,32,19,0.0,56.1,7061,6984,2448,5173,1
2026-09-17T23:42:34Z,4834,40.2,2400,2400,2400,2400,0x0,26,32,19,0.0,0.1,7061,6984,2448,5174,1
2026-09-17T23:42:36Z,4835,40.8,2400,2400,2400,2400,0x0,26,32,19,0.0,43.4,7061,6984,2448,5175,1
2026-09-17T23:42:37Z,4837,40.2,2400,2400,2400,2400,0x0,26,32,19,0.0,70.5,7061,6984,2448,5177,1
2026-09-17T23:42:38Z,4838,40.2,2400,2400,2400,2400,0x0,26,32,19,0.0,106.2,7061,6983,2448,5178,1
2026-09-17T23:42:39Z,4839,40.8,2400,2400,2400,2400,0x0,26,32,19,0.0,0.0,7061,6983,2448,5179,1
2026-09-17T23:42:40Z,4840,39.7,2400,2400,2400,2400,0x0,26,32,19,0.0,80.8,7061,6983,2448,5180,1
2026-09-17T23:42:41Z,4841,40.8,2400,2400,2400,2400,0x0,26,32,19,0.0,156.2,7061,6983,2448,5181,1
2026-09-17T23:42:42Z,4842,40.8,2400,2400,2400,2400,0x0,26,32,19,0.0,5.1,7061,6983,2448,5182,1
2026-09-17T23:42:43Z,4843,40.2,2400,2400,2400,2400,0x0,26,32,19,0.0,0.0,7061,6983,2448,5183,1
2026-09-17T23:42:44Z,4844,41.9,2400,2400,2400,2400,0x0,26,32,19,0.0,142.5,7061,6983,2448,5184,1
2026-09-17T23:42:45Z,4845,40.2,2400,2400,2400,2400,0x0,26,32,19,0.0,115.9,7061,6983,2448,5185,1
2026-09-17T23:42:46Z,4846,40.8,2400,2400,2400,2400,0x0,26,32,19,0.0,0.0,7061,6983,2448,5186,1
2026-09-17T23:42:47Z,4847,40.2,2400,2400,2400,2400,0x0,26,32,19,0.0,33.6,7061,6983,2448,5187,1
2026-09-17T23:42:49Z,4848,41.4,2400,2400,2400,2400,0x0,26,32,19,0.0,144.0,7061,6983,2448,5188,1
2026-09-17T23:42:50Z,4850,40.8,2400,2400,2400,2400,0x0,26,32,19,0.0,40.3,7061,6983,2448,5190,1
2026-09-17T23:42:51Z,4851,40.8,2400,2400,2400,2400,0x0,26,32,19,0.0,0.1,7061,6983,2448,5191,1
2026-09-17T23:42:52Z,4852,41.4,2400,2400,2400,2400,0x0,26,32,19,0.0,0.0,7061,6983,2448,5192,1
2026-09-17T23:42:53Z,4853,40.2,2400,2400,2400,2400,0x0,26,32,19,0.0,82.0,7061,6983,2448,5193,1
2026-09-17T23:42:54Z,4854,40.2,2400,2400,2400,2400,0x0,26,32,19,0.0,137.6,7061,6983,2448,5194,1
2026-09-17T23:42:55Z,4855,40.8,2400,2400,2400,2400,0x0,26,32,19,0.0,103.4,7061,6983,2448,5195,1
2026-09-17T23:42:56Z,4856,39.1,2400,2400,2400,2400,0x0,26,32,19,0.0,94.3,7061,6983,2448,5196,1
2026-09-17T23:42:57Z,4857,39.7,2400,2400,2400,2400,0x0,26,32,19,0.0,115.5,7061,6983,2448,5197,1
2026-09-17T23:42:58Z,4858,40.2,2400,2400,2400,2400,0x0,26,32,19,0.0,0.0,7061,6983,2448,5198,1
2026-09-17T23:42:59Z,4859,40.8,2400,2400,2400,2400,0x0,26,32,19,0.0,0.0,7061,6982,2448,5199,1
2026-09-17T23:43:00Z,4860,40.8,2400,2400,2400,2400,0x0,26,32,19,0.0,75.7,7061,6982,2448,5200,1
2026-09-17T23:43:01Z,4861,39.7,2400,2400,2400,2400,0x0,26,32,19,0.0,145.7,7061,6982,2448,5201,1
2026-09-17T23:43:02Z,4862,40.8,2400,2400,2400,2400,0x0,26,32,19,0.0,53.0,7061,6982,2448,5202,1
2026-09-17T23:43:03Z,4863,39.1,2400,2400,2400,2400,0x0,26,32,19,0.0,33.7,7061,6982,2448,5203,1
2026-09-17T23:43:05Z,4864,40.8,2400,2400,2400,2400,0x0,26,32,19,0.0,144.9,7061,6982,2448,5204,1
2026-09-17T23:43:06Z,4866,40.2,2400,2400,2400,2400,0x0,26,32,19,0.0,31.8,7061,6982,2448,5206,1
2026-09-17T23:43:07Z,4867,40.8,2400,2400,2400,2400,0x0,26,32,19,0.0,0.0,7061,6982,2448,5207,1
2026-09-17T23:43:08Z,4868,40.2,2400,2400,2400,2400,0x0,26,32,19,0.0,77.1,7061,6982,2448,5208,1
2026-09-17T23:43:09Z,4869,41.4,2400,2400,2400,2400,0x0,26,32,19,0.0,140.3,7061,6982,2448,5209,1
2026-09-17T23:43:10Z,4870,40.8,2400,2400,2400,2400,0x0,26,32,19,0.0,40.8,7061,6981,2448,5210,1
2026-09-17T23:43:11Z,4871,39.7,2400,2400,2400,2400,0x0,26,32,19,0.0,0.1,7061,6981,2448,5211,1
2026-09-17T23:43:12Z,4872,39.7,2400,2400,2400,2400,0x0,26,32,19,0.0,119.8,7061,6981,2448,5212,1
2026-09-17T23:43:13Z,4873,39.1,2400,2400,2400,2400,0x0,26,32,19,0.0,138.5,7061,6981,2448,5213,1
2026-09-17T23:43:14Z,4874,40.2,2400,2400,2400,2400,0x0,26,32,19,0.0,0.0,7061,6981,2448,5214,1
2026-09-17T23:43:15Z,4875,40.8,2400,2400,2400,2400,0x0,26,32,19,0.0,16.3,7061,6981,2448,5215,1
2026-09-17T23:43:16Z,4876,40.2,2400,2400,2400,2400,0x0,26,32,19,0.0,136.5,7061,6981,2448,5216,1
2026-09-17T23:43:17Z,4877,39.1,2400,2400,2400,2400,0x0,26,32,19,0.0,89.4,7061,6981,2448,5217,1
2026-09-17T23:43:18Z,4878,39.1,2400,2400,2400,2400,0x0,26,32,19,0.0,0.0,7061,6981,2448,5218,1
2026-09-17T23:43:20Z,4880,40.2,2400,2400,2400,2400,0x0,26,32,19,0.0,24.2,7061,6981,2448,5219,1
2026-09-17T23:43:21Z,4881,40.8,2400,2400,2400,2400,0x0,26,32,19,0.0,131.3,7061,6981,2448,5221,1
2026-09-17T23:43:22Z,4882,41.4,2400,2400,2400,2400,0x0,26,32,19,0.0,78.6,7061,6981,2448,5222,1
2026-09-17T23:43:23Z,4883,40.8,2400,2400,2400,2400,0x0,26,32,19,0.0,0.0,7061,6981,2448,5223,1
2026-09-17T23:43:24Z,4884,40.2,2400,2400,2400,2400,0x0,26,32,19,0.0,87.2,7061,6981,2448,5224,1
2026-09-17T23:43:25Z,4885,40.8,2400,2400,2400,2400,0x0,26,32,19,0.0,145.0,7061,6981,2448,5225,1
2026-09-17T23:43:26Z,4886,40.2,2400,2400,2400,2400,0x0,26,32,19,0.0,26.1,7061,6981,2448,5226,1
2026-09-17T23:43:27Z,4887,39.7,2400,2400,2400,2400,0x0,26,32,19,0.0,0.0,7061,6981,2448,5227,1
2026-09-17T23:43:28Z,4888,40.8,2400,2400,2400,2400,0x0,26,32,19,0.0,0.0,7061,6981,2448,5228,1
2026-09-17T23:43:29Z,4889,41.4,2400,2400,2400,2400,0x0,26,32,19,0.0,0.0,7061,6981,2448,5229,1
2026-09-17T23:43:30Z,4890,39.7,2400,2400,2400,2400,0x0,26,32,19,0.0,17.4,7061,6981,2448,5230,1
2026-09-17T23:43:31Z,4891,39.7,2400,2400,2400,2400,0x0,26,32,19,0.0,74.5,7061,6980,2448,5231,1
2026-09-17T23:43:32Z,4892,40.2,2400,2400,2400,2400,0x0,26,32,19,0.0,69.5,7061,6980,2448,5232,1
2026-09-17T23:43:34Z,4893,40.8,2400,2400,2400,2400,0x0,26,32,19,0.0,64.7,7061,6980,2448,5233,1
2026-09-17T23:43:35Z,4895,40.8,2400,2400,2400,2400,0x0,26,32,19,0.0,32.3,7061,6980,2448,5235,1
2026-09-17T23:43:36Z,4896,40.8,2400,2400,2400,2400,0x0,26,32,19,0.0,95.6,7061,6980,2448,5236,1
2026-09-17T23:43:37Z,4897,41.4,2400,2400,2400,2400,0x0,26,32,19,0.0,65.9,7061,6980,2448,5237,1
2026-09-17T23:43:38Z,4898,40.2,2400,2400,2400,2400,0x0,26,32,19,0.0,47.2,7061,6980,2448,5238,1
2026-09-17T23:43:39Z,4899,40.8,2400,2400,2400,2400,0x0,26,32,19,0.0,74.1,7061,6980,2448,5239,1
2026-09-17T23:43:40Z,4900,40.2,2400,2400,2400,2400,0x0,26,32,19,0.0,84.9,7061,6980,2448,5240,1
2026-09-17T23:43:41Z,4901,41.4,2400,2400,2400,2400,0x0,26,32,19,0.0,98.0,7061,6980,2448,5241,1
2026-09-17T23:43:42Z,4902,40.8,2400,2400,2400,2400,0x0,26,32,19,0.0,144.1,7061,6979,2448,5242,1
2026-09-17T23:43:43Z,4903,40.8,2400,2400,2400,2400,0x0,26,32,19,0.0,7.7,7061,6979,2448,5243,1
2026-09-17T23:43:44Z,4904,40.2,2400,2400,2400,2400,0x0,26,32,19,0.0,137.7,7061,6979,2448,5244,1
2026-09-17T23:43:45Z,4905,40.8,2400,2400,2400,2400,0x0,26,32,19,0.0,137.8,7061,6979,2448,5245,1
2026-09-17T23:43:46Z,4906,40.2,2400,2400,2400,2400,0x0,26,32,19,0.0,107.9,7061,6979,2448,5246,1
2026-09-17T23:43:48Z,4907,40.2,2400,2400,2400,2400,0x0,26,32,19,0.0,0.0,7061,6979,2448,5247,1
2026-09-17T23:43:49Z,4909,40.2,2400,2400,2400,2400,0x0,26,32,19,0.0,0.0,7061,6979,2448,5249,1
2026-09-17T23:43:50Z,4910,39.7,2400,2400,2400,2400,0x0,26,32,19,0.0,0.0,7061,6979,2448,5250,1
2026-09-17T23:43:51Z,4911,40.8,2400,2400,2400,2400,0x0,26,32,19,0.0,40.1,7061,6979,2448,5251,1
2026-09-17T23:43:52Z,4912,40.8,2400,2400,2400,2400,0x0,26,32,19,0.0,72.9,7061,6979,2448,5252,1
2026-09-17T23:43:53Z,4913,39.7,2400,2400,2400,2400,0x0,26,32,19,0.0,141.8,7061,6979,2448,5253,1
2026-09-17T23:43:54Z,4914,40.8,2400,2400,2400,2400,0x0,26,32,19,0.0,150.1,7061,6979,2448,5254,1
2026-09-17T23:43:55Z,4915,39.1,2400,2400,2400,2400,0x0,26,32,19,0.0,47.1,7061,6979,2448,5255,1
2026-09-17T23:43:56Z,4916,40.8,2400,2400,2400,2400,0x0,26,32,19,0.0,118.8,7061,6979,2448,5256,1
2026-09-17T23:43:57Z,4917,41.4,2400,2400,2400,2400,0x0,26,32,19,0.0,135.4,7061,6979,2448,5257,1
2026-09-17T23:43:58Z,4918,40.2,2400,2400,2400,2400,0x0,26,32,19,0.0,84.7,7061,6979,2448,5258,1
2026-09-17T23:43:59Z,4919,40.2,2400,2400,2400,2400,0x0,26,32,19,0.0,0.0,7061,6979,2448,5259,1
2026-09-17T23:44:00Z,4920,40.2,2400,2400,2400,2400,0x0,26,32,19,0.0,29.1,7061,6979,2448,5260,1
2026-09-17T23:44:01Z,4921,39.1,2400,2400,2400,2400,0x0,26,32,19,0.0,139.1,7061,6979,2448,5261,1
2026-09-17T23:44:03Z,4923,40.8,2400,2400,2400,2400,0x0,26,32,19,0.0,69.9,7061,6979,2448,5262,1
2026-09-17T23:44:04Z,4924,39.7,2400,2400,2400,2400,0x0,26,32,19,0.0,14.8,7061,6978,2448,5264,1
2026-09-17T23:44:05Z,4925,40.8,2400,2400,2400,2400,0x0,26,32,19,0.0,62.6,7061,6978,2448,5265,1
2026-09-17T23:44:06Z,4926,40.2,2400,2400,2400,2400,0x0,26,32,19,0.0,141.6,7061,6978,2448,5266,1
2026-09-17T23:44:07Z,4927,41.4,2400,2400,2400,2400,0x0,26,32,19,0.0,54.2,7061,6978,2448,5267,1
2026-09-17T23:44:08Z,4928,40.8,2400,2400,2400,2400,0x0,26,32,19,0.0,0.0,7061,6978,2448,5268,1
2026-09-17T23:44:09Z,4929,41.4,2400,2400,2400,2400,0x0,26,32,19,0.0,99.8,7061,6978,2448,5269,1
2026-09-17T23:44:10Z,4930,39.7,2400,2400,2400,2400,0x0,26,32,19,0.0,142.4,7061,6978,2448,5270,1
2026-09-17T23:44:11Z,4931,40.2,2400,2400,2400,2400,0x0,26,32,19,0.0,0.1,7061,6978,2448,5271,1
2026-09-17T23:44:12Z,4932,41.4,2400,2400,2400,2400,0x0,26,32,19,0.0,10.2,7061,6978,2448,5272,1
2026-09-17T23:44:13Z,4933,41.4,2400,2400,2400,2400,0x0,26,32,19,0.0,140.5,7061,6978,2448,5273,1
2026-09-17T23:44:15Z,4934,40.8,2400,2400,2400,2400,0x0,26,32,19,0.0,107.5,7061,6977,2448,5274,1
2026-09-17T23:44:16Z,4936,40.2,2400,2400,2400,2400,0x0,26,32,19,0.0,0.0,7061,6977,2448,5276,1
2026-09-17T23:44:17Z,4937,40.8,2400,2400,2400,2400,0x0,26,32,19,0.0,118.3,7061,6977,2448,5277,1
2026-09-17T23:44:18Z,4938,41.4,2400,2400,2400,2400,0x0,26,32,19,0.0,123.8,7061,6977,2448,5278,1
2026-09-17T23:44:19Z,4939,40.8,2400,2400,2400,2400,0x0,26,32,19,0.0,0.0,7061,6977,2448,5279,1
2026-09-17T23:44:20Z,4940,40.2,2400,2400,2400,2400,0x0,26,32,19,0.0,95.6,7061,6977,2448,5280,1
2026-09-17T23:44:21Z,4941,41.9,2400,2400,2400,2400,0x0,26,32,19,0.0,130.3,7061,6977,2448,5281,1
2026-09-17T23:44:22Z,4942,40.8,2400,2400,2400,2400,0x0,26,32,19,0.0,0.1,7061,6977,2448,5282,1
2026-09-17T23:44:23Z,4943,40.8,2400,2400,2400,2400,0x0,26,32,19,0.0,0.0,7061,6977,2448,5283,1
2026-09-17T23:44:24Z,4944,40.8,2400,2400,2400,2400,0x0,26,32,19,0.0,134.1,7061,6977,2448,5284,1
2026-09-17T23:44:25Z,4945,39.1,2400,2400,2400,2400,0x0,26,32,19,0.0,108.0,7061,6977,2448,5285,1
2026-09-17T23:44:26Z,4946,41.4,2400,2400,2400,2400,0x0,26,32,19,0.0,0.0,7061,6977,2448,5286,1
2026-09-17T23:44:27Z,4947,40.8,2400,2400,2400,2400,0x0,26,32,19,0.0,72.4,7061,6977,2448,5287,1
2026-09-17T23:44:28Z,4948,40.2,2400,2400,2400,2400,0x0,26,32,19,0.0,144.3,7061,6977,2448,5288,1
2026-09-17T23:44:30Z,4949,41.4,2400,2400,2400,2400,0x0,26,32,19,0.0,9.3,7061,6977,2448,5289,1
2026-09-17T23:44:31Z,4951,40.8,2400,2400,2400,2400,0x0,26,32,19,0.0,2.0,7061,6977,2448,5291,1
2026-09-17T23:44:32Z,4952,39.7,2400,2400,2400,2400,0x0,26,32,19,0.0,142.4,7061,6977,2448,5292,1
2026-09-17T23:44:33Z,4953,41.4,2400,2400,2400,2400,0x0,26,32,19,0.0,95.9,7061,6977,2448,5293,1
2026-09-17T23:44:34Z,4954,39.7,2400,2400,2400,2400,0x0,26,32,19,0.0,0.0,7061,6977,2448,5294,1
2026-09-17T23:44:35Z,4955,39.1,2400,2400,2400,2400,0x0,26,32,19,0.0,0.0,7061,6977,2448,5295,1
2026-09-17T23:44:36Z,4956,39.7,2400,2400,2400,2400,0x0,26,32,19,0.0,98.2,7061,6976,2448,5296,1
2026-09-17T23:44:37Z,4957,40.2,2400,2400,2400,2400,0x0,26,32,19,0.0,136.3,7061,6976,2448,5297,1
2026-09-17T23:44:38Z,4958,39.7,2400,2400,2400,2400,0x0,26,32,19,0.0,88.4,7061,6976,2448,5298,1
2026-09-17T23:44:39Z,4959,40.2,2400,2400,2400,2400,0x0,26,32,19,0.0,0.0,7061,6976,2448,5299,1
2026-09-17T23:44:40Z,4960,39.7,2400,2400,2400,2400,0x0,26,32,19,0.0,79.5,7061,6976,2448,5300,1
2026-09-17T23:44:41Z,4961,41.9,2400,2400,2400,2400,0x0,26,32,19,0.0,138.7,7061,6976,2448,5301,1
2026-09-17T23:44:42Z,4962,40.2,2400,2400,2400,2400,0x0,26,32,19,0.0,56.3,7061,6976,2448,5302,1
2026-09-17T23:44:43Z,4963,41.9,2400,2400,2400,2400,0x0,26,32,19,0.0,33.6,7061,6976,2448,5303,1
2026-09-17T23:44:45Z,4964,40.2,2400,2400,2400,2400,0x0,26,32,19,0.0,138.9,7061,6976,2448,5304,1
2026-09-17T23:44:46Z,4966,40.8,2400,2400,2400,2400,0x0,26,32,19,0.0,34.8,7061,6976,2448,5306,1
2026-09-17T23:44:47Z,4967,40.8,2400,2400,2400,2400,0x0,26,32,19,0.0,0.0,7061,6975,2448,5307,1
2026-09-17T23:44:48Z,4968,41.4,2400,2400,2400,2400,0x0,26,32,19,0.0,150.9,7061,6975,2448,5308,1
2026-09-17T23:44:49Z,4969,39.7,2400,2400,2400,2400,0x0,26,32,19,0.0,75.2,7061,6975,2448,5309,1
2026-09-17T23:44:50Z,4970,40.8,2400,2400,2400,2400,0x0,26,32,19,0.0,0.0,7061,6975,2448,5310,1
2026-09-17T23:44:51Z,4971,40.8,2400,2400,2400,2400,0x0,26,32,19,0.0,119.6,7061,6975,2448,5311,1
2026-09-17T23:44:52Z,4972,39.7,2400,2400,2400,2400,0x0,26,32,19,0.0,106.4,7061,6975,2448,5312,1
2026-09-17T23:44:53Z,4973,39.7,2400,2400,2400,2400,0x0,26,32,19,0.0,0.1,7061,6975,2448,5313,1
2026-09-17T23:44:54Z,4974,40.2,2400,2400,2400,2400,0x0,26,32,19,0.0,17.4,7061,6975,2448,5314,1
2026-09-17T23:44:55Z,4975,41.4,2400,2400,2400,2400,0x0,26,32,19,0.0,140.4,7061,6975,2448,5315,1
2026-09-17T23:44:56Z,4976,41.4,2400,2400,2400,2400,0x0,26,32,19,0.0,84.2,7061,6975,2448,5316,1
2026-09-17T23:44:58Z,4977,39.1,2400,2400,2400,2400,0x0,26,32,19,0.0,0.0,7061,6975,2448,5317,1
2026-09-17T23:44:59Z,4979,40.8,2400,2400,2400,2400,0x0,26,32,19,0.0,60.2,7061,6975,2448,5318,1
2026-09-17T23:45:00Z,4980,39.7,2400,2400,2400,2400,0x0,26,32,19,0.0,105.7,7061,6975,2448,5320,1
2026-09-17T23:45:01Z,4981,40.2,2400,2400,2400,2400,0x0,26,32,19,0.0,0.0,7061,6975,2448,5321,1
2026-09-17T23:45:02Z,4982,40.8,2400,2400,2400,2400,0x0,26,32,19,0.0,78.2,7061,6975,2448,5322,1
2026-09-17T23:45:03Z,4983,40.8,2400,2400,2400,2400,0x0,26,32,19,0.0,134.1,7061,6975,2448,5323,1
2026-09-17T23:45:04Z,4984,40.2,2400,2400,2400,2400,0x0,26,32,19,0.0,29.8,7061,6975,2448,5324,1
2026-09-17T23:45:05Z,4985,39.7,2400,2400,2400,2400,0x0,26,32,19,0.0,40.1,7061,6975,2448,5325,1
2026-09-17T23:45:06Z,4986,40.8,2400,2400,2400,2400,0x0,26,32,19,0.0,142.2,7061,6975,2448,5326,1
2026-09-17T23:45:07Z,4987,40.8,2400,2400,2400,2400,0x0,26,32,19,0.0,27.6,7061,6975,2448,5327,1
2026-09-17T23:45:08Z,4988,40.8,2400,2400,2400,2400,0x0,26,32,19,0.0,4.1,7061,6974,2448,5328,1
2026-09-17T23:45:09Z,4989,41.9,2400,2400,2400,2400,0x0,26,32,19,0.0,143.1,7061,6974,2448,5329,1
2026-09-17T23:45:10Z,4990,40.2,2400,2400,2400,2400,0x0,26,32,19,0.0,79.0,7061,6974,2448,5330,1
2026-09-17T23:45:11Z,4991,40.8,2400,2400,2400,2400,0x0,26,32,19,0.0,0.0,7061,6974,2448,5331,1
2026-09-17T23:45:12Z,4992,40.2,2400,2400,2400,2400,0x0,26,32,19,0.0,101.0,7061,6974,2448,5332,1
2026-09-17T23:45:14Z,4993,40.2,2400,2400,2400,2400,0x0,26,32,19,0.0,137.3,7061,6974,2448,5333,1
2026-09-17T23:45:15Z,4995,40.2,2400,2400,2400,2400,0x0,26,32,19,0.0,1.9,7061,6974,2448,5335,1
2026-09-17T23:45:16Z,4996,40.2,2400,2400,2400,2400,0x0,26,32,19,0.0,65.6,7061,6974,2448,5336,1
2026-09-17T23:45:17Z,4997,42.5,2400,2400,2400,2400,0x0,26,32,19,0.0,144.3,7061,6974,2448,5337,1
2026-09-17T23:45:18Z,4998,40.2,2400,2400,2400,2400,0x0,26,32,19,0.0,16.1,7061,6974,2448,5338,1
2026-09-17T23:45:19Z,4999,40.2,2400,2400,2400,2400,0x0,26,32,19,0.0,79.4,7061,6974,2448,5339,1
2026-09-17T23:45:20Z,5000,39.7,2400,2400,2400,2400,0x0,26,32,19,0.0,114.5,7061,6974,2448,5340,1
2026-09-17T23:45:21Z,5001,40.2,2400,2400,2400,2400,0x0,26,32,19,0.0,0.0,7061,6974,2448,5341,1
2026-09-17T23:45:22Z,5002,41.4,2400,2400,2400,2400,0x0,26,32,19,0.0,66.6,7061,6974,2448,5342,1
2026-09-17T23:45:23Z,5003,40.8,2400,2400,2400,2400,0x0,26,32,19,0.0,142.7,7061,6974,2448,5343,1
2026-09-17T23:45:24Z,5004,40.2,2400,2400,2400,2400,0x0,26,32,19,0.0,16.7,7061,6974,2448,5344,1
2026-09-17T23:45:25Z,5005,40.8,2400,2400,2400,2400,0x0,26,32,19,0.0,0.0,7061,6974,2448,5345,1
2026-09-17T23:45:26Z,5006,40.8,2400,2400,2400,2400,0x0,26,32,19,0.0,0.0,7061,6974,2448,5346,1
2026-09-17T23:45:28Z,5007,39.7,2400,2400,2400,2400,0x0,26,32,19,0.0,0.0,7061,6974,2448,5347,1
2026-09-17T23:45:29Z,5009,39.7,2400,2400,2400,2400,0x0,26,32,19,0.0,0.0,7061,6974,2448,5349,1
2026-09-17T23:45:30Z,5010,41.4,2400,2400,2400,2400,0x0,26,32,19,0.0,64.6,7061,6973,2448,5350,1
2026-09-17T23:45:31Z,5011,40.8,2400,2400,2400,2400,0x0,26,32,19,0.0,70.7,7061,6973,2448,5351,1
2026-09-17T23:45:32Z,5012,39.1,2400,2400,2400,2400,0x0,26,32,19,0.0,73.4,7061,6973,2448,5352,1
2026-09-17T23:45:33Z,5013,39.1,2400,2400,2400,2400,0x0,26,32,19,0.0,56.4,7061,6973,2448,5353,1
2026-09-17T23:45:34Z,5014,40.2,2400,2400,2400,2400,0x0,26,32,19,0.0,76.6,7061,6973,2448,5354,1
2026-09-17T23:45:35Z,5015,40.8,2400,2400,2400,2400,0x0,26,32,19,0.0,110.3,7061,6973,2448,5355,1
2026-09-17T23:45:36Z,5016,40.2,2400,2400,2400,2400,0x0,26,32,19,0.0,32.3,7061,6973,2448,5356,1
2026-09-17T23:45:37Z,5017,39.7,2400,2400,2400,2400,0x0,26,32,19,0.0,48.4,7061,6973,2448,5357,1
2026-09-17T23:45:38Z,5018,39.7,2400,2400,2400,2400,0x0,26,32,19,0.0,70.0,7061,6973,2448,5358,1
2026-09-17T23:45:39Z,5019,40.8,2400,2400,2400,2400,0x0,26,32,19,0.0,106.4,7061,6973,2448,5359,1
2026-09-17T23:45:40Z,5020,40.8,2400,2400,2400,2400,0x0,26,32,19,0.0,141.4,7061,6972,2448,5360,1
2026-09-17T23:45:41Z,5021,39.1,2400,2400,2400,2400,0x0,26,32,19,0.0,53.5,7061,6972,2448,5361,1
2026-09-17T23:45:42Z,5022,41.4,2400,2400,2400,2400,0x0,26,32,19,0.0,0.0,7061,6972,2448,5362,1
2026-09-17T23:45:44Z,5024,41.9,2400,2400,2400,2400,0x0,26,32,19,0.0,24.2,7061,6972,2448,5363,1
2026-09-17T23:45:45Z,5025,40.8,2400,2400,2400,2400,0x0,26,32,19,0.0,87.7,7061,6972,2448,5365,1
2026-09-17T23:45:46Z,5026,41.4,2400,2400,2400,2400,0x0,26,32,19,0.0,144.6,7061,6972,2448,5366,1
2026-09-17T23:45:47Z,5027,39.7,2400,2400,2400,2400,0x0,26,32,19,0.0,143.6,7061,6972,2448,5367,1
2026-09-17T23:45:48Z,5028,40.2,2400,2400,2400,2400,0x0,26,32,19,0.0,27.5,7061,6972,2448,5368,1
2026-09-17T23:45:49Z,5029,40.8,2400,2400,2400,2400,0x0,26,32,19,0.0,0.0,7061,6972,2448,5369,1
2026-09-17T23:45:50Z,5030,40.2,2400,2400,2400,2400,0x0,26,32,19,0.0,32.4,7061,6972,2448,5370,1
2026-09-17T23:45:51Z,5031,40.2,2400,2400,2400,2400,0x0,26,32,19,0.0,48.6,7061,6972,2448,5371,1
2026-09-17T23:45:52Z,5032,40.8,2400,2400,2400,2400,0x0,26,32,19,0.0,80.7,7061,6972,2448,5372,1
2026-09-17T23:45:53Z,5033,40.2,2400,2400,2400,2400,0x0,26,32,19,0.0,71.1,7061,6972,2448,5373,1
2026-09-17T23:45:54Z,5034,40.2,2400,2400,2400,2400,0x0,26,32,19,0.0,58.1,7061,6972,2448,5374,1
2026-09-17T23:45:55Z,5035,40.8,2400,2400,2400,2400,0x0,26,32,19,0.0,74.0,7061,6972,2448,5375,1
2026-09-17T23:45:56Z,5036,39.7,2400,2400,2400,2400,0x0,26,32,19,0.0,87.4,7061,6972,2448,5376,1
2026-09-17T23:45:58Z,5037,40.8,2400,2400,2400,2400,0x0,26,32,19,0.0,48.4,7061,6972,2448,5377,1
2026-09-17T23:45:59Z,5039,40.2,2400,2400,2400,2400,0x0,26,32,19,0.0,40.3,7061,6972,2448,5379,1
2026-09-17T23:46:00Z,5040,40.8,2400,2400,2400,2400,0x0,26,32,19,0.0,48.5,7061,6972,2448,5380,1
2026-09-17T23:46:01Z,5041,39.7,2400,2400,2400,2400,0x0,26,32,19,0.0,105.4,7061,6972,2448,5381,1
2026-09-17T23:46:02Z,5042,40.2,2400,2400,2400,2400,0x0,26,32,19,0.0,142.8,7061,6971,2448,5382,1
2026-09-17T23:46:03Z,5043,40.8,2400,2400,2400,2400,0x0,26,32,19,0.0,49.0,7061,6971,2448,5383,1
2026-09-17T23:46:04Z,5044,40.8,2400,2400,2400,2400,0x0,26,32,19,0.0,142.6,7061,6971,2448,5384,1
2026-09-17T23:46:05Z,5045,40.8,2400,2400,2400,2400,0x0,26,32,19,0.0,133.7,7061,6971,2448,5385,1
2026-09-17T23:46:06Z,5046,39.1,2400,2400,2400,2400,0x0,26,32,19,0.0,88.4,7061,6971,2448,5386,1
2026-09-17T23:46:07Z,5047,40.8,2400,2400,2400,2400,0x0,26,32,19,0.0,0.0,7061,6971,2448,5387,1
2026-09-17T23:46:08Z,5048,39.7,2400,2400,2400,2400,0x0,26,32,19,0.0,118.3,7061,6971,2448,5388,1
2026-09-17T23:46:09Z,5049,40.8,2400,2400,2400,2400,0x0,26,32,19,0.0,137.7,7061,6971,2448,5389,1
2026-09-17T23:46:10Z,5050,40.2,2400,2400,2400,2400,0x0,26,32,19,0.0,34.7,7061,6971,2448,5390,1
2026-09-17T23:46:11Z,5051,40.2,2400,2400,2400,2400,0x0,26,32,19,0.0,0.0,7061,6971,2448,5391,1
2026-09-17T23:46:12Z,5052,40.8,2400,2400,2400,2400,0x0,26,32,19,0.0,0.0,7061,6970,2448,5392,1
2026-09-17T23:46:14Z,5053,40.2,2400,2400,2400,2400,0x0,26,32,19,0.0,0.0,7061,6970,2448,5393,1
2026-09-17T23:46:15Z,5055,40.8,2400,2400,2400,2400,0x0,26,32,19,0.0,8.1,7061,6970,2448,5395,1
2026-09-17T23:46:16Z,5056,40.2,2400,2400,2400,2400,0x0,26,32,19,0.0,64.5,7061,6970,2448,5396,1
2026-09-17T23:46:17Z,5057,39.1,2400,2400,2400,2400,0x0,26,32,19,0.0,74.4,7061,6970,2448,5397,1
2026-09-17T23:46:18Z,5058,40.8,2400,2400,2400,2400,0x0,26,32,19,0.0,82.0,7061,6970,2448,5398,1
2026-09-17T23:46:19Z,5059,39.7,2400,2400,2400,2400,0x0,26,32,19,0.0,69.7,7061,6970,2448,5399,1
2026-09-17T23:46:20Z,5060,39.7,2400,2400,2400,2400,0x0,26,32,19,0.0,80.8,7061,6970,2448,5400,1
2026-09-17T23:46:21Z,5061,39.7,2400,2400,2400,2400,0x0,26,32,19,0.0,64.5,7061,6970,2448,5401,1
2026-09-17T23:46:22Z,5062,40.2,2400,2400,2400,2400,0x0,26,32,19,0.0,64.5,7061,6970,2448,5402,1
2026-09-17T23:46:23Z,5063,40.2,2400,2400,2400,2400,0x0,26,32,19,0.0,64.5,7061,6970,2448,5403,1
2026-09-17T23:46:24Z,5064,40.8,2400,2400,2400,2400,0x0,26,32,19,0.0,80.7,7061,6970,2448,5404,1
2026-09-17T23:46:25Z,5065,40.8,2400,2400,2400,2400,0x0,26,32,19,0.0,69.9,7061,6970,2448,5405,1
2026-09-17T23:46:27Z,5066,40.8,2400,2400,2400,2400,0x0,26,32,19,0.0,140.1,7061,6970,2448,5406,1
2026-09-17T23:46:28Z,5068,40.2,2400,2400,2400,2400,0x0,26,32,19,0.0,16.1,7061,6970,2448,5408,1
2026-09-17T23:46:29Z,5069,40.8,2400,2400,2400,2400,0x0,26,32,19,0.0,32.3,7061,6970,2448,5409,1
2026-09-17T23:46:30Z,5070,40.2,2400,2400,2400,2400,0x0,26,32,19,0.0,58.2,7061,6970,2448,5410,1
2026-09-17T23:46:31Z,5071,40.2,2400,2400,2400,2400,0x0,26,32,19,0.0,106.9,7061,6970,2448,5411,1
2026-09-17T23:46:32Z,5072,40.8,2400,2400,2400,2400,0x0,26,32,19,0.0,136.4,7061,6970,2448,5412,1
2026-09-17T23:46:33Z,5073,41.9,2400,2400,2400,2400,0x0,26,32,19,0.0,118.1,7061,6970,2448,5413,1
2026-09-17T23:46:34Z,5074,41.4,2400,2400,2400,2400,0x0,26,32,19,0.0,110.5,7061,6969,2448,5414,1
2026-09-17T23:46:35Z,5075,40.2,2400,2400,2400,2400,0x0,26,32,19,0.0,141.4,7061,6969,2448,5415,1
2026-09-17T23:46:36Z,5076,41.4,2400,2400,2400,2400,0x0,26,32,19,0.0,71.0,7061,6969,2448,5416,1
2026-09-17T23:46:37Z,5077,41.4,2400,2400,2400,2400,0x0,26,32,19,0.0,0.0,7061,6969,2448,5417,1
2026-09-17T23:46:38Z,5078,40.8,2400,2400,2400,2400,0x0,26,32,19,0.0,88.5,7061,6969,2448,5418,1
2026-09-17T23:46:39Z,5079,40.8,2400,2400,2400,2400,0x0,26,32,19,0.0,141.9,7061,6969,2448,5419,1
2026-09-17T23:46:40Z,5080,39.7,2400,2400,2400,2400,0x0,26,32,19,0.0,44.1,7061,6969,2448,5420,1
2026-09-17T23:46:42Z,5081,39.7,2400,2400,2400,2400,0x0,26,32,19,0.0,0.0,7061,6969,2448,5421,1
2026-09-17T23:46:43Z,5083,40.2,2400,2400,2400,2400,0x0,26,32,19,0.0,0.0,7061,6969,2448,5423,1
2026-09-17T23:46:44Z,5084,40.2,2400,2400,2400,2400,0x0,26,32,19,0.0,0.0,7061,6969,2448,5424,1
2026-09-17T23:46:45Z,5085,40.2,2400,2400,2400,2400,0x0,26,32,19,0.0,7.9,7061,6968,2448,5425,1
2026-09-17T23:46:46Z,5086,40.2,2400,2400,2400,2400,0x0,26,32,19,0.0,90.3,7061,6968,2448,5426,1
2026-09-17T23:46:47Z,5087,40.8,2400,2400,2400,2400,0x0,26,32,19,0.0,63.4,7061,6968,2448,5427,1
2026-09-17T23:46:48Z,5088,39.7,2400,2400,2400,2400,0x0,26,32,19,0.0,80.7,7061,6968,2448,5428,1
2026-09-17T23:46:49Z,5089,40.8,2400,2400,2400,2400,0x0,26,32,19,0.0,48.4,7061,6968,2448,5429,1
2026-09-17T23:46:50Z,5090,40.8,2400,2400,2400,2400,0x0,26,32,19,0.0,64.7,7061,6968,2448,5430,1
2026-09-17T23:46:51Z,5091,39.7,2400,2400,2400,2400,0x0,26,32,19,0.0,96.8,7061,6968,2448,5431,1
2026-09-17T23:46:52Z,5092,41.4,2400,2400,2400,2400,0x0,26,32,19,0.0,38.8,7061,6968,2448,5432,1
2026-09-17T23:46:53Z,5093,41.9,2400,2400,2400,2400,0x0,26,32,19,0.0,72.9,7061,6968,2448,5433,1
2026-09-17T23:46:54Z,5094,40.8,2400,2400,2400,2400,0x0,26,32,19,0.0,74.1,7061,6968,2448,5434,1
2026-09-17T23:46:56Z,5095,40.8,2400,2400,2400,2400,0x0,26,32,19,0.0,71.5,7061,6968,2448,5436,1
2026-09-17T23:46:57Z,5097,41.4,2400,2400,2400,2400,0x0,26,32,19,0.0,87.3,7061,6968,2448,5437,1
2026-09-17T23:46:58Z,5098,41.4,2400,2400,2400,2400,0x0,26,32,19,0.0,20.1,7061,6968,2448,5438,1
2026-09-17T23:46:59Z,5099,40.8,2400,2400,2400,2400,0x0,26,32,19,0.0,27.1,7061,6968,2448,5439,1
2026-09-17T23:47:00Z,5100,40.8,2400,2400,2400,2400,0x0,26,32,19,0.0,69.7,7061,6968,2448,5440,1
2026-09-17T23:47:01Z,5101,40.2,2400,2400,2400,2400,0x0,26,32,19,0.0,109.2,7061,6968,2448,5441,1
2026-09-17T23:47:02Z,5102,40.2,2400,2400,2400,2400,0x0,26,32,19,0.0,144.0,7061,6968,2448,5442,1
2026-09-17T23:47:03Z,5103,39.7,2400,2400,2400,2400,0x0,26,32,19,0.0,101.9,7061,6968,2448,5443,1
2026-09-17T23:47:04Z,5104,41.4,2400,2400,2400,2400,0x0,26,32,19,0.0,0.0,7061,6968,2448,5444,1
2026-09-17T23:47:05Z,5105,40.8,2400,2400,2400,2400,0x0,26,32,19,0.0,0.1,7061,6968,2448,5445,1
2026-09-17T23:47:06Z,5106,40.2,2400,2400,2400,2400,0x0,26,32,19,0.0,53.6,7061,6967,2448,5446,1
2026-09-17T23:47:07Z,5107,40.2,2400,2400,2400,2400,0x0,26,32,19,0.0,73.2,7061,6967,2448,5447,1
2026-09-17T23:47:09Z,5108,40.8,2400,2400,2400,2400,0x0,26,32,19,0.0,67.0,7061,6967,2448,5448,1
2026-09-17T23:47:10Z,5110,40.2,2400,2400,2400,2400,0x0,26,32,19,0.0,32.3,7061,6967,2448,5449,1
2026-09-17T23:47:11Z,5111,40.8,2400,2400,2400,2400,0x0,26,32,19,0.0,64.7,7061,6967,2448,5451,1
2026-09-17T23:47:12Z,5112,40.8,2400,2400,2400,2400,0x0,26,32,19,0.0,129.1,7061,6967,2448,5452,1
2026-09-17T23:47:13Z,5113,40.8,2400,2400,2400,2400,0x0,26,32,19,0.0,12.3,7061,6967,2448,5453,1
2026-09-17T23:47:14Z,5114,41.4,2400,2400,2400,2400,0x0,26,32,19,0.0,72.3,7061,6967,2448,5454,1
2026-09-17T23:47:15Z,5115,39.7,2400,2400,2400,2400,0x0,26,32,19,0.0,70.3,7061,6967,2448,5455,1
2026-09-17T23:47:16Z,5116,40.8,2400,2400,2400,2400,0x0,26,32,19,0.0,89.0,7061,6967,2448,5456,1
2026-09-17T23:47:17Z,5117,40.2,2400,2400,2400,2400,0x0,26,32,19,0.0,146.3,7061,6966,2448,5457,1
2026-09-17T23:47:18Z,5118,40.2,2400,2400,2400,2400,0x0,26,32,19,0.0,61.9,7061,6966,2448,5458,1
2026-09-17T23:47:19Z,5119,40.2,2400,2400,2400,2400,0x0,26,32,19,0.0,0.0,7061,6966,2448,5459,1
2026-09-17T23:47:20Z,5120,42.5,2400,2400,2400,2400,0x0,26,32,19,0.0,45.9,7061,6966,2448,5460,1
2026-09-17T23:47:21Z,5121,39.7,2400,2400,2400,2400,0x0,26,32,19,0.0,72.4,7061,6966,2448,5461,1
2026-09-17T23:47:22Z,5122,41.4,2400,2400,2400,2400,0x0,26,32,19,0.0,140.0,7061,6966,2448,5462,1
2026-09-17T23:47:23Z,5123,40.2,2400,2400,2400,2400,0x0,26,32,19,0.0,142.7,7061,6966,2448,5463,1
2026-09-17T23:47:25Z,5124,40.8,2400,2400,2400,2400,0x0,26,32,19,0.0,50.9,7061,6966,2448,5464,1
2026-09-17T23:47:26Z,5126,39.7,2400,2400,2400,2400,0x0,26,32,19,0.0,0.0,7061,6966,2448,5466,1
2026-09-17T23:47:27Z,5127,40.8,2400,2400,2400,2400,0x0,26,32,19,0.0,132.1,7061,6966,2448,5467,1
2026-09-17T23:47:28Z,5128,39.7,2400,2400,2400,2400,0x0,26,32,19,0.0,142.1,7061,6966,2448,5468,1
2026-09-17T23:47:29Z,5129,41.4,2400,2400,2400,2400,0x0,26,32,19,0.0,129.6,7061,6966,2448,5469,1
2026-09-17T23:47:30Z,5130,40.8,2400,2400,2400,2400,0x0,26,32,19,0.0,0.0,7061,6966,2448,5470,1
2026-09-17T23:47:31Z,5131,40.8,2400,2400,2400,2400,0x0,26,32,19,0.0,127.8,7061,6966,2448,5471,1
2026-09-17T23:47:32Z,5132,40.8,2400,2400,2400,2400,0x0,26,32,19,0.0,140.2,7061,6966,2448,5472,1
2026-09-17T23:47:33Z,5133,39.7,2400,2400,2400,2400,0x0,26,32,19,0.0,22.6,7061,6966,2448,5473,1
2026-09-17T23:47:34Z,5134,40.2,2400,2400,2400,2400,0x0,26,32,19,0.0,0.0,7061,6966,2448,5474,1
2026-09-17T23:47:36Z,5135,39.1,2400,2400,2400,2400,0x0,26,32,19,0.0,0.0,7061,6966,2448,5475,1
2026-09-17T23:47:37Z,5137,40.2,2400,2400,2400,2400,0x0,26,32,19,0.0,0.1,7061,6966,2448,5476,1
2026-09-17T23:47:38Z,5138,40.8,2400,2400,2400,2400,0x0,26,32,19,0.0,32.3,7061,6966,2448,5478,1
2026-09-17T23:47:39Z,5139,40.8,2400,2400,2400,2400,0x0,26,32,19,0.0,67.9,7061,6965,2448,5479,1
2026-09-17T23:47:40Z,5140,40.8,2400,2400,2400,2400,0x0,26,32,19,0.0,67.6,7061,6965,2448,5480,1
2026-09-17T23:47:41Z,5141,41.4,2400,2400,2400,2400,0x0,26,32,19,0.0,73.2,7061,6965,2448,5481,1
2026-09-17T23:47:42Z,5142,40.8,2400,2400,2400,2400,0x0,26,32,19,0.0,65.9,7061,6965,2448,5482,1
2026-09-17T23:47:43Z,5143,40.8,2400,2400,2400,2400,0x0,26,32,19,0.0,93.0,7061,6965,2448,5483,1
2026-09-17T23:47:44Z,5144,39.1,2400,2400,2400,2400,0x0,26,32,19,0.0,52.2,7061,6965,2448,5484,1
2026-09-17T23:47:45Z,5145,38.6,2400,2400,2400,2400,0x0,26,32,19,0.0,64.5,7061,6965,2448,5485,1
2026-09-17T23:47:46Z,5146,40.2,2400,2400,2400,2400,0x0,26,32,19,0.0,71.8,7061,6965,2448,5486,1
2026-09-17T23:47:47Z,5147,40.8,2400,2400,2400,2400,0x0,26,32,19,0.0,73.5,7061,6965,2448,5487,1
2026-09-17T23:47:48Z,5148,39.7,2400,2400,2400,2400,0x0,26,32,19,0.0,62.2,7061,6965,2448,5488,1
2026-09-17T23:47:49Z,5149,40.8,2400,2400,2400,2400,0x0,26,32,19,0.0,140.0,7061,6964,2448,5489,1
2026-09-17T23:47:51Z,5150,41.9,2400,2400,2400,2400,0x0,26,32,19,0.0,40.0,7061,6964,2448,5490,1
2026-09-17T23:47:52Z,5152,39.7,2400,2400,2400,2400,0x0,26,32,19,0.0,16.2,7061,6964,2448,5492,1
2026-09-17T23:47:53Z,5153,40.8,2400,2400,2400,2400,0x0,26,32,19,0.0,48.4,7061,6964,2448,5493,1
2026-09-17T23:47:54Z,5154,39.1,2400,2400,2400,2400,0x0,26,32,19,0.0,107.8,7061,6964,2448,5494,1
2026-09-17T23:47:55Z,5155,40.8,2400,2400,2400,2400,0x0,26,32,19,0.0,142.6,7061,6964,2448,5495,1
2026-09-17T23:47:56Z,5156,39.7,2400,2400,2400,2400,0x0,26,32,19,0.0,120.7,7061,6964,2448,5496,1
2026-09-17T23:47:57Z,5157,40.2,2400,2400,2400,2400,0x0,26,32,19,0.0,0.1,7061,6964,2448,5497,1
2026-09-17T23:47:58Z,5158,41.4,2400,2400,2400,2400,0x0,26,32,19,0.0,0.0,7061,6964,2448,5498,1
2026-09-17T23:47:59Z,5159,39.1,2400,2400,2400,2400,0x0,26,32,19,0.0,48.6,7061,6964,2448,5499,1
2026-09-17T23:48:00Z,5160,39.7,2400,2400,2400,2400,0x0,26,32,19,0.0,64.5,7061,6964,2448,5500,1
2026-09-17T23:48:01Z,5161,40.8,2400,2400,2400,2400,0x0,26,32,19,0.0,96.8,7061,6964,2448,5501,1
2026-09-17T23:48:03Z,5162,40.8,2400,2400,2400,2400,0x0,26,32,19,0.0,64.7,7061,6964,2448,5502,1
2026-09-17T23:48:04Z,5164,39.7,2400,2400,2400,2400,0x0,26,32,19,0.0,32.3,7061,6964,2448,5504,1
2026-09-17T23:48:05Z,5165,41.4,2400,2400,2400,2400,0x0,26,32,19,0.0,112.9,7061,6964,2448,5505,1
2026-09-17T23:48:06Z,5166,40.2,2400,2400,2400,2400,0x0,26,32,19,0.0,37.5,7061,6964,2448,5506,1
2026-09-17T23:48:07Z,5167,41.9,2400,2400,2400,2400,0x0,26,32,19,0.0,59.0,7061,6964,2448,5507,1
2026-09-17T23:48:08Z,5168,40.8,2400,2400,2400,2400,0x0,26,32,19,0.0,77.6,7061,6964,2448,5508,1
2026-09-17T23:48:09Z,5169,40.2,2400,2400,2400,2400,0x0,26,32,19,0.0,72.2,7061,6964,2448,5509,1
2026-09-17T23:48:10Z,5170,40.8,2400,2400,2400,2400,0x0,26,32,19,0.0,142.6,7061,6964,2448,5510,1
2026-09-17T23:48:11Z,5171,40.2,2400,2400,2400,2400,0x0,26,32,19,0.0,63.2,7061,6963,2448,5511,1
2026-09-17T23:48:12Z,5172,40.2,2400,2400,2400,2400,0x0,26,32,19,0.0,0.0,7061,6963,2448,5512,1
2026-09-17T23:48:13Z,5173,41.4,2400,2400,2400,2400,0x0,26,32,19,0.0,55.1,7061,6963,2448,5513,1
2026-09-17T23:48:14Z,5174,40.8,2400,2400,2400,2400,0x0,26,32,19,0.0,106.4,7061,6963,2448,5514,1
2026-09-17T23:48:15Z,5175,40.8,2400,2400,2400,2400,0x0,26,32,19,0.0,142.6,7061,6963,2448,5515,1
2026-09-17T23:48:16Z,5176,40.2,2400,2400,2400,2400,0x0,26,32,19,0.0,142.8,7061,6963,2448,5516,1
2026-09-17T23:48:18Z,5177,40.8,2400,2400,2400,2400,0x0,26,32,19,0.0,5.1,7061,6963,2448,5517,1
2026-09-17T23:48:19Z,5179,40.2,2400,2400,2400,2400,0x0,26,32,19,0.0,0.1,7061,6963,2448,5518,1
2026-09-17T23:48:20Z,5180,39.7,2400,2400,2400,2400,0x0,26,32,19,0.0,32.3,7061,6963,2448,5520,1
2026-09-17T23:48:21Z,5181,41.4,2400,2400,2400,2400,0x0,26,32,19,0.0,51.0,7061,6963,2448,5521,1
2026-09-17T23:48:22Z,5182,40.8,2400,2400,2400,2400,0x0,26,32,19,0.0,73.6,7061,6963,2448,5522,1
2026-09-17T23:48:23Z,5183,40.8,2400,2400,2400,2400,0x0,26,32,19,0.0,73.0,7061,6963,2448,5523,1
2026-09-17T23:48:24Z,5184,40.8,2400,2400,2400,2400,0x0,26,32,19,0.0,86.4,7061,6963,2448,5524,1
2026-09-17T23:48:25Z,5185,40.8,2400,2400,2400,2400,0x0,26,32,19,0.0,107.3,7061,6963,2448,5525,1
2026-09-17T23:48:26Z,5186,40.2,2400,2400,2400,2400,0x0,26,32,19,0.0,28.3,7061,6963,2448,5526,1
2026-09-17T23:48:27Z,5187,39.7,2400,2400,2400,2400,0x0,26,32,19,0.0,48.4,7061,6963,2448,5527,1
2026-09-17T23:48:28Z,5188,39.7,2400,2400,2400,2400,0x0,26,32,19,0.0,64.7,7061,6963,2448,5528,1
2026-09-17T23:48:29Z,5189,41.9,2400,2400,2400,2400,0x0,26,32,19,0.0,85.9,7061,6963,2448,5529,1
2026-09-17T23:48:30Z,5190,40.2,2400,2400,2400,2400,0x0,26,32,19,0.0,143.9,7061,6963,2448,5530,1
2026-09-17T23:48:31Z,5191,41.9,2400,2400,2400,2400,0x0,26,32,19,0.0,109.0,7061,6963,2448,5531,1
2026-09-17T23:48:33Z,5192,39.1,2400,2400,2400,2400,0x0,26,32,19,0.0,33.6,7061,6962,2448,5532,1
2026-09-17T23:48:34Z,5194,40.2,2400,2400,2400,2400,0x0,26,32,19,0.0,72.1,7061,6962,2448,5534,1
2026-09-17T23:48:35Z,5195,40.2,2400,2400,2400,2400,0x0,26,32,19,0.0,147.8,7061,6962,2448,5535,1
2026-09-17T23:48:36Z,5196,40.8,2400,2400,2400,2400,0x0,26,32,19,0.0,61.9,7061,6962,2448,5536,1
2026-09-17T23:48:37Z,5197,39.7,2400,2400,2400,2400,0x0,26,32,19,0.0,17.4,7061,6962,2448,5537,1
2026-09-17T23:48:38Z,5198,40.8,2400,2400,2400,2400,0x0,26,32,19,0.0,139.1,7061,6962,2448,5538,1
2026-09-17T23:48:39Z,5199,41.4,2400,2400,2400,2400,0x0,26,32,19,0.0,134.2,7061,6962,2448,5539,1
2026-09-17T23:48:40Z,5200,39.7,2400,2400,2400,2400,0x0,26,32,19,0.0,0.0,7061,6962,2448,5540,1
2026-09-17T23:48:41Z,5201,40.8,2400,2400,2400,2400,0x0,26,32,19,0.0,0.0,7061,6962,2448,5541,1
2026-09-17T23:48:42Z,5202,40.2,2400,2400,2400,2400,0x0,26,32,19,0.0,0.0,7061,6962,2448,5542,1
2026-09-17T23:48:43Z,5203,39.7,2400,2400,2400,2400,0x0,26,32,19,0.0,0.1,7061,6961,2448,5543,1
2026-09-17T23:48:44Z,5204,41.4,2400,2400,2400,2400,0x0,26,32,19,0.0,48.4,7061,6961,2448,5544,1
2026-09-17T23:48:45Z,5205,39.1,2400,2400,2400,2400,0x0,26,32,19,0.0,64.7,7061,6961,2448,5545,1
2026-09-17T23:48:46Z,5206,40.2,2400,2400,2400,2400,0x0,26,32,19,0.0,80.7,7061,6961,2448,5546,1
2026-09-17T23:48:48Z,5207,39.7,2400,2400,2400,2400,0x0,26,32,19,0.0,64.5,7061,6961,2448,5547,1
2026-09-17T23:48:49Z,5209,40.8,2400,2400,2400,2400,0x0,26,32,19,0.0,24.3,7061,6961,2448,5549,1
2026-09-17T23:48:50Z,5210,39.7,2400,2400,2400,2400,0x0,26,32,19,0.0,96.8,7061,6961,2448,5550,1
2026-09-17T23:48:51Z,5211,39.7,2400,2400,2400,2400,0x0,26,32,19,0.0,54.5,7061,6961,2448,5551,1
2026-09-17T23:48:52Z,5212,40.8,2400,2400,2400,2400,0x0,26,32,19,0.0,58.4,7061,6961,2448,5552,1
2026-09-17T23:48:53Z,5213,41.4,2400,2400,2400,2400,0x0,26,32,19,0.0,72.7,7061,6961,2448,5553,1
2026-09-17T23:48:54Z,5214,40.2,2400,2400,2400,2400,0x0,26,32,19,0.0,87.3,7061,6961,2448,5554,1
2026-09-17T23:48:55Z,5215,40.2,2400,2400,2400,2400,0x0,26,32,19,0.0,108.2,7061,6961,2448,5555,1
2026-09-17T23:48:56Z,5216,40.8,2400,2400,2400,2400,0x0,26,32,19,0.0,119.4,7061,6961,2448,5556,1
2026-09-17T23:48:57Z,5217,40.8,2400,2400,2400,2400,0x0,26,32,19,0.0,0.0,7061,6961,2448,5557,1
2026-09-17T23:48:58Z,5218,41.4,2400,2400,2400,2400,0x0,26,32,19,0.0,21.4,7061,6961,2448,5558,1
2026-09-17T23:48:59Z,5219,40.8,2400,2400,2400,2400,0x0,26,32,19,0.0,78.2,7061,6961,2448,5559,1
2026-09-17T23:49:00Z,5220,41.4,2400,2400,2400,2400,0x0,26,32,19,0.0,120.0,7061,6961,2448,5560,1
2026-09-17T23:49:01Z,5221,40.8,2400,2400,2400,2400,0x0,26,32,19,0.0,143.9,7061,6961,2448,5561,1
2026-09-17T23:49:03Z,5222,39.7,2400,2400,2400,2400,0x0,26,32,19,0.0,88.4,7061,6961,2448,5562,1
2026-09-17T23:49:04Z,5224,39.1,2400,2400,2400,2400,0x0,26,32,19,0.0,0.0,7061,6961,2448,5564,1
2026-09-17T23:49:05Z,5225,40.8,2400,2400,2400,2400,0x0,26,32,19,0.0,126.9,7061,6960,2448,5565,1
2026-09-17T23:49:06Z,5226,40.2,2400,2400,2400,2400,0x0,26,32,19,0.0,164.5,7061,6960,2448,5566,1
2026-09-17T23:49:07Z,5227,40.8,2400,2400,2400,2400,0x0,26,32,19,0.0,96.1,7061,6960,2448,5567,1
2026-09-17T23:49:08Z,5228,40.2,2400,2400,2400,2400,0x0,26,32,19,0.0,0.0,7061,6960,2448,5568,1
2026-09-17T23:49:09Z,5229,39.1,2400,2400,2400,2400,0x0,26,32,19,0.0,122.5,7061,6960,2448,5569,1
2026-09-17T23:49:10Z,5230,39.7,2400,2400,2400,2400,0x0,26,32,19,0.0,147.0,7061,6960,2448,5570,1
2026-09-17T23:49:11Z,5231,40.8,2400,2400,2400,2400,0x0,26,32,19,0.0,4.9,7061,6960,2448,5571,1
2026-09-17T23:49:12Z,5232,40.8,2400,2400,2400,2400,0x0,26,32,19,0.0,0.0,7061,6960,2448,5572,1
2026-09-17T23:49:13Z,5233,39.1,2400,2400,2400,2400,0x0,26,32,19,0.0,0.0,7061,6960,2448,5573,1
2026-09-17T23:49:14Z,5234,41.4,2400,2400,2400,2400,0x0,26,32,19,0.0,0.1,7061,6960,2448,5574,1
2026-09-17T23:49:16Z,5235,39.1,2400,2400,2400,2400,0x0,26,32,19,0.0,32.3,7061,6959,2448,5575,1
2026-09-17T23:49:17Z,5237,40.8,2400,2400,2400,2400,0x0,26,32,19,0.0,32.3,7061,6959,2448,5577,1
2026-09-17T23:49:18Z,5238,39.7,2400,2400,2400,2400,0x0,26,32,19,0.0,65.8,7061,6959,2448,5578,1
2026-09-17T23:49:19Z,5239,41.4,2400,2400,2400,2400,0x0,26,32,19,0.0,85.9,7061,6959,2448,5579,1
2026-09-17T23:49:20Z,5240,40.2,2400,2400,2400,2400,0x0,26,32,19,0.0,62.1,7061,6959,2448,5580,1
2026-09-17T23:49:21Z,5241,40.2,2400,2400,2400,2400,0x0,26,32,19,0.0,107.8,7061,6959,2448,5581,1
2026-09-17T23:49:22Z,5242,40.2,2400,2400,2400,2400,0x0,26,32,19,0.0,33.5,7061,6959,2448,5582,1
2026-09-17T23:49:23Z,5243,40.8,2400,2400,2400,2400,0x0,26,32,19,0.0,75.5,7061,6959,2448,5583,1
2026-09-17T23:49:24Z,5244,40.8,2400,2400,2400,2400,0x0,26,32,19,0.0,53.5,7061,6959,2448,5584,1
2026-09-17T23:49:25Z,5245,41.4,2400,2400,2400,2400,0x0,26,32,19,0.0,64.7,7061,6959,2448,5585,1
2026-09-17T23:49:26Z,5246,42.5,2400,2400,2400,2400,0x0,26,32,19,0.0,106.7,7061,6959,2448,5586,1
2026-09-17T23:49:27Z,5247,40.2,2400,2400,2400,2400,0x0,26,32,19,0.0,143.4,7061,6959,2448,5587,1
2026-09-17T23:49:28Z,5248,40.8,2400,2400,2400,2400,0x0,26,32,19,0.0,8.3,7061,6959,2448,5588,1
2026-09-17T23:49:29Z,5249,40.2,2400,2400,2400,2400,0x0,26,32,19,0.0,23.6,7061,6959,2448,5589,1
2026-09-17T23:49:31Z,5250,40.2,2400,2400,2400,2400,0x0,26,32,19,0.0,73.4,7061,6959,2448,5590,1
2026-09-17T23:49:32Z,5252,39.1,2400,2400,2400,2400,0x0,26,32,19,0.0,41.7,7061,6959,2448,5592,1
2026-09-17T23:49:33Z,5253,40.2,2400,2400,2400,2400,0x0,26,32,19,0.0,145.2,7061,6959,2448,5593,1
2026-09-17T23:49:34Z,5254,39.7,2400,2400,2400,2400,0x0,26,32,19,0.0,126.5,7061,6959,2448,5594,1
2026-09-17T23:49:35Z,5255,40.8,2400,2400,2400,2400,0x0,26,32,19,0.0,12.5,7061,6959,2448,5595,1
2026-09-17T23:49:36Z,5256,39.7,2400,2400,2400,2400,0x0,26,32,19,0.0,142.8,7061,6959,2448,5596,1
2026-09-17T23:49:37Z,5257,40.2,2400,2400,2400,2400,0x0,26,32,19,0.0,142.1,7061,6958,2448,5597,1
2026-09-17T23:49:38Z,5258,39.7,2400,2400,2400,2400,0x0,26,32,19,0.0,74.1,7061,6958,2448,5598,1
2026-09-17T23:49:39Z,5259,41.9,2400,2400,2400,2400,0x0,26,32,19,0.0,14.4,7061,6958,2448,5599,1
2026-09-17T23:49:40Z,5260,40.8,2400,2400,2400,2400,0x0,26,32,19,0.0,129.8,7061,6958,2448,5600,1
2026-09-17T23:49:41Z,5261,40.2,2400,2400,2400,2400,0x0,26,32,19,0.0,130.3,7061,6958,2448,5601,1
2026-09-17T23:49:42Z,5262,40.8,2400,2400,2400,2400,0x0,26,32,19,0.0,0.0,7061,6958,2448,5602,1
2026-09-17T23:49:44Z,5263,41.4,2400,2400,2400,2400,0x0,26,32,19,0.0,0.0,7061,6958,2448,5603,1
2026-09-17T23:49:45Z,5265,40.2,2400,2400,2400,2400,0x0,26,32,19,0.0,0.0,7061,6958,2448,5605,1
2026-09-17T23:49:46Z,5266,40.8,2400,2400,2400,2400,0x0,26,32,19,0.0,0.1,7061,6958,2448,5606,1
2026-09-17T23:49:47Z,5267,39.7,2400,2400,2400,2400,0x0,26,32,19,0.0,42.0,7061,6958,2448,5607,1
2026-09-17T23:49:48Z,5268,39.1,2400,2400,2400,2400,0x0,26,32,19,0.0,73.3,7061,6957,2448,5608,1
2026-09-17T23:49:49Z,5269,39.7,2400,2400,2400,2400,0x0,26,32,19,0.0,87.0,7061,6957,2448,5609,1
2026-09-17T23:49:50Z,5270,40.2,2400,2400,2400,2400,0x0,26,32,19,0.0,72.3,7061,6957,2448,5610,1
2026-09-17T23:49:51Z,5271,40.2,2400,2400,2400,2400,0x0,26,32,19,0.0,60.9,7061,6957,2448,5611,1
2026-09-17T23:49:52Z,5272,40.8,2400,2400,2400,2400,0x0,26,32,19,0.0,116.8,7061,6957,2448,5612,1
2026-09-17T23:49:53Z,5273,40.2,2400,2400,2400,2400,0x0,26,32,19,0.0,0.0,7061,6957,2448,5613,1
2026-09-17T23:49:54Z,5274,40.2,2400,2400,2400,2400,0x0,26,32,19,0.0,71.1,7061,6957,2448,5614,1
2026-09-17T23:49:55Z,5275,40.2,2400,2400,2400,2400,0x0,26,32,19,0.0,71.7,7061,6957,2448,5615,1
2026-09-17T23:49:56Z,5276,39.7,2400,2400,2400,2400,0x0,26,32,19,0.0,75.4,7061,6957,2448,5616,1
2026-09-17T23:49:57Z,5277,41.4,2400,2400,2400,2400,0x0,26,32,19,0.0,122.1,7061,6957,2448,5617,1
2026-09-17T23:49:59Z,5278,41.9,2400,2400,2400,2400,0x0,26,32,19,0.0,111.6,7061,6957,2448,5618,1
2026-09-17T23:50:00Z,5280,39.1,2400,2400,2400,2400,0x0,26,32,19,0.0,0.0,7061,6957,2448,5619,1
2026-09-17T23:50:01Z,5281,39.1,2400,2400,2400,2400,0x0,26,32,19,0.0,32.4,7061,6957,2448,5621,1
2026-09-17T23:50:02Z,5282,41.4,2400,2400,2400,2400,0x0,26,32,19,0.0,68.5,7061,6957,2448,5622,1
2026-09-17T23:50:03Z,5283,40.8,2400,2400,2400,2400,0x0,26,32,19,0.0,105.1,7061,6957,2448,5623,1
2026-09-17T23:50:04Z,5284,40.2,2400,2400,2400,2400,0x0,26,32,19,0.0,141.4,7061,6957,2448,5624,1
2026-09-17T23:50:05Z,5285,39.7,2400,2400,2400,2400,0x0,26,32,19,0.0,104.6,7061,6957,2448,5625,1
2026-09-17T23:50:06Z,5286,39.7,2400,2400,2400,2400,0x0,26,32,19,0.0,0.1,7061,6957,2448,5626,1
2026-09-17T23:50:07Z,5287,40.8,2400,2400,2400,2400,0x0,26,32,19,0.0,0.0,7061,6957,2448,5627,1
2026-09-17T23:50:08Z,5288,40.2,2400,2400,2400,2400,0x0,26,32,19,0.0,64.7,7061,6957,2448,5628,1
2026-09-17T23:50:09Z,5289,40.8,2400,2400,2400,2400,0x0,26,32,19,0.0,64.5,7061,6956,2448,5629,1
2026-09-17T23:50:10Z,5290,41.4,2400,2400,2400,2400,0x0,26,32,19,0.0,96.8,7061,6956,2448,5630,1
2026-09-17T23:50:12Z,5291,39.7,2400,2400,2400,2400,0x0,26,32,19,0.0,64.7,7061,6956,2448,5631,1
2026-09-17T23:50:13Z,5293,40.2,2400,2400,2400,2400,0x0,26,32,19,0.0,32.3,7061,6956,2448,5633,1
2026-09-17T23:50:14Z,5294,40.2,2400,2400,2400,2400,0x0,26,32,19,0.0,96.8,7061,6956,2448,5634,1
2026-09-17T23:50:15Z,5295,40.8,2400,2400,2400,2400,0x0,26,32,19,0.0,37.5,7061,6956,2448,5635,1
2026-09-17T23:50:16Z,5296,40.2,2400,2400,2400,2400,0x0,26,32,19,0.0,74.2,7061,6956,2448,5636,1
2026-09-17T23:50:17Z,5297,40.8,2400,2400,2400,2400,0x0,26,32,19,0.0,72.4,7061,6956,2448,5637,1
2026-09-17T23:50:18Z,5298,40.2,2400,2400,2400,2400,0x0,26,32,19,0.0,74.3,7061,6956,2448,5638,1
2026-09-17T23:50:19Z,5299,40.2,2400,2400,2400,2400,0x0,26,32,19,0.0,143.4,7061,6956,2448,5639,1
2026-09-17T23:50:20Z,5300,40.2,2400,2400,2400,2400,0x0,26,32,19,0.0,50.2,7061,6955,2448,5640,1
2026-09-17T23:50:21Z,5301,40.8,2400,2400,2400,2400,0x0,26,32,19,0.0,0.0,7061,6955,2448,5641,1
2026-09-17T23:50:22Z,5302,40.8,2400,2400,2400,2400,0x0,26,32,19,0.0,67.3,7061,6955,2448,5642,1
2026-09-17T23:50:23Z,5303,41.4,2400,2400,2400,2400,0x0,26,32,19,0.0,107.8,7061,6955,2448,5643,1
2026-09-17T23:50:24Z,5304,40.2,2400,2400,2400,2400,0x0,26,32,19,0.0,144.2,7061,6955,2448,5644,1
2026-09-17T23:50:25Z,5305,40.2,2400,2400,2400,2400,0x0,26,32,19,0.0,132.7,7061,6955,2448,5645,1
2026-09-17T23:50:26Z,5306,40.8,2400,2400,2400,2400,0x0,26,32,19,0.0,0.2,7061,6955,2448,5646,1
2026-09-17T23:50:28Z,5307,40.8,2400,2400,2400,2400,0x0,26,32,19,0.0,0.0,7061,6955,2448,5647,1
2026-09-17T23:50:29Z,5309,40.2,2400,2400,2400,2400,0x0,26,32,19,0.0,16.1,7061,6955,2448,5649,1
2026-09-17T23:50:30Z,5310,40.2,2400,2400,2400,2400,0x0,26,32,19,0.0,64.5,7061,6955,2448,5650,1
2026-09-17T23:50:31Z,5311,39.7,2400,2400,2400,2400,0x0,26,32,19,0.0,72.2,7061,6955,2448,5651,1
2026-09-17T23:50:32Z,5312,40.8,2400,2400,2400,2400,0x0,26,32,19,0.0,74.5,7061,6955,2448,5652,1
2026-09-17T23:50:33Z,5313,39.7,2400,2400,2400,2400,0x0,26,32,19,0.0,72.9,7061,6955,2448,5653,1
2026-09-17T23:50:34Z,5314,40.8,2400,2400,2400,2400,0x0,26,32,19,0.0,103.4,7061,6955,2448,5654,1
2026-09-17T23:50:35Z,5315,40.2,2400,2400,2400,2400,0x0,26,32,19,0.0,32.3,7061,6955,2448,5655,1
2026-09-17T23:50:36Z,5316,40.2,2400,2400,2400,2400,0x0,26,32,19,0.0,80.7,7061,6955,2448,5656,1
2026-09-17T23:50:37Z,5317,40.8,2400,2400,2400,2400,0x0,26,32,19,0.0,48.5,7061,6955,2448,5657,1
2026-09-17T23:50:38Z,5318,41.4,2400,2400,2400,2400,0x0,26,32,19,0.0,82.0,7061,6955,2448,5658,1
2026-09-17T23:50:39Z,5319,40.8,2400,2400,2400,2400,0x0,26,32,19,0.0,143.9,7061,6955,2448,5659,1
2026-09-17T23:50:40Z,5320,40.8,2400,2400,2400,2400,0x0,26,32,19,0.0,96.8,7061,6955,2448,5660,1
2026-09-17T23:50:41Z,5321,40.2,2400,2400,2400,2400,0x0,26,32,19,0.0,0.0,7061,6954,2448,5661,1
2026-09-17T23:50:43Z,5322,40.2,2400,2400,2400,2400,0x0,26,32,19,0.0,32.4,7061,6954,2448,5662,1
2026-09-17T23:50:44Z,5324,39.1,2400,2400,2400,2400,0x0,26,32,19,0.0,32.3,7061,6954,2448,5664,1
2026-09-17T23:50:45Z,5325,39.7,2400,2400,2400,2400,0x0,26,32,19,0.0,131.9,7061,6954,2448,5665,1
2026-09-17T23:50:46Z,5326,41.4,2400,2400,2400,2400,0x0,26,32,19,0.0,144.0,7061,6954,2448,5666,1
2026-09-17T23:50:47Z,5327,41.4,2400,2400,2400,2400,0x0,26,32,19,0.0,79.2,7061,6954,2448,5667,1
2026-09-17T23:50:48Z,5328,40.2,2400,2400,2400,2400,0x0,26,32,19,0.0,0.1,7061,6954,2448,5668,1
2026-09-17T23:50:49Z,5329,39.7,2400,2400,2400,2400,0x0,26,32,19,0.0,0.0,7061,6954,2448,5669,1
2026-09-17T23:50:50Z,5330,39.7,2400,2400,2400,2400,0x0,26,32,19,0.0,64.5,7061,6954,2448,5670,1
2026-09-17T23:50:51Z,5331,40.8,2400,2400,2400,2400,0x0,26,32,19,0.0,64.5,7061,6954,2448,5671,1
2026-09-17T23:50:52Z,5332,40.2,2400,2400,2400,2400,0x0,26,32,19,0.0,64.5,7061,6954,2448,5672,1
2026-09-17T23:50:53Z,5333,41.4,2400,2400,2400,2400,0x0,26,32,19,0.0,69.9,7061,6954,2448,5673,1
2026-09-17T23:50:54Z,5334,41.4,2400,2400,2400,2400,0x0,26,32,19,0.0,74.2,7061,6954,2448,5674,1
2026-09-17T23:50:55Z,5335,40.8,2400,2400,2400,2400,0x0,26,32,19,0.0,106.6,7061,6954,2448,5675,1
2026-09-17T23:50:56Z,5336,40.2,2400,2400,2400,2400,0x0,26,32,19,0.0,38.8,7061,6954,2448,5676,1
2026-09-17T23:50:57Z,5337,39.7,2400,2400,2400,2400,0x0,26,32,19,0.0,65.7,7061,6954,2448,5677,1
2026-09-17T23:50:59Z,5339,41.9,2400,2400,2400,2400,0x0,26,32,19,0.0,39.1,7061,6954,2448,5678,1
2026-09-17T23:51:00Z,5340,39.1,2400,2400,2400,2400,0x0,26,32,19,0.0,50.9,7061,6954,2448,5680,1
2026-09-17T23:51:01Z,5341,41.4,2400,2400,2400,2400,0x0,26,32,19,0.0,135.6,7061,6954,2448,5681,1
2026-09-17T23:51:02Z,5342,40.8,2400,2400,2400,2400,0x0,26,32,19,0.0,90.3,7061,6954,2448,5682,1
2026-09-17T23:51:03Z,5343,40.2,2400,2400,2400,2400,0x0,26,32,19,0.0,0.1,7061,6953,2448,5683,1
2026-09-17T23:51:04Z,5344,40.2,2400,2400,2400,2400,0x0,26,32,19,0.0,62.0,7061,6953,2448,5684,1
2026-09-17T23:51:05Z,5345,40.8,2400,2400,2400,2400,0x0,26,32,19,0.0,67.2,7061,6953,2448,5685,1
2026-09-17T23:51:06Z,5346,40.8,2400,2400,2400,2400,0x0,26,32,19,0.0,112.9,7061,6953,2448,5686,1
2026-09-17T23:51:07Z,5347,39.7,2400,2400,2400,2400,0x0,26,32,19,0.0,139.6,7061,6953,2448,5687,1
2026-09-17T23:51:08Z,5348,40.8,2400,2400,2400,2400,0x0,26,32,19,0.0,70.3,7061,6953,2448,5688,1
2026-09-17T23:51:09Z,5349,41.4,2400,2400,2400,2400,0x0,26,32,19,0.0,0.0,7061,6953,2448,5689,1
2026-09-17T23:51:10Z,5350,40.2,2400,2400,2400,2400,0x0,26,32,19,0.0,17.4,7061,6953,2448,5690,1
2026-09-17T23:51:11Z,5351,40.8,2400,2400,2400,2400,0x0,26,32,19,0.0,103.9,7061,6953,2448,5691,1
2026-09-17T23:51:12Z,5352,40.2,2400,2400,2400,2400,0x0,26,32,19,0.0,143.1,7061,6953,2448,5692,1
2026-09-17T23:51:14Z,5353,40.2,2400,2400,2400,2400,0x0,26,32,19,0.0,136.7,7061,6952,2448,5694,1
2026-09-17T23:51:15Z,5355,41.4,2400,2400,2400,2400,0x0,26,32,19,0.0,25.5,7061,6952,2448,5695,1
2026-09-17T23:51:16Z,5356,40.8,2400,2400,2400,2400,0x0,26,32,19,0.0,0.0,7061,6952,2448,5696,1
2026-09-17T23:51:17Z,5357,39.7,2400,2400,2400,2400,0x0,26,32,19,0.0,0.0,7061,6952,2448,5697,1
2026-09-17T23:51:18Z,5358,39.7,2400,2400,2400,2400,0x0,26,32,19,0.0,64.5,7061,6952,2448,5698,1
2026-09-17T23:51:19Z,5359,40.8,2400,2400,2400,2400,0x0,26,32,19,0.0,64.7,7061,6952,2448,5699,1
2026-09-17T23:51:20Z,5360,39.7,2400,2400,2400,2400,0x0,26,32,19,0.0,64.5,7061,6952,2448,5700,1
2026-09-17T23:51:21Z,5361,40.8,2400,2400,2400,2400,0x0,26,32,19,0.0,84.8,7061,6952,2448,5701,1
2026-09-17T23:51:22Z,5362,39.7,2400,2400,2400,2400,0x0,26,32,19,0.0,60.6,7061,6952,2448,5702,1
2026-09-17T23:51:23Z,5363,40.2,2400,2400,2400,2400,0x0,26,32,19,0.0,107.9,7061,6952,2448,5703,1
2026-09-17T23:51:24Z,5364,40.8,2400,2400,2400,2400,0x0,26,32,19,0.0,37.4,7061,6952,2448,5704,1
2026-09-17T23:51:26Z,5365,40.2,2400,2400,2400,2400,0x0,26,32,19,0.0,64.5,7061,6952,2448,5705,1
2026-09-17T23:51:27Z,5367,40.2,2400,2400,2400,2400,0x0,26,32,19,0.0,32.3,7061,6952,2448,5706,1
2026-09-17T23:51:28Z,5368,41.4,2400,2400,2400,2400,0x0,26,32,19,0.0,80.7,7061,6952,2448,5708,1
2026-09-17T23:51:29Z,5369,40.8,2400,2400,2400,2400,0x0,26,32,19,0.0,129.2,7061,6952,2448,5709,1
2026-09-17T23:51:30Z,5370,40.2,2400,2400,2400,2400,0x0,26,32,19,0.0,80.8,7061,6952,2448,5710,1
2026-09-17T23:51:31Z,5371,40.8,2400,2400,2400,2400,0x0,26,32,19,0.0,134.3,7061,6952,2448,5711,1
2026-09-17T23:51:32Z,5372,39.7,2400,2400,2400,2400,0x0,26,32,19,0.0,144.2,7061,6952,2448,5712,1
2026-09-17T23:51:33Z,5373,39.1,2400,2400,2400,2400,0x0,26,32,19,0.0,92.6,7061,6952,2448,5713,1
2026-09-17T23:51:34Z,5374,40.8,2400,2400,2400,2400,0x0,26,32,19,0.0,0.1,7061,6952,2448,5714,1
2026-09-17T23:51:35Z,5375,40.2,2400,2400,2400,2400,0x0,26,32,19,0.0,0.0,7061,6951,2448,5715,1
2026-09-17T23:51:36Z,5376,41.4,2400,2400,2400,2400,0x0,26,32,19,0.0,0.0,7061,6951,2448,5716,1
2026-09-17T23:51:37Z,5377,40.2,2400,2400,2400,2400,0x0,26,32,19,0.0,44.6,7061,6951,2448,5717,1
2026-09-17T23:51:38Z,5378,41.4,2400,2400,2400,2400,0x0,26,32,19,0.0,60.6,7061,6951,2448,5718,1
2026-09-17T23:51:39Z,5379,40.8,2400,2400,2400,2400,0x0,26,32,19,0.0,72.4,7061,6951,2448,5719,1
2026-09-17T23:51:41Z,5380,41.9,2400,2400,2400,2400,0x0,26,32,19,0.0,64.5,7061,6951,2448,5720,1
2026-09-17T23:51:42Z,5382,40.8,2400,2400,2400,2400,0x0,26,32,19,0.0,32.4,7061,6951,2448,5721,1
2026-09-17T23:51:43Z,5383,40.8,2400,2400,2400,2400,0x0,26,32,19,0.0,100.7,7061,6951,2448,5723,1
2026-09-17T23:51:44Z,5384,41.4,2400,2400,2400,2400,0x0,26,32,19,0.0,45.2,7061,6951,2448,5724,1
2026-09-17T23:51:45Z,5385,41.4,2400,2400,2400,2400,0x0,26,32,19,0.0,60.2,7061,6951,2448,5725,1
2026-09-17T23:51:46Z,5386,40.8,2400,2400,2400,2400,0x0,26,32,19,0.0,84.5,7061,6950,2448,5726,1
2026-09-17T23:51:47Z,5387,40.8,2400,2400,2400,2400,0x0,26,32,19,0.0,64.5,7061,6950,2448,5727,1
2026-09-17T23:51:48Z,5388,40.8,2400,2400,2400,2400,0x0,26,32,19,0.0,95.6,7061,6950,2448,5728,1
2026-09-17T23:51:49Z,5389,40.2,2400,2400,2400,2400,0x0,26,32,19,0.0,134.3,7061,6950,2448,5729,1
2026-09-17T23:51:50Z,5390,40.8,2400,2400,2400,2400,0x0,26,32,19,0.0,12.2,7061,6950,2448,5730,1
2026-09-17T23:51:51Z,5391,40.2,2400,2400,2400,2400,0x0,26,32,19,0.0,27.3,7061,6950,2448,5731,1
2026-09-17T23:51:52Z,5392,40.8,2400,2400,2400,2400,0x0,26,32,19,0.0,87.1,7061,6950,2448,5732,1
2026-09-17T23:51:53Z,5393,40.2,2400,2400,2400,2400,0x0,26,32,19,0.0,58.1,7061,6950,2448,5733,1
2026-09-17T23:51:54Z,5394,40.8,2400,2400,2400,2400,0x0,26,32,19,0.0,129.2,7061,6950,2448,5734,1
2026-09-17T23:51:56Z,5396,40.8,2400,2400,2400,2400,0x0,26,32,19,0.0,75.2,7061,6950,2448,5736,1
2026-09-17T23:51:57Z,5397,40.8,2400,2400,2400,2400,0x0,26,32,19,0.0,0.0,7061,6950,2448,5737,1
2026-09-17T23:51:58Z,5398,40.8,2400,2400,2400,2400,0x0,26,32,19,0.0,3.9,7061,6950,2448,5738,1
2026-09-17T23:51:59Z,5399,41.4,2400,2400,2400,2400,0x0,26,32,19,0.0,109.0,7061,6950,2448,5739,1
2026-09-17T23:52:00Z,5400,41.4,2400,2400,2400,2400,0x0,26,32,19,0.0,133.3,7061,6950,2448,5740,1
2026-09-17T23:52:01Z,5401,40.8,2400,2400,2400,2400,0x0,26,32,19,0.0,141.3,7061,6950,2448,5741,1
2026-09-17T23:52:02Z,5402,40.8,2400,2400,2400,2400,0x0,26,32,19,0.0,64.5,7061,6950,2448,5742,1
2026-09-17T23:52:03Z,5403,41.4,2400,2400,2400,2400,0x0,26,32,19,0.0,0.0,7061,6950,2448,5743,1
2026-09-17T23:52:04Z,5404,40.2,2400,2400,2400,2400,0x0,26,32,19,0.0,0.0,7061,6950,2448,5744,1
2026-09-17T23:52:05Z,5405,40.2,2400,2400,2400,2400,0x0,26,32,19,0.0,33.7,7061,6950,2448,5745,1
2026-09-17T23:52:06Z,5406,40.8,2400,2400,2400,2400,0x0,26,32,19,0.0,59.4,7061,6950,2448,5746,1
2026-09-17T23:52:07Z,5407,40.8,2400,2400,2400,2400,0x0,26,32,19,0.0,87.1,7061,6949,2448,5747,1
2026-09-17T23:52:08Z,5408,41.4,2400,2400,2400,2400,0x0,26,32,19,0.0,74.0,7061,6949,2448,5748,1
2026-09-17T23:52:09Z,5409,40.8,2400,2400,2400,2400,0x0,26,32,19,0.0,52.6,7061,6949,2448,5749,1
2026-09-17T23:52:11Z,5410,41.9,2400,2400,2400,2400,0x0,26,32,19,0.0,78.2,7061,6949,2448,5750,1
2026-09-17T23:52:12Z,5412,39.1,2400,2400,2400,2400,0x0,26,32,19,0.0,33.6,7061,6949,2448,5752,1
2026-09-17T23:52:13Z,5413,39.7,2400,2400,2400,2400,0x0,26,32,19,0.0,48.4,7061,6949,2170,5753,1
2026-09-17T23:52:14Z,5414,40.8,2400,2400,2400,2400,0x0,26,32,19,0.0,0.0,7061,6949,1923,5754,1
2026-09-17T23:52:15Z,5415,40.8,2400,2400,2400,2400,0x0,26,32,19,0.0,0.0,7061,6949,77,5755,1
2026-09-17T23:52:16Z,5416,40.8,2400,2400,2400,2400,0x0,26,32,19,0.0,0.1,7061,6949,77,5756,1
2026-09-17T23:52:17Z,5417,40.8,2400,2400,2400,2400,0x0,26,32,19,0.0,0.0,7061,6949,,5757,0
2026-09-17T23:52:18Z,5418,40.8,2400,2400,2400,2400,0x0,26,32,19,0.0,53.6,7061,6949,,5758,0
2026-09-17T23:52:19Z,5419,40.2,2400,2400,2400,2400,0x0,26,32,19,0.0,169.7,7061,6949,,5759,0
2026-09-17T23:52:20Z,5420,40.2,2400,2400,2400,2400,0x0,26,32,19,0.0,143.9,7061,6949,,5760,0
2026-09-17T23:52:21Z,5421,40.2,2400,2400,2400,2400,0x0,26,32,19,0.0,36.1,7061,6949,,5761,0
2026-09-17T23:52:22Z,5422,40.8,2400,2400,2400,2400,0x0,26,32,19,0.0,0.0,7061,6949,,5762,0
2026-09-17T23:52:24Z,5423,39.1,2400,2400,2400,2400,0x0,26,32,19,0.0,0.0,7061,6949,,5763,0
2026-09-17T23:52:25Z,5425,40.2,2400,2400,2400,2400,0x0,26,32,19,0.0,0.0,7061,6949,,5765,0
2026-09-17T23:52:26Z,5426,40.8,2400,2400,2400,2400,0x0,26,32,19,0.0,0.0,7061,6949,,5766,0
2026-09-17T23:52:27Z,5427,39.1,2400,2400,2400,2400,0x0,26,32,19,0.0,0.0,7061,6949,,5767,0
2026-09-17T23:52:28Z,5428,40.2,2400,2400,2400,2400,0x0,26,32,19,0.0,0.0,7061,6949,,5768,0
2026-09-17T23:52:29Z,5429,40.2,2400,2400,2400,2400,0x0,26,32,19,0.0,0.0,7061,6949,,5769,0
2026-09-17T23:52:30Z,5430,40.8,2400,2400,2400,2400,0x0,26,32,19,0.0,0.0,7061,6949,,5770,0
2026-09-17T23:52:31Z,5431,40.2,2400,2400,2400,2400,0x0,26,32,19,0.0,0.0,7061,6949,,5771,0
2026-09-17T23:52:32Z,5432,40.8,2400,2400,2400,2400,0x0,26,32,19,0.0,0.0,7061,6949,,5772,0
2026-09-17T23:52:33Z,5433,40.8,2400,2400,2400,2400,0x0,26,32,19,0.0,0.0,7061,6949,,5773,0
2026-09-17T23:52:34Z,5434,40.2,2400,2400,2400,2400,0x0,26,32,19,0.0,0.0,7061,6949,,5774,0
2026-09-17T23:52:35Z,5435,40.8,2400,2400,2400,2400,0x0,26,32,19,0.0,0.0,7061,6949,,5775,0
2026-09-17T23:52:36Z,5436,40.2,2400,2400,2400,2400,0x0,26,32,19,0.0,0.0,7061,6949,,5776,0
2026-09-17T23:52:37Z,5437,39.1,2400,2400,2400,2400,0x0,26,32,19,0.0,0.0,7061,6949,,5777,0
2026-09-17T23:52:38Z,5438,40.2,2400,2400,2400,2400,0x0,26,32,19,0.0,0.0,7061,6949,,5778,0
2026-09-17T23:52:39Z,5439,39.1,2400,2400,2400,2400,0x0,26,32,19,0.0,0.0,7061,6949,,5779,0
2026-09-17T23:52:40Z,5440,40.2,2400,2400,2400,2400,0x0,26,32,19,0.0,0.0,7061,6949,,5780,0
2026-09-17T23:52:42Z,5441,38.6,2400,2400,2400,2400,0x0,26,32,19,0.0,0.0,7061,6949,,5781,0
2026-09-17T23:52:43Z,5443,39.1,2400,2400,2400,2400,0x0,26,32,19,0.0,0.0,7061,6949,,5783,0
2026-09-17T23:52:44Z,5444,40.2,2400,2400,2400,2400,0x0,26,32,19,0.0,0.0,7061,6949,,5784,0
2026-09-17T23:52:45Z,5445,40.2,2400,2400,2400,2400,0x0,26,32,19,0.0,0.0,7061,6949,,5785,0
2026-09-17T23:52:46Z,5446,40.8,2400,2400,2400,2400,0x0,26,32,19,0.0,0.0,7061,6949,,5786,0
2026-09-17T23:52:47Z,5447,38.6,2400,2400,2400,2400,0x0,26,32,19,0.0,34.0,7061,6949,,5787,0
2026-09-17T23:52:48Z,5448,40.2,2400,2400,2400,2400,0x0,26,32,19,0.0,0.0,7061,6949,,5788,0
2026-09-17T23:52:49Z,5449,39.7,2400,2400,2400,2400,0x0,26,32,19,0.0,0.0,7061,6949,,5789,0
2026-09-17T23:52:50Z,5450,39.1,2400,2400,2400,2400,0x0,26,31,19,0.0,0.0,7061,6949,,5790,0
2026-09-17T23:52:51Z,5451,40.2,2400,2400,2400,2400,0x0,26,31,19,0.0,0.0,7061,6949,,5791,0
2026-09-17T23:52:52Z,5452,40.2,2400,2400,2400,2400,0x0,26,31,19,0.0,0.0,7061,6949,,5792,0
2026-09-17T23:52:53Z,5453,40.2,2400,2400,2400,2400,0x0,26,31,19,0.0,0.0,7061,6949,,5793,0
2026-09-17T23:52:54Z,5454,39.1,2400,2400,2400,2400,0x0,26,31,19,0.0,0.0,7061,6949,,5794,0
2026-09-17T23:52:55Z,5455,40.2,2400,2400,2400,2400,0x0,26,31,19,0.0,0.0,7061,6949,,5795,0
2026-09-17T23:52:56Z,5456,40.2,2400,2400,2400,2400,0x0,26,31,19,0.0,0.0,7061,6949,,5796,0
2026-09-17T23:52:57Z,5457,40.2,2400,2400,2400,2400,0x0,26,31,19,0.0,0.0,7061,6949,,5797,0
2026-09-17T23:52:59Z,5459,40.8,2400,2400,2400,2400,0x0,26,31,19,0.0,0.0,7061,6949,,5799,0
2026-09-17T23:53:00Z,5460,40.2,2400,2400,2400,2400,0x0,26,31,19,0.0,0.0,7061,6949,,5800,0
2026-09-17T23:53:01Z,5461,38.6,2400,2400,2400,2400,0x0,26,31,19,0.0,0.0,7061,6949,,5801,0
2026-09-17T23:53:02Z,5462,40.2,2400,2400,2400,2400,0x0,26,31,19,0.0,0.0,7061,6949,,5802,0
2026-09-17T23:53:03Z,5463,40.2,2400,2400,2400,2400,0x0,26,31,19,0.0,0.0,7061,6949,,5803,0
2026-09-17T23:53:04Z,5464,40.2,2400,2400,2400,2400,0x0,26,31,19,0.0,0.0,7061,6949,,5804,0
2026-09-17T23:53:05Z,5465,40.8,2400,2400,2400,2400,0x0,26,31,19,0.0,0.0,7061,6949,,5805,0
2026-09-17T23:53:06Z,5466,40.2,2400,2400,2400,2400,0x0,26,31,19,0.0,0.0,7061,6949,,5806,0
2026-09-17T23:53:07Z,5467,40.2,2400,2400,2400,2400,0x0,26,31,19,0.0,0.0,7061,6949,,5807,0
2026-09-17T23:53:08Z,5468,40.8,2400,2400,2400,2400,0x0,26,31,19,0.0,0.0,7061,6949,,5808,0
2026-09-17T23:53:09Z,5469,40.2,2400,2400,2400,2400,0x0,26,31,19,0.0,0.0,7061,6949,,5809,0
2026-09-17T23:53:10Z,5470,40.2,2400,2400,2400,2400,0x0,26,31,19,0.0,0.0,7061,6949,,5810,0
2026-09-17T23:53:11Z,5471,39.1,2400,2400,2400,2400,0x0,26,31,19,0.0,0.0,7061,6949,,5811,0
2026-09-17T23:53:12Z,5472,39.7,2400,2400,2400,2400,0x0,26,31,19,0.0,0.0,7061,6949,,5812,0
2026-09-17T23:53:13Z,5473,40.2,2400,2400,2400,2400,0x0,26,31,19,0.0,0.0,7061,6949,,5813,0
2026-09-17T23:53:15Z,5474,38.6,2400,2400,2400,2400,0x0,26,31,19,0.0,0.0,7061,6949,,5814,0
2026-09-17T23:53:16Z,5476,40.8,2400,2400,2400,2400,0x0,26,31,19,0.0,0.0,7061,6949,,5815,0
2026-09-17T23:53:17Z,5477,40.2,2400,2400,2400,2400,0x0,26,31,19,0.0,0.0,7061,6949,,5817,0
2026-09-17T23:53:18Z,5478,40.2,2400,2400,2400,2400,0x0,26,31,19,0.0,0.0,7061,6949,,5818,0
2026-09-17T23:53:19Z,5479,39.7,2400,2400,2400,2400,0x0,26,31,19,0.0,0.0,7061,6949,,5819,0
2026-09-17T23:53:20Z,5480,40.8,2400,2400,2400,2400,0x0,26,31,19,0.0,0.0,7061,6949,,5820,0
2026-09-17T23:53:21Z,5481,39.7,2400,2400,2400,2400,0x0,26,31,19,0.0,0.0,7061,6949,,5821,0
2026-09-17T23:53:22Z,5482,40.2,2400,2400,2400,2400,0x0,26,30,19,0.0,0.0,7061,6949,,5822,0
2026-09-17T23:53:23Z,5483,39.7,2400,2400,2400,2400,0x0,26,30,19,0.0,0.1,7061,6949,,5823,0
2026-09-17T23:53:24Z,5484,40.8,2400,2400,2400,2400,0x0,26,30,19,0.0,0.0,7061,6949,,5824,0
2026-09-17T23:53:25Z,5485,39.7,2400,2400,2400,2400,0x0,26,30,19,0.0,0.0,7061,6949,,5825,0
2026-09-17T23:53:26Z,5486,39.7,2400,2400,2400,2400,0x0,26,30,19,0.0,0.0,7061,6949,,5826,0
2026-09-17T23:53:27Z,5487,40.8,2400,2400,2400,2400,0x0,26,30,19,0.0,0.0,7061,6949,,5827,0
2026-09-17T23:53:28Z,5488,40.2,2400,2400,2400,2400,0x0,26,30,19,0.0,0.0,7061,6949,,5828,0
2026-09-17T23:53:29Z,5489,39.7,2400,2400,2400,2400,0x0,26,30,19,0.0,0.0,7061,6949,,5829,0
2026-09-17T23:53:30Z,5490,39.7,2400,2400,2400,2400,0x0,26,30,19,0.0,0.0,7061,6949,,5830,0
2026-09-17T23:53:32Z,5491,38.6,2400,2400,2400,2400,0x0,26,30,19,0.0,0.0,7061,6949,,5831,0
2026-09-17T23:53:33Z,5493,39.7,2400,2400,2400,2400,0x0,26,30,19,0.0,0.0,7061,6949,,5832,0
2026-09-17T23:53:34Z,5494,39.7,2400,2400,2400,2400,0x0,26,30,19,0.0,0.0,7061,6949,,5834,0
2026-09-17T23:53:35Z,5495,38.6,2400,2400,2400,2400,0x0,26,30,19,0.0,0.0,7061,6949,,5835,0
2026-09-17T23:53:36Z,5496,39.1,2400,2400,2400,2400,0x0,26,30,19,0.0,0.0,7061,6949,,5836,0
2026-09-17T23:53:37Z,5497,38.6,2400,2400,2400,2400,0x0,26,30,19,0.0,0.0,7061,6949,,5837,0
2026-09-17T23:53:38Z,5498,39.7,2400,2400,2400,2400,0x0,26,30,19,0.0,0.0,7061,6949,,5838,0
2026-09-17T23:53:39Z,5499,39.7,2400,2400,2400,2400,0x0,26,30,19,0.0,0.0,7061,6949,,5839,0
2026-09-17T23:53:40Z,5500,39.7,2400,2400,2400,2400,0x0,26,30,19,0.0,0.0,7061,6949,,5840,0
2026-09-17T23:53:41Z,5501,38.6,2400,2400,2400,2400,0x0,26,30,19,0.0,0.0,7061,6949,,5841,0
2026-09-17T23:53:42Z,5502,40.2,2400,2400,2400,2400,0x0,26,30,19,0.0,0.0,7061,6949,,5842,0
2026-09-17T23:53:43Z,5503,39.7,2400,2400,2400,2400,0x0,26,30,19,0.0,0.0,7061,6949,,5843,0
2026-09-17T23:53:44Z,5504,40.2,2400,2400,2400,2400,0x0,26,30,19,0.0,0.0,7061,6949,,5844,0
2026-09-17T23:53:45Z,5505,39.7,2400,2400,2400,2400,0x0,26,30,19,0.0,0.0,7061,6949,,5845,0
2026-09-17T23:53:46Z,5506,39.7,2400,2400,2400,2400,0x0,26,30,19,0.0,0.0,7061,6949,,5846,0
2026-09-17T23:53:47Z,5507,38.6,2400,2400,2400,2400,0x0,26,30,19,0.0,0.0,7061,6949,,5847,0
2026-09-17T23:53:48Z,5508,39.7,2400,2400,2400,2400,0x0,26,30,19,0.0,0.0,7061,6949,,5848,0
2026-09-17T23:53:50Z,5509,39.7,2400,2400,2400,2400,0x0,26,30,19,0.0,0.0,7061,6949,,5849,0
2026-09-17T23:53:51Z,5511,39.7,2400,2400,2400,2400,0x0,26,30,19,0.0,0.0,7061,6949,,5850,0
2026-09-17T23:53:52Z,5512,40.2,2400,2400,2400,2400,0x0,26,30,19,0.0,0.0,7061,6949,,5852,0
2026-09-17T23:53:53Z,5513,39.7,2400,2400,2400,2400,0x0,26,30,19,0.0,0.0,7061,6949,,5853,0
2026-09-17T23:53:54Z,5514,39.7,2400,2400,2400,2400,0x0,26,28,19,0.0,0.0,7061,6949,,5854,0
2026-09-17T23:53:55Z,5515,39.7,2400,2400,2400,2400,0x0,26,28,19,0.0,0.0,7061,6949,,5855,0
2026-09-17T23:53:56Z,5516,39.7,2400,2400,2400,2400,0x0,26,28,19,0.0,0.0,7061,6949,,5856,0
2026-09-17T23:53:57Z,5517,39.7,2400,2400,2400,2400,0x0,26,28,19,0.0,0.0,7061,6949,,5857,0
2026-09-17T23:53:58Z,5518,38.0,2400,2400,2400,2400,0x0,26,28,19,0.0,0.0,7061,6949,,5858,0
2026-09-17T23:53:59Z,5519,39.7,2400,2400,2400,2400,0x0,26,28,19,0.0,0.0,7061,6949,,5859,0
2026-09-17T23:54:00Z,5520,39.7,2400,2400,2400,2400,0x0,26,28,19,0.0,0.0,7061,6949,,5860,0
2026-09-17T23:54:01Z,5521,39.1,2400,2400,2400,2400,0x0,26,28,19,0.0,0.0,7061,6949,,5861,0
2026-09-17T23:54:02Z,5522,39.7,2400,2400,2400,2400,0x0,26,28,19,0.0,0.0,7061,6949,,5862,0
2026-09-17T23:54:03Z,5523,38.6,2400,2400,2400,2400,0x0,26,28,19,0.0,0.0,7061,6949,,5863,0
2026-09-17T23:54:04Z,5524,39.7,2400,2400,2400,2400,0x0,26,28,19,0.0,0.0,7061,6949,,5864,0
2026-09-17T23:54:05Z,5525,39.7,2400,2400,2400,2400,0x0,26,28,19,0.0,0.0,7061,6949,,5865,0
2026-09-17T23:54:07Z,5526,40.2,2400,2400,2400,2400,0x0,26,28,19,0.0,0.0,7061,6949,,5866,0
2026-09-17T23:54:08Z,5528,40.2,2400,2400,2400,2400,0x0,26,28,19,0.0,0.0,7061,6949,,5868,0
2026-09-17T23:54:09Z,5529,38.6,2400,2400,2400,2400,0x0,26,28,19,0.0,0.0,7061,6949,,5869,0
2026-09-17T23:54:10Z,5530,40.2,2400,2400,2400,2400,0x0,26,28,19,0.0,0.0,7061,6949,,5870,0
2026-09-17T23:54:11Z,5531,40.8,2400,2400,2400,2400,0x0,26,28,19,0.0,0.0,7061,6949,,5871,0
2026-09-17T23:54:12Z,5532,40.2,2400,2400,2400,2400,0x0,26,28,19,0.0,0.0,7061,6949,,5872,0
2026-09-17T23:54:13Z,5533,39.7,2400,2400,2400,2400,0x0,26,28,19,0.0,0.0,7061,6949,,5873,0
2026-09-17T23:54:14Z,5534,40.2,2400,2400,2400,2400,0x0,26,28,19,0.0,0.0,7061,6949,,5874,0
2026-09-17T23:54:15Z,5535,39.7,2400,2400,2400,2400,0x0,26,28,19,0.0,0.0,7061,6949,,5875,0
2026-09-17T23:54:16Z,5536,39.7,2400,2400,2400,2400,0x0,26,28,19,0.0,0.0,7061,6949,,5876,0
2026-09-17T23:54:17Z,5537,38.6,2400,2400,2400,2400,0x0,26,28,19,0.0,0.0,7061,6949,,5877,0
2026-09-17T23:54:18Z,5538,40.2,2400,2400,2400,2400,0x0,26,28,19,0.0,0.0,7061,6949,,5878,0
2026-09-17T23:54:19Z,5539,39.1,2400,2400,2400,2400,0x0,26,28,19,0.0,0.0,7061,6949,,5879,0
2026-09-17T23:54:20Z,5540,39.7,2400,2400,2400,2400,0x0,26,28,19,0.0,0.0,7061,6949,,5880,0
2026-09-17T23:54:21Z,5541,39.1,2400,2400,2400,2400,0x0,26,28,19,0.0,0.0,7061,6949,,5881,0
2026-09-17T23:54:22Z,5542,40.2,2400,2400,2400,2400,0x0,26,28,19,0.0,0.0,7061,6949,,5882,0
2026-09-17T23:54:23Z,5543,40.2,2400,2400,2400,2400,0x0,26,28,19,0.0,0.0,7061,6949,,5883,0
2026-09-17T23:54:25Z,5544,39.7,2400,2400,2400,2400,0x0,26,28,19,0.0,0.0,7061,6949,,5884,0
2026-09-17T23:54:26Z,5546,38.6,2400,2400,2400,2400,0x0,26,27,19,0.0,0.0,7061,6949,,5886,0
2026-09-17T23:54:27Z,5547,39.1,2400,2400,2400,2400,0x0,26,27,19,0.0,0.0,7061,6949,,5887,0
2026-09-17T23:54:28Z,5548,39.7,2400,2400,2400,2400,0x0,26,27,19,0.0,0.0,7061,6949,,5888,0
2026-09-17T23:54:29Z,5549,39.7,2400,2400,2400,2400,0x0,26,27,19,0.0,0.0,7061,6949,,5889,0
2026-09-17T23:54:30Z,5550,39.7,2400,2400,2400,2400,0x0,26,27,19,0.0,0.0,7061,6949,,5890,0
2026-09-17T23:54:31Z,5551,39.7,2400,2400,2400,2400,0x0,26,27,19,0.0,0.0,7061,6949,,5891,0
2026-09-17T23:54:32Z,5552,39.7,2400,2400,2400,2400,0x0,26,27,19,0.0,0.0,7061,6949,,5892,0
2026-09-17T23:54:33Z,5553,39.7,2400,2400,2400,2400,0x0,26,27,19,0.0,0.0,7061,6949,,5893,0
2026-09-17T23:54:34Z,5554,40.2,2400,2400,2400,2400,0x0,26,27,19,0.0,0.0,7061,6949,,5894,0
2026-09-17T23:54:35Z,5555,39.1,2400,2400,2400,2400,0x0,26,27,19,0.0,0.0,7061,6949,,5895,0
2026-09-17T23:54:36Z,5556,38.6,2400,2400,2400,2400,0x0,26,27,19,0.0,0.0,7061,6949,,5896,0
2026-09-17T23:54:37Z,5557,39.7,2400,2400,2400,2400,0x0,26,27,19,0.0,0.0,7061,6949,,5897,0
2026-09-17T23:54:38Z,5558,38.6,2400,2400,2400,2400,0x0,26,27,19,0.0,0.0,7061,6949,,5898,0
2026-09-17T23:54:39Z,5559,39.7,2400,2400,2400,2400,0x0,26,27,19,0.0,0.0,7061,6949,,5899,0
2026-09-17T23:54:40Z,5560,40.2,2400,2400,2400,2400,0x0,26,27,19,0.0,0.0,7061,6949,,5900,0
2026-09-17T23:54:42Z,5561,39.7,2400,2400,2400,2400,0x0,26,27,19,0.0,0.0,7061,6949,,5901,0
2026-09-17T23:54:43Z,5563,39.7,2400,2400,2400,2400,0x0,26,27,19,0.0,0.0,7061,6949,,5903,0
2026-09-17T23:54:44Z,5564,38.6,2400,2400,2400,2400,0x0,26,27,19,0.0,0.0,7061,6949,,5904,0
2026-09-17T23:54:45Z,5565,38.6,2400,2400,2400,2400,0x0,26,27,19,0.0,0.0,7061,6949,,5905,0
2026-09-17T23:54:46Z,5566,39.7,2400,2400,2400,2400,0x0,26,27,19,0.0,0.0,7061,6949,,5906,0
2026-09-17T23:54:47Z,5567,38.6,2400,2400,2400,2400,0x0,26,27,19,0.0,0.0,7061,6949,,5907,0
2026-09-17T23:54:48Z,5568,38.6,2400,2400,2400,2400,0x0,26,27,19,0.0,0.0,7061,6949,,5908,0
2026-09-17T23:54:49Z,5569,39.7,2400,2400,2400,2400,0x0,26,27,19,0.0,0.0,7061,6949,,5909,0
2026-09-17T23:54:50Z,5570,38.0,2400,2400,2400,2400,0x0,26,27,19,0.0,0.0,7061,6949,,5910,0
2026-09-17T23:54:51Z,5571,39.7,2400,2400,2400,2400,0x0,26,27,19,0.0,0.0,7061,6949,,5911,0
2026-09-17T23:54:52Z,5572,38.6,2400,2400,2400,2400,0x0,26,27,19,0.0,0.0,7061,6949,,5912,0
2026-09-17T23:54:53Z,5573,39.7,2400,2400,2400,2400,0x0,26,27,19,0.0,0.0,7061,6949,,5913,0
2026-09-17T23:54:54Z,5574,38.6,2400,2400,2400,2400,0x0,26,27,19,0.0,0.0,7061,6949,,5914,0
2026-09-17T23:54:55Z,5575,38.6,2400,2400,2400,2400,0x0,26,27,19,0.0,0.0,7061,6949,,5915,0
2026-09-17T23:54:56Z,5576,38.6,2400,2400,2400,2400,0x0,26,27,19,0.0,0.0,7061,6949,,5916,0
2026-09-17T23:54:57Z,5577,39.7,2400,2400,2400,2400,0x0,26,27,19,0.0,0.0,7061,6949,,5917,0
2026-09-17T23:54:59Z,5579,40.8,2400,2400,2400,2400,0x0,26,27,19,0.0,0.0,7061,6949,,5918,0
2026-09-17T23:55:00Z,5580,39.7,2400,2400,2400,2400,0x0,26,27,19,0.0,0.0,7061,6949,,5920,0
2026-09-17T23:55:01Z,5581,39.7,2400,2400,2400,2400,0x0,26,27,19,0.0,0.0,7061,6949,,5921,0
2026-09-17T23:55:02Z,5582,40.8,2400,2400,2400,2400,0x0,26,27,19,0.0,0.0,7061,6949,,5922,0
2026-09-17T23:55:03Z,5583,38.6,2400,2400,2400,2400,0x0,26,27,19,0.0,0.0,7061,6949,,5923,0
2026-09-17T23:55:04Z,5584,39.1,2400,2400,2400,2400,0x0,26,27,19,0.0,0.0,7061,6949,,5924,0
2026-09-17T23:55:05Z,5585,39.7,2400,2400,2400,2400,0x0,26,27,19,0.0,0.0,7061,6949,,5925,0
2026-09-17T23:55:06Z,5586,39.7,2400,2400,2400,2400,0x0,26,27,19,0.0,0.0,7061,6949,,5926,0
2026-09-17T23:55:07Z,5587,38.6,2400,2400,2400,2400,0x0,26,27,19,0.0,0.0,7061,6949,,5927,0
2026-09-17T23:55:08Z,5588,40.8,2400,2400,2400,2400,0x0,26,27,19,0.0,0.0,7061,6949,,5928,0
2026-09-17T23:55:09Z,5589,39.1,2400,2400,2400,2400,0x0,26,27,19,0.0,0.0,7061,6949,,5929,0
2026-09-17T23:55:10Z,5590,39.7,2400,2400,2400,2400,0x0,26,27,19,0.0,0.0,7061,6949,,5930,0
2026-09-17T23:55:11Z,5591,39.1,2400,2400,2400,2400,0x0,26,27,19,0.0,0.0,7061,6949,,5931,0
2026-09-17T23:55:12Z,5592,39.1,2400,2400,2400,2400,0x0,26,27,19,0.0,0.0,7061,6949,,5932,0
2026-09-17T23:55:13Z,5593,39.7,2400,2400,2400,2400,0x0,26,27,19,0.0,0.0,7061,6949,,5933,0
2026-09-17T23:55:14Z,5594,39.7,2400,2400,2400,2400,0x0,26,27,19,0.0,0.0,7061,6949,,5934,0
2026-09-17T23:55:16Z,5595,40.2,2400,2400,2400,2400,0x0,26,27,19,0.0,0.0,7061,6949,,5935,0
2026-09-17T23:55:17Z,5597,40.8,2400,2400,2400,2400,0x0,26,27,19,0.0,0.0,7061,6949,,5936,0
2026-09-17T23:55:18Z,5598,39.7,2400,2400,2400,2400,0x0,26,27,19,0.0,0.0,7061,6949,,5938,0
2026-09-17T23:55:19Z,5599,38.6,2400,2400,2400,2400,0x0,26,27,19,0.0,0.0,7061,6949,,5939,0
2026-09-17T23:55:20Z,5600,38.6,2400,2400,2400,2400,0x0,26,27,19,0.0,0.0,7061,6949,,5940,0
2026-09-17T23:55:21Z,5601,38.6,2400,2400,2400,2400,0x0,26,27,19,0.0,0.0,7061,6949,,5941,0
2026-09-17T23:55:22Z,5602,39.1,2400,2400,2400,2400,0x0,26,27,19,0.0,0.0,7061,6949,,5942,0
2026-09-17T23:55:23Z,5603,40.2,2400,2400,2400,2400,0x0,26,27,19,0.0,0.0,7061,6949,,5943,0
2026-09-17T23:55:24Z,5604,39.7,2400,2400,2400,2400,0x0,26,27,19,0.0,0.0,7061,6949,,5944,0
2026-09-17T23:55:25Z,5605,38.6,2400,2400,2400,2400,0x0,26,27,19,0.0,0.0,7061,6949,,5945,0
2026-09-17T23:55:26Z,5606,38.6,2400,2400,2400,2400,0x0,26,27,19,0.0,0.0,7061,6949,,5946,0
2026-09-17T23:55:27Z,5607,38.6,2400,2400,2400,2400,0x0,26,27,19,0.0,0.0,7061,6949,,5947,0
2026-09-17T23:55:28Z,5608,39.7,2400,2400,2400,2400,0x0,26,27,19,0.0,0.0,7061,6949,,5948,0
2026-09-17T23:55:29Z,5609,39.7,2400,2400,2400,2400,0x0,26,27,19,0.0,0.0,7061,6949,,5949,0
2026-09-17T23:55:30Z,5610,38.6,2400,2400,2400,2400,0x0,26,27,19,0.0,0.0,7061,6949,,5950,0
2026-09-17T23:55:31Z,5611,39.1,2400,2400,2400,2400,0x0,26,27,19,0.0,0.0,7061,6949,,5951,0
2026-09-17T23:55:33Z,5612,39.1,2400,2400,2400,2400,0x0,26,27,19,0.0,0.0,7061,6949,,5952,0
2026-09-17T23:55:34Z,5614,39.7,2400,2400,2400,2400,0x0,26,27,19,0.0,0.0,7061,6949,,5953,0
2026-09-17T23:55:35Z,5615,40.2,2400,2400,2400,2400,0x0,26,27,19,0.0,0.0,7061,6949,,5955,0
2026-09-17T23:55:36Z,5616,39.7,2400,2400,2400,2400,0x0,26,27,19,0.0,0.0,7061,6949,,5956,0
2026-09-17T23:55:37Z,5617,38.0,2400,2400,2400,2400,0x0,26,27,19,0.0,0.0,7061,6949,,5957,0
2026-09-17T23:55:38Z,5618,39.7,2400,2400,2400,2400,0x0,26,27,19,0.0,0.0,7061,6949,,5958,0
2026-09-17T23:55:39Z,5619,39.7,2400,2400,2400,2400,0x0,26,27,19,0.0,0.0,7061,6949,,5959,0
2026-09-17T23:55:40Z,5620,38.6,2400,2400,2400,2400,0x0,26,27,19,0.0,0.0,7061,6949,,5960,0
2026-09-17T23:55:41Z,5621,39.7,2400,2400,2400,2400,0x0,26,27,19,0.0,0.0,7061,6949,,5961,0
2026-09-17T23:55:42Z,5622,39.7,2400,2400,2400,2400,0x0,26,27,19,0.0,0.0,7061,6949,,5962,0
2026-09-17T23:55:43Z,5623,38.6,2400,2400,2400,2400,0x0,26,27,19,0.0,0.0,7061,6949,,5963,0
2026-09-17T23:55:44Z,5624,39.1,2400,2400,2400,2400,0x0,26,27,19,0.0,0.0,7061,6949,,5964,0
2026-09-17T23:55:45Z,5625,38.6,2400,2400,2400,2400,0x0,26,27,19,0.0,0.0,7061,6949,,5965,0
2026-09-17T23:55:46Z,5626,39.7,2400,2400,2400,2400,0x0,26,27,19,0.0,0.0,7061,6949,,5966,0
2026-09-17T23:55:47Z,5627,39.7,2400,2400,2400,2400,0x0,26,27,19,0.0,0.0,7061,6949,,5967,0
2026-09-17T23:55:48Z,5628,39.1,2400,2400,2400,2400,0x0,26,27,19,0.0,0.0,7061,6949,,5968,0
2026-09-17T23:55:49Z,5629,38.6,2400,2400,2400,2400,0x0,26,27,19,0.0,0.0,7061,6949,,5969,0
2026-09-17T23:55:51Z,5630,39.7,2400,2400,2400,2400,0x0,26,27,19,0.0,0.0,7061,6949,,5970,0
2026-09-17T23:55:52Z,5632,40.2,2400,2400,2400,2400,0x0,26,27,19,0.0,0.0,7061,6949,,5972,0
2026-09-17T23:55:53Z,5633,39.1,2400,2400,2400,2400,0x0,26,27,19,0.0,0.0,7061,6949,,5973,0
2026-09-17T23:55:54Z,5634,39.7,2400,2400,2400,2400,0x0,26,27,19,0.0,0.0,7061,6949,,5974,0
2026-09-17T23:55:55Z,5635,39.7,2400,2400,2400,2400,0x0,26,27,19,0.0,0.0,7061,6949,,5975,0
2026-09-17T23:55:56Z,5636,38.6,2400,2400,2400,2400,0x0,26,27,19,0.0,0.0,7061,6949,,5976,0
2026-09-17T23:55:57Z,5637,38.6,2400,2400,2400,2400,0x0,26,27,19,0.0,0.0,7061,6949,,5977,0
2026-09-17T23:55:58Z,5638,39.7,2400,2400,2400,2400,0x0,26,27,19,0.0,0.0,7061,6949,,5978,0
2026-09-17T23:55:59Z,5639,40.2,2400,2400,2400,2400,0x0,26,27,19,0.0,0.0,7061,6949,,5979,0
2026-09-17T23:56:00Z,5640,40.2,2400,2400,2400,2400,0x0,26,27,19,0.0,0.0,7061,6949,,5980,0
2026-09-17T23:56:01Z,5641,39.1,2400,2400,2400,2400,0x0,26,26,19,0.0,0.0,7061,6949,,5981,0
2026-09-17T23:56:02Z,5642,39.7,2400,2400,2400,2400,0x0,26,26,19,0.0,0.0,7061,6949,,5982,0
2026-09-17T23:56:03Z,5643,39.1,2400,2400,2400,2400,0x0,26,26,19,0.0,0.0,7061,6949,,5983,0
2026-09-17T23:56:04Z,5644,38.0,2400,2400,2400,2400,0x0,26,26,19,0.0,0.0,7061,6949,,5984,0
2026-09-17T23:56:05Z,5645,38.6,2400,2400,2400,2400,0x0,26,26,19,0.0,0.0,7061,6949,,5985,0
2026-09-17T23:56:06Z,5646,38.6,2400,2400,2400,2400,0x0,26,26,19,0.0,0.0,7061,6949,,5986,0
2026-09-17T23:56:08Z,5647,39.1,2400,2400,2400,2400,0x0,26,26,19,0.0,0.0,7061,6949,,5987,0
2026-09-17T23:56:09Z,5649,39.1,2400,2400,2400,2400,0x0,26,26,19,0.0,0.0,7061,6949,,5989,0
2026-09-17T23:56:10Z,5650,38.6,2400,2400,2400,2400,0x0,26,26,19,0.0,0.0,7061,6949,,5990,0
2026-09-17T23:56:11Z,5651,39.7,2400,2400,2400,2400,0x0,26,26,19,0.0,0.0,7061,6949,,5991,0
2026-09-17T23:56:12Z,5652,39.1,2400,2400,2400,2400,0x0,26,26,19,0.0,0.0,7061,6949,,5992,0
2026-09-17T23:56:13Z,5653,38.0,2400,2400,2400,2400,0x0,26,26,19,0.0,0.0,7061,6949,,5993,0
2026-09-17T23:56:14Z,5654,39.7,2400,2400,2400,2400,0x0,26,26,19,0.0,0.0,7061,6949,,5994,0
2026-09-17T23:56:15Z,5655,39.7,2400,2400,2400,2400,0x0,26,26,19,0.0,0.0,7061,6949,,5995,0
2026-09-17T23:56:16Z,5656,39.1,2400,2400,2400,2400,0x0,26,26,19,0.0,0.0,7061,6949,,5996,0
2026-09-17T23:56:17Z,5657,38.0,2400,2400,2400,2400,0x0,26,26,19,0.0,0.0,7061,6949,,5997,0
2026-09-17T23:56:18Z,5658,39.1,2400,2400,2400,2400,0x0,26,26,19,0.0,0.0,7061,6949,,5998,0
2026-09-17T23:56:19Z,5659,39.1,2400,2400,2400,2400,0x0,26,26,19,0.0,0.0,7061,6949,,5999,0
2026-09-17T23:56:20Z,5660,39.7,2400,2400,2400,2400,0x0,26,26,19,0.0,0.0,7061,6949,,6000,0
2026-09-17T23:56:21Z,5661,38.6,2400,2400,2400,2400,0x0,26,26,19,0.0,0.0,7061,6949,,6001,0
2026-09-17T23:56:22Z,5662,38.6,2400,2400,2400,2400,0x0,26,26,19,0.0,0.0,7061,6949,,6002,0
2026-09-17T23:56:23Z,5663,39.1,2400,2400,2400,2400,0x0,26,26,19,0.0,0.0,7061,6949,,6003,0
2026-09-17T23:56:24Z,5664,39.7,2400,2400,2400,2400,0x0,26,26,19,0.0,0.0,7061,6949,,6004,0
2026-09-17T23:56:26Z,5666,38.6,2400,2400,2400,2400,0x0,26,26,19,0.0,0.0,7061,6949,,6005,0
2026-09-17T23:56:27Z,5667,40.2,2400,2400,2400,2400,0x0,26,26,19,0.0,0.0,7061,6949,,6007,0
2026-09-17T23:56:28Z,5668,39.1,2400,2400,2400,2400,0x0,26,26,19,0.0,0.0,7061,6949,,6008,0
2026-09-17T23:56:29Z,5669,39.7,2400,2400,2400,2400,0x0,26,26,19,0.0,0.0,7061,6949,,6009,0
2026-09-17T23:56:30Z,5670,38.0,2400,2400,2400,2400,0x0,26,26,19,0.0,0.0,7061,6949,,6010,0
2026-09-17T23:56:31Z,5671,38.0,2400,2400,2400,2400,0x0,26,26,19,0.0,0.0,7061,6949,,6011,0
2026-09-17T23:56:32Z,5672,39.1,2400,2400,2400,2400,0x0,26,26,19,0.0,0.0,7061,6949,,6012,0
2026-09-17T23:56:33Z,5673,39.1,2400,2400,2400,2400,0x0,26,26,19,0.0,0.0,7061,6949,,6013,0
2026-09-17T23:56:34Z,5674,39.7,2400,2400,2400,2400,0x0,26,26,19,0.0,0.0,7061,6949,,6014,0
2026-09-17T23:56:35Z,5675,39.7,2400,2400,2400,2400,0x0,26,26,19,0.0,0.0,7061,6949,,6015,0
2026-09-17T23:56:36Z,5676,39.7,2400,2400,2400,2400,0x0,26,26,19,0.0,0.0,7061,6949,,6016,0
2026-09-17T23:56:37Z,5677,38.6,2400,2400,2400,2400,0x0,26,26,19,0.0,0.0,7061,6949,,6017,0
2026-09-17T23:56:38Z,5678,39.1,2400,2400,2400,2400,0x0,26,26,19,0.0,0.0,7061,6949,,6018,0
2026-09-17T23:56:39Z,5679,39.7,2400,2400,2400,2400,0x0,26,26,19,0.0,0.0,7061,6949,,6019,0
2026-09-17T23:56:40Z,5680,39.7,2400,2400,2400,2400,0x0,26,26,19,0.0,0.0,7061,6949,,6020,0
2026-09-17T23:56:42Z,5681,38.0,2400,2400,2400,2400,0x0,26,26,19,0.0,0.0,7061,6949,,6021,0
2026-09-17T23:56:43Z,5683,38.6,2400,2400,2400,2400,0x0,26,26,19,0.0,0.0,7061,6949,,6022,0
2026-09-17T23:56:44Z,5684,39.7,2400,2400,2400,2400,0x0,26,26,19,0.0,0.0,7061,6949,,6024,0
2026-09-17T23:56:45Z,5685,39.7,2400,2400,2400,2400,0x0,26,26,19,0.0,0.0,7061,6949,,6025,0
2026-09-17T23:56:46Z,5686,40.2,2400,2400,2400,2400,0x0,26,26,19,0.0,0.0,7061,6949,,6026,0
2026-09-17T23:56:47Z,5687,40.8,2400,2400,2400,2400,0x0,26,26,19,0.0,0.0,7061,6949,,6027,0
2026-09-17T23:56:48Z,5688,39.7,2400,2400,2400,2400,0x0,26,26,19,0.0,0.0,7061,6949,,6028,0
2026-09-17T23:56:49Z,5689,40.2,2400,2400,2400,2400,0x0,26,26,19,0.0,0.0,7061,6949,,6029,0
2026-09-17T23:56:50Z,5690,39.7,2400,2400,2400,2400,0x0,26,26,19,0.0,0.0,7061,6949,,6030,0
2026-09-17T23:56:51Z,5691,39.1,2400,2400,2400,2400,0x0,26,26,19,0.0,0.0,7061,6949,,6031,0
2026-09-17T23:56:52Z,5692,39.7,2400,2400,2400,2400,0x0,26,26,19,0.0,0.0,7061,6949,,6032,0
2026-09-17T23:56:53Z,5693,38.6,2400,2400,2400,2400,0x0,26,26,19,0.0,0.0,7061,6949,,6033,0
2026-09-17T23:56:54Z,5694,40.8,2400,2400,2400,2400,0x0,26,26,19,0.0,0.0,7061,6949,,6034,0
2026-09-17T23:56:55Z,5695,39.7,2400,2400,2400,2400,0x0,26,26,19,0.0,0.0,7061,6949,,6035,0
2026-09-17T23:56:56Z,5696,39.7,2400,2400,2400,2400,0x0,26,26,19,0.0,0.0,7061,6949,,6036,0
2026-09-17T23:56:57Z,5697,38.6,2400,2400,2400,2400,0x0,26,26,19,0.0,0.0,7061,6949,,6037,0
2026-09-17T23:56:58Z,5698,40.8,2400,2400,2400,2400,0x0,26,26,19,0.0,0.0,7061,6949,,6038,0
2026-09-17T23:57:00Z,5699,38.6,2400,2400,2400,2400,0x0,26,26,19,0.0,0.0,7061,6949,,6039,0
2026-09-17T23:57:01Z,5701,39.7,2400,2400,2400,2400,0x0,26,26,19,0.0,0.0,7061,6949,,6040,0
2026-09-17T23:57:02Z,5702,38.6,2400,2400,2400,2400,0x0,26,26,19,0.0,0.0,7061,6949,,6042,0
2026-09-17T23:57:03Z,5703,39.7,2400,2400,2400,2400,0x0,26,26,19,0.0,0.0,7061,6949,,6043,0
2026-09-17T23:57:04Z,5704,40.2,2400,2400,2400,2400,0x0,26,26,19,0.0,0.0,7061,6949,,6044,0
2026-09-17T23:57:05Z,5705,39.7,2400,2400,2400,2400,0x0,26,26,19,0.0,0.0,7061,6949,,6045,0
2026-09-17T23:57:06Z,5706,38.0,2400,2400,2400,2400,0x0,26,26,19,0.0,0.0,7061,6949,,6046,0
2026-09-17T23:57:07Z,5707,39.7,2400,2400,2400,2400,0x0,26,26,19,0.0,0.0,7061,6949,,6047,0
2026-09-17T23:57:08Z,5708,39.1,2400,2400,2400,2400,0x0,26,26,19,0.0,0.0,7061,6949,,6048,0
2026-09-17T23:57:09Z,5709,39.1,2400,2400,2400,2400,0x0,26,26,19,0.0,0.0,7061,6949,,6049,0
2026-09-17T23:57:10Z,5710,40.2,2400,2400,2400,2400,0x0,26,26,19,0.0,0.0,7061,6949,,6050,0
2026-09-17T23:57:11Z,5711,39.7,2400,2400,2400,2400,0x0,26,26,19,0.0,0.0,7061,6949,,6051,0
2026-09-17T23:57:12Z,5712,38.6,2400,2400,2400,2400,0x0,26,26,19,0.0,0.0,7061,6949,,6052,0
2026-09-17T23:57:13Z,5713,38.6,2400,2400,2400,2400,0x0,26,26,19,0.0,0.0,7061,6949,,6053,0
2026-09-17T23:57:14Z,5714,39.7,2400,2400,2400,2400,0x0,26,26,19,0.0,0.0,7061,6949,,6054,0
2026-09-17T23:57:15Z,5715,38.6,2400,2400,2400,2400,0x0,26,26,19,0.0,0.0,7061,6949,,6055,0
2026-09-17T23:57:17Z,5716,38.6,2400,2400,2400,2400,0x0,26,26,19,0.0,0.0,7061,6949,,6056,0
2026-09-17T23:57:18Z,5718,39.7,2400,2400,2400,2400,0x0,26,26,19,0.0,0.0,7061,6949,,6057,0
2026-09-17T23:57:19Z,5719,39.1,2400,2400,2400,2400,0x0,26,26,19,0.0,0.0,7061,6949,,6059,0
2026-09-17T23:57:20Z,5720,39.1,2400,2400,2400,2400,0x0,26,26,19,0.0,0.0,7061,6949,,6060,0
2026-09-17T23:57:21Z,5721,39.7,2400,2400,2400,2400,0x0,26,26,19,0.0,0.0,7061,6949,,6061,0
2026-09-17T23:57:22Z,5722,39.1,2400,2400,2400,2400,0x0,26,26,19,0.0,0.0,7061,6949,,6062,0
2026-09-17T23:57:23Z,5723,39.7,2400,2400,2400,2400,0x0,26,26,19,0.0,0.0,7061,6949,,6063,0
2026-09-17T23:57:24Z,5724,39.1,2400,2400,2400,2400,0x0,26,26,19,0.0,0.0,7061,6949,,6064,0
2026-09-17T23:57:25Z,5725,39.1,2400,2400,2400,2400,0x0,26,26,19,0.0,0.0,7061,6949,,6065,0
2026-09-17T23:57:26Z,5726,40.2,2400,2400,2400,2400,0x0,26,26,19,0.0,0.0,7061,6949,,6066,0
2026-09-17T23:57:27Z,5727,38.0,2400,2400,2400,2400,0x0,26,26,19,0.0,0.0,7061,6949,,6067,0
2026-09-17T23:57:28Z,5728,39.7,2400,2400,2400,2400,0x0,26,26,19,0.0,0.0,7061,6949,,6068,0
2026-09-17T23:57:29Z,5729,39.7,2400,2400,2400,2400,0x0,26,26,19,0.0,0.0,7061,6949,,6069,0
2026-09-17T23:57:30Z,5730,38.6,2400,2400,2400,2400,0x0,26,26,19,0.0,0.0,7061,6949,,6070,0
2026-09-17T23:57:31Z,5731,39.1,2400,2400,2400,2400,0x0,26,26,19,0.0,0.0,7061,6949,,6071,0
2026-09-17T23:57:32Z,5732,38.6,2400,2400,2400,2400,0x0,26,26,19,0.0,0.0,7061,6949,,6072,0
2026-09-17T23:57:33Z,5733,39.7,2400,2400,2400,2400,0x0,26,26,19,0.0,0.0,7061,6949,,6073,0
2026-09-17T23:57:35Z,5734,39.7,2400,2400,2400,2400,0x0,26,26,19,0.0,0.0,7061,6949,,6074,0
2026-09-17T23:57:36Z,5736,40.2,2400,2400,2400,2400,0x0,26,26,19,0.0,0.0,7061,6949,,6075,0
2026-09-17T23:57:37Z,5737,39.7,2400,2400,2400,2400,0x0,26,26,19,0.0,0.0,7061,6949,,6077,0
2026-09-17T23:57:38Z,5738,39.1,2400,2400,2400,2400,0x0,26,26,19,0.0,0.0,7061,6949,,6078,0
2026-09-17T23:57:39Z,5739,40.8,2400,2400,2400,2400,0x0,26,26,19,0.0,0.0,7061,6949,,6079,0
2026-09-17T23:57:40Z,5740,40.2,2400,2400,2400,2400,0x0,26,26,19,0.0,0.0,7061,6949,,6080,0
2026-09-17T23:57:41Z,5741,38.6,2400,2400,2400,2400,0x0,26,26,19,0.0,0.0,7061,6949,,6081,0
2026-09-17T23:57:42Z,5742,38.0,2400,2400,2400,2400,0x0,26,26,19,0.0,0.0,7061,6949,,6082,0
2026-09-17T23:57:43Z,5743,39.1,2400,2400,2400,2400,0x0,26,26,19,0.0,0.0,7061,6949,,6083,0
2026-09-17T23:57:44Z,5744,39.7,2400,2400,2400,2400,0x0,26,26,19,0.0,0.0,7061,6949,,6084,0
2026-09-17T23:57:45Z,5745,39.7,2400,2400,2400,2400,0x0,26,26,19,0.0,0.0,7061,6949,,6085,0
2026-09-17T23:57:46Z,5746,39.7,2400,2400,2400,2400,0x0,26,26,19,0.0,0.0,7061,6949,,6086,0
2026-09-17T23:57:47Z,5747,40.2,2400,2400,2400,2400,0x0,26,26,19,0.0,0.0,7061,6949,,6087,0
2026-09-17T23:57:48Z,5748,38.0,2400,2400,2400,2400,0x0,26,26,19,0.0,0.0,7061,6949,,6088,0
2026-09-17T23:57:49Z,5749,38.6,2400,2400,2400,2400,0x0,26,26,19,0.0,0.0,7061,6949,,6089,0
2026-09-17T23:57:50Z,5750,39.7,2400,2400,2400,2400,0x0,26,26,19,0.0,0.0,7061,6949,,6090,0
2026-09-17T23:57:52Z,5751,39.1,2400,2400,2400,2400,0x0,26,26,19,0.0,0.0,7061,6949,,6091,0
2026-09-17T23:57:53Z,5753,39.7,2400,2400,2400,2400,0x0,26,26,19,0.0,0.0,7061,6949,,6093,0
2026-09-17T23:57:54Z,5754,39.7,2400,2400,2400,2400,0x0,26,26,19,0.0,0.0,7061,6949,,6094,0
2026-09-17T23:57:55Z,5755,39.1,2400,2400,2400,2400,0x0,26,26,19,0.0,0.0,7061,6949,,6095,0
2026-09-17T23:57:56Z,5756,38.6,2400,2400,2400,2400,0x0,26,26,19,0.0,0.0,7061,6949,,6096,0
2026-09-17T23:57:57Z,5757,39.7,2400,2400,2400,2400,0x0,26,26,19,0.0,0.0,7061,6949,,6097,0
2026-09-17T23:57:58Z,5758,39.7,2400,2400,2400,2400,0x0,26,26,19,0.0,0.0,7061,6949,,6098,0
2026-09-17T23:57:59Z,5759,40.2,2400,2400,2400,2400,0x0,26,26,19,0.0,0.0,7061,6949,,6099,0
2026-09-17T23:58:00Z,5760,39.7,2400,2400,2400,2400,0x0,26,26,19,0.0,0.0,7061,6949,,6100,0
2026-09-17T23:58:01Z,5761,40.2,2400,2400,2400,2400,0x0,26,26,19,0.0,0.0,7061,6949,,6101,0
2026-09-17T23:58:02Z,5762,39.1,2400,2400,2400,2400,0x0,26,26,19,0.0,0.0,7061,6949,,6102,0
2026-09-17T23:58:03Z,5763,38.6,2400,2400,2400,2400,0x0,26,26,19,0.0,0.0,7061,6949,,6103,0
2026-09-17T23:58:04Z,5764,38.0,2400,2400,2400,2400,0x0,26,26,19,0.0,0.0,7061,6949,,6104,0
2026-09-17T23:58:05Z,5765,39.1,2400,2400,2400,2400,0x0,26,26,19,0.0,0.0,7061,6949,,6105,0
2026-09-17T23:58:06Z,5766,39.7,2400,2400,2400,2400,0x0,26,26,19,0.0,0.0,7061,6949,,6106,0
2026-09-17T23:58:07Z,5767,38.6,2400,2400,2400,2400,0x0,26,26,19,0.0,0.0,7061,6949,,6107,0
2026-09-17T23:58:09Z,5768,39.1,2400,2400,2400,2400,0x0,25,26,19,0.0,0.0,7061,6949,,6108,0
2026-09-17T23:58:10Z,5770,38.6,2400,2400,2400,2400,0x0,25,26,19,0.0,0.0,7061,6949,,6110,0
2026-09-17T23:58:11Z,5771,38.6,2400,2400,2400,2400,0x0,25,26,19,0.0,0.0,7061,6949,,6111,0
2026-09-17T23:58:12Z,5772,39.7,2400,2400,2400,2400,0x0,25,26,19,0.0,0.0,7061,6949,,6112,0
2026-09-17T23:58:13Z,5773,39.7,2400,2400,2400,2400,0x0,25,26,19,0.0,0.0,7061,6949,,6113,0
2026-09-17T23:58:14Z,5774,39.1,2400,2400,2400,2400,0x0,25,26,19,0.0,0.0,7061,6949,,6114,0
2026-09-17T23:58:15Z,5775,39.7,2400,2400,2400,2400,0x0,25,26,19,0.0,0.0,7061,6949,,6115,0
2026-09-17T23:58:16Z,5776,39.7,2400,2400,2400,2400,0x0,25,26,19,0.0,0.0,7061,6949,,6116,0
2026-09-17T23:58:17Z,5777,39.7,2400,2400,2400,2400,0x0,25,26,19,0.0,0.0,7061,6949,,6117,0
2026-09-17T23:58:18Z,5778,39.1,2400,2400,2400,2400,0x0,25,26,19,0.0,0.0,7061,6949,,6118,0
2026-09-17T23:58:19Z,5779,39.7,2400,2400,2400,2400,0x0,25,26,19,0.0,0.0,7061,6949,,6119,0
2026-09-17T23:58:20Z,5780,39.7,2400,2400,2400,2400,0x0,25,26,19,0.0,0.0,7061,6949,,6120,0
2026-09-17T23:58:21Z,5781,39.7,2400,2400,2400,2400,0x0,25,26,19,0.0,0.0,7061,6949,,6121,0
2026-09-17T23:58:22Z,5782,39.1,2400,2400,2400,2400,0x0,25,26,19,0.0,0.0,7061,6949,,6122,0
2026-09-17T23:58:23Z,5783,38.6,2400,2400,2400,2400,0x0,25,26,19,0.0,0.0,7061,6949,,6123,0
2026-09-17T23:58:24Z,5784,39.7,2400,2400,2400,2400,0x0,25,26,19,0.0,0.0,7061,6949,,6124,0
2026-09-17T23:58:25Z,5785,39.7,2400,2400,2400,2400,0x0,25,26,19,0.0,0.0,7061,6949,,6125,0
2026-09-17T23:58:27Z,5787,39.1,2400,2400,2400,2400,0x0,25,26,19,0.0,0.0,7061,6949,,6126,0
2026-09-17T23:58:28Z,5788,39.7,2400,2400,2400,2400,0x0,25,26,19,0.0,0.0,7061,6949,,6128,0
2026-09-17T23:58:29Z,5789,39.7,2400,2400,2400,2400,0x0,25,26,19,0.0,0.0,7061,6949,,6129,0
2026-09-17T23:58:30Z,5790,39.7,2400,2400,2400,2400,0x0,25,26,19,0.0,0.0,7061,6949,,6130,0
2026-09-17T23:58:31Z,5791,40.2,2400,2400,2400,2400,0x0,25,26,19,0.0,0.0,7061,6949,,6131,0
2026-09-17T23:58:32Z,5792,39.1,2400,2400,2400,2400,0x0,25,26,19,0.0,0.0,7061,6949,,6132,0
2026-09-17T23:58:33Z,5793,39.1,2400,2400,2400,2400,0x0,25,26,19,0.0,0.0,7061,6949,,6133,0
2026-09-17T23:58:34Z,5794,38.6,2400,2400,2400,2400,0x0,25,26,19,0.0,0.0,7061,6949,,6134,0
2026-09-17T23:58:35Z,5795,39.7,2400,2400,2400,2400,0x0,25,26,19,0.0,0.0,7061,6949,,6135,0
2026-09-17T23:58:36Z,5796,38.0,2400,2400,2400,2400,0x0,25,26,19,0.0,0.0,7061,6949,,6136,0
2026-09-17T23:58:37Z,5797,38.6,2400,2400,2400,2400,0x0,25,26,19,0.0,0.0,7061,6949,,6137,0
2026-09-17T23:58:38Z,5798,39.7,2400,2400,2400,2400,0x0,25,26,19,0.0,0.0,7061,6949,,6138,0
2026-09-17T23:58:39Z,5799,39.1,2400,2400,2400,2400,0x0,25,26,19,0.0,0.0,7061,6949,,6139,0
2026-09-17T23:58:40Z,5800,40.8,2400,2400,2400,2400,0x0,25,26,19,0.0,0.0,7061,6949,,6140,0
2026-09-17T23:58:41Z,5801,38.0,2400,2400,2400,2400,0x0,25,26,19,0.0,0.0,7061,6949,,6141,0
2026-09-17T23:58:43Z,5802,39.1,2400,2400,2400,2400,0x0,25,26,19,0.0,0.0,7061,6949,,6142,0
2026-09-17T23:58:44Z,5804,39.1,2400,2400,2400,2400,0x0,25,26,19,0.0,0.0,7061,6949,,6143,0
2026-09-17T23:58:45Z,5805,39.7,2400,2400,2400,2400,0x0,25,26,19,0.0,0.0,7061,6949,,6145,0
2026-09-17T23:58:46Z,5806,38.6,2400,2400,2400,2400,0x0,25,26,19,0.0,0.0,7061,6949,,6146,0
2026-09-17T23:58:47Z,5807,39.1,2400,2400,2400,2400,0x0,25,26,19,0.0,0.0,7061,6949,,6147,0
2026-09-17T23:58:48Z,5808,38.0,2400,2400,2400,2400,0x0,25,26,19,0.0,0.0,7061,6949,,6148,0
2026-09-17T23:58:49Z,5809,38.0,2400,2400,2400,2400,0x0,25,26,19,0.0,0.0,7061,6949,,6149,0
2026-09-17T23:58:50Z,5810,39.7,2400,2400,2400,2400,0x0,25,26,19,0.0,0.0,7061,6949,,6150,0
2026-09-17T23:58:51Z,5811,39.7,2400,2400,2400,2400,0x0,25,26,19,0.0,0.0,7061,6949,,6151,0
2026-09-17T23:58:52Z,5812,39.7,2400,2400,2400,2400,0x0,25,26,19,0.0,0.0,7061,6949,,6152,0
2026-09-17T23:58:53Z,5813,39.7,2400,2400,2400,2400,0x0,25,26,19,0.0,0.0,7061,6949,,6153,0
2026-09-17T23:58:54Z,5814,39.7,2400,2400,2400,2400,0x0,25,26,19,0.0,0.0,7061,6949,,6154,0
2026-09-17T23:58:55Z,5815,38.6,2400,2400,2400,2400,0x0,25,26,19,0.0,0.0,7061,6949,,6155,0
2026-09-17T23:58:56Z,5816,38.0,2400,2400,2400,2400,0x0,25,26,19,0.0,0.0,7061,6949,,6156,0
2026-09-17T23:58:57Z,5817,39.1,2400,2400,2400,2400,0x0,25,26,19,0.0,0.0,7061,6949,,6157,0
2026-09-17T23:58:58Z,5818,39.7,2400,2400,2400,2400,0x0,25,26,19,0.0,0.0,7061,6949,,6158,0
2026-09-17T23:58:59Z,5819,39.1,2400,2400,2400,2400,0x0,25,26,19,0.0,0.0,7061,6949,,6159,0
2026-09-17T23:59:01Z,5820,39.7,2400,2400,2400,2400,0x0,25,26,19,0.0,0.0,7061,6949,,6160,0
2026-09-17T23:59:02Z,5822,40.2,2400,2400,2400,2400,0x0,25,26,19,0.0,0.0,7061,6949,,6161,0
2026-09-17T23:59:03Z,5823,38.6,2400,2400,2400,2400,0x0,25,26,19,0.0,0.0,7061,6949,,6163,0
2026-09-17T23:59:04Z,5824,39.7,2400,2400,2400,2400,0x0,25,26,19,0.0,0.0,7061,6949,,6164,0
2026-09-17T23:59:05Z,5825,39.7,2400,2400,2400,2400,0x0,25,26,19,0.0,0.0,7061,6949,,6165,0
2026-09-17T23:59:06Z,5826,39.1,2400,2400,2400,2400,0x0,25,26,19,0.0,0.0,7061,6949,,6166,0
2026-09-17T23:59:07Z,5827,38.6,2400,2400,2400,2400,0x0,25,26,19,0.0,0.0,7061,6949,,6167,0
2026-09-17T23:59:08Z,5828,39.1,2400,2400,2400,2400,0x0,25,26,19,0.0,0.0,7061,6949,,6168,0
2026-09-17T23:59:09Z,5829,38.6,2400,2400,2400,2400,0x0,25,26,19,0.0,0.0,7061,6949,,6169,0
2026-09-17T23:59:10Z,5830,39.7,2400,2400,2400,2400,0x0,25,26,19,0.0,0.0,7061,6949,,6170,0
2026-09-17T23:59:11Z,5831,39.7,2400,2400,2400,2400,0x0,25,26,19,0.0,0.0,7061,6949,,6171,0
2026-09-17T23:59:12Z,5832,39.1,2400,2400,2400,2400,0x0,25,26,19,0.0,0.0,7061,6949,,6172,0
2026-09-17T23:59:13Z,5833,39.1,2400,2400,2400,2400,0x0,25,26,19,0.0,0.0,7061,6949,,6173,0
2026-09-17T23:59:14Z,5834,40.8,2400,2400,2400,2400,0x0,25,26,19,0.0,0.0,7061,6949,,6174,0
2026-09-17T23:59:15Z,5835,38.0,2400,2400,2400,2400,0x0,25,26,19,0.0,0.0,7061,6949,,6175,0
2026-09-17T23:59:16Z,5836,39.7,2400,2400,2400,2400,0x0,25,26,19,0.0,0.0,7061,6949,,6176,0
2026-09-17T23:59:18Z,5837,39.1,2400,2400,2400,2400,0x0,25,26,19,0.0,0.0,7061,6949,,6177,0
2026-09-17T23:59:19Z,5839,39.7,2400,2400,2400,2400,0x0,25,26,19,0.0,0.0,7061,6949,,6178,0
2026-09-17T23:59:20Z,5840,38.0,2400,2400,2400,2400,0x0,25,26,19,0.0,0.0,7061,6949,,6180,0
2026-09-17T23:59:21Z,5841,39.7,2400,2400,2400,2400,0x0,25,26,19,0.0,0.0,7061,6949,,6181,0
2026-09-17T23:59:22Z,5842,39.7,2400,2400,2400,2400,0x0,25,26,19,0.0,0.0,7061,6949,,6182,0
2026-09-17T23:59:23Z,5843,38.6,2400,2400,2400,2400,0x0,25,26,19,0.0,0.0,7061,6949,,6183,0
2026-09-17T23:59:24Z,5844,39.1,2400,2400,2400,2400,0x0,25,26,19,0.0,0.0,7061,6949,,6184,0
2026-09-17T23:59:25Z,5845,39.7,2400,2400,2400,2400,0x0,25,26,19,0.0,0.0,7061,6949,,6185,0
2026-09-17T23:59:26Z,5846,39.7,2400,2400,2400,2400,0x0,25,26,19,0.0,0.0,7061,6949,,6186,0
2026-09-17T23:59:27Z,5847,40.8,2400,2400,2400,2400,0x0,25,26,19,0.0,0.0,7061,6949,,6187,0
2026-09-17T23:59:28Z,5848,38.6,2400,2400,2400,2400,0x0,25,26,19,0.0,0.0,7061,6949,,6188,0
2026-09-17T23:59:29Z,5849,39.7,2400,2400,2400,2400,0x0,25,26,19,0.0,0.0,7061,6949,,6189,0
2026-09-17T23:59:30Z,5850,38.6,2400,2400,2400,2400,0x0,25,26,19,0.0,0.0,7061,6949,,6190,0
2026-09-17T23:59:31Z,5851,39.7,2400,2400,2400,2400,0x0,25,26,19,0.0,0.0,7061,6949,,6191,0
2026-09-17T23:59:32Z,5852,39.1,2400,2400,2400,2400,0x0,25,26,19,0.0,0.0,7061,6949,,6192,0
2026-09-17T23:59:33Z,5853,39.7,2400,2400,2400,2400,0x0,25,26,19,0.0,0.0,7061,6949,,6193,0
2026-09-17T23:59:34Z,5854,39.7,2400,2400,2400,2400,0x0,25,26,19,0.0,0.0,7061,6949,,6194,0
2026-09-17T23:59:36Z,5855,38.6,2400,2400,2400,2400,0x0,25,26,19,0.0,0.0,7061,6949,,6195,0
2026-09-17T23:59:37Z,5857,39.1,2400,2400,2400,2400,0x0,25,26,19,0.0,0.0,7061,6949,,6197,0
2026-09-17T23:59:38Z,5858,38.6,2400,2400,2400,2400,0x0,25,26,19,0.0,0.0,7061,6949,,6198,0
2026-09-17T23:59:39Z,5859,39.7,2400,2400,2400,2400,0x0,25,26,19,0.0,0.0,7061,6949,,6199,0
2026-09-17T23:59:40Z,5860,40.2,2400,2400,2400,2400,0x0,25,26,19,0.0,0.0,7061,6949,,6200,0
2026-09-17T23:59:41Z,5861,39.7,2400,2400,2400,2400,0x0,25,26,19,0.0,0.0,7061,6949,,6201,0
2026-09-17T23:59:42Z,5862,39.1,2400,2400,2400,2400,0x0,25,26,19,0.0,0.0,7061,6949,,6202,0
2026-09-17T23:59:43Z,5863,39.7,2400,2400,2400,2400,0x0,25,26,19,0.0,0.0,7061,6949,,6203,0
2026-09-17T23:59:44Z,5864,39.7,2400,2400,2400,2400,0x0,25,25,19,0.0,0.0,7061,6949,,6204,0
2026-09-17T23:59:45Z,5865,38.0,2400,2400,2400,2400,0x0,25,25,19,0.0,0.0,7061,6949,,6205,0
2026-09-17T23:59:46Z,5866,38.6,2400,2400,2400,2400,0x0,25,25,19,0.0,0.0,7061,6949,,6206,0
2026-09-17T23:59:47Z,5867,38.0,2400,2400,2400,2400,0x0,25,25,19,0.0,0.0,7061,6949,,6207,0
2026-09-17T23:59:48Z,5868,39.1,2400,2400,2400,2400,0x0,25,25,19,0.0,0.0,7061,6949,,6208,0
2026-09-17T23:59:49Z,5869,39.1,2400,2400,2400,2400,0x0,25,25,19,0.0,0.0,7061,6949,,6209,0
2026-09-17T23:59:50Z,5870,38.0,2400,2400,2400,2400,0x0,25,25,19,0.0,0.0,7061,6949,,6210,0
2026-09-17T23:59:51Z,5871,38.6,2400,2400,2400,2400,0x0,25,25,19,0.0,0.0,7061,6949,,6211,0
2026-09-17T23:59:53Z,5872,38.0,2400,2400,2400,2400,0x0,25,25,19,0.0,0.0,7061,6949,,6212,0
2026-09-17T23:59:54Z,5874,39.7,2400,2400,2400,2400,0x0,25,25,19,0.0,0.0,7061,6949,,6214,0
2026-09-17T23:59:55Z,5875,39.1,2400,2400,2400,2400,0x0,25,25,19,0.0,0.0,7061,6949,,6215,0
2026-09-17T23:59:56Z,5876,39.7,2400,2400,2400,2400,0x0,25,25,19,0.0,0.0,7061,6949,,6216,0
2026-09-17T23:59:57Z,5877,39.1,2400,2400,2400,2400,0x0,25,25,19,0.0,0.0,7061,6949,,6217,0
2026-09-17T23:59:58Z,5878,40.2,2400,2400,2400,2400,0x0,25,25,19,0.0,0.0,7061,6949,,6218,0
2026-09-17T23:59:59Z,5879,39.1,2400,2400,2400,2400,0x0,25,25,19,0.0,0.0,7061,6949,,6219,0
2026-09-18T00:00:00Z,5880,39.1,2400,2400,2400,2400,0x0,25,25,19,0.0,0.0,7061,6949,,6220,0
2026-09-18T00:00:01Z,5881,38.6,2400,2400,2400,2400,0x0,25,25,19,0.0,0.0,7061,6949,,6221,0
2026-09-18T00:00:02Z,5882,39.1,2400,2400,2400,2400,0x0,25,25,19,0.0,0.0,7061,6949,,6222,0
2026-09-18T00:00:03Z,5883,39.1,2400,2400,2400,2400,0x0,25,25,19,0.0,0.0,7061,6949,,6223,0
2026-09-18T00:00:04Z,5884,39.7,2400,2400,2400,2400,0x0,25,25,19,0.0,0.0,7061,6949,,6224,0
2026-09-18T00:00:05Z,5885,39.1,2400,2400,2400,2400,0x0,25,25,19,0.0,0.0,7061,6949,,6225,0
2026-09-18T00:00:06Z,5886,39.7,2400,2400,2400,2400,0x0,25,25,19,0.0,0.0,7061,6949,,6226,0
2026-09-18T00:00:07Z,5887,39.1,2400,2400,2400,2400,0x0,25,25,19,0.0,0.0,7061,6949,,6227,0
2026-09-18T00:00:08Z,5888,39.7,2400,2400,2400,2400,0x0,25,25,19,0.0,0.0,7061,6949,,6228,0
2026-09-18T00:00:09Z,5889,39.7,2400,2400,2400,2400,0x0,25,25,19,0.0,0.0,7061,6949,,6229,0
2026-09-18T00:00:11Z,5891,38.0,2400,2400,2400,2400,0x0,25,25,19,0.0,0.0,7061,6949,,6230,0
2026-09-18T00:00:12Z,5892,38.6,2400,2400,2400,2400,0x0,25,25,19,0.0,0.0,7061,6949,,6232,0
2026-09-18T00:00:13Z,5893,39.7,2400,2400,2400,2400,0x0,25,25,19,0.0,0.0,7061,6949,,6233,0
2026-09-18T00:00:14Z,5894,39.7,2400,2400,2400,2400,0x0,25,25,19,0.0,0.0,7061,6949,,6234,0
2026-09-18T00:00:15Z,5895,39.1,2400,2400,2400,2400,0x0,25,25,19,0.0,0.0,7061,6949,,6235,0
2026-09-18T00:00:16Z,5896,38.0,2400,2400,2400,2400,0x0,25,25,19,0.0,0.0,7061,6949,,6236,0
2026-09-18T00:00:17Z,5897,39.7,2400,2400,2400,2400,0x0,25,25,19,0.0,0.0,7061,6949,,6237,0
2026-09-18T00:00:18Z,5898,40.8,2400,2400,2400,2400,0x0,25,25,19,0.0,0.0,7061,6949,,6238,0
2026-09-18T00:00:19Z,5899,38.6,2400,2400,2400,2400,0x0,25,25,19,0.0,0.0,7061,6949,,6239,0
2026-09-18T00:00:20Z,5900,40.2,2400,2400,2400,2400,0x0,25,25,19,0.0,0.0,7061,6949,,6240,0
2026-09-18T00:00:21Z,5901,39.7,2400,2400,2400,2400,0x0,25,25,19,0.0,0.0,7061,6949,,6241,0
2026-09-18T00:00:22Z,5902,39.7,2400,2400,2400,2400,0x0,25,25,19,0.0,0.0,7061,6949,,6242,0
2026-09-18T00:00:23Z,5903,39.7,2400,2400,2400,2400,0x0,25,25,19,0.0,0.0,7061,6949,,6243,0
2026-09-18T00:00:24Z,5904,39.7,2400,2400,2400,2400,0x0,25,25,19,0.0,0.0,7061,6949,,6244,0
2026-09-18T00:00:25Z,5905,39.7,2400,2400,2400,2400,0x0,25,25,19,0.0,0.0,7061,6949,,6245,0
2026-09-18T00:00:27Z,5906,39.1,2400,2400,2400,2400,0x0,25,25,19,0.0,0.0,7061,6949,,6246,0
2026-09-18T00:00:28Z,5908,39.7,2400,2400,2400,2400,0x0,25,25,19,0.0,0.0,7061,6949,,6247,0
2026-09-18T00:00:29Z,5909,39.7,2400,2400,2400,2400,0x0,25,25,19,0.0,0.0,7061,6949,,6249,0
2026-09-18T00:00:30Z,5910,39.1,2400,2400,2400,2400,0x0,25,25,19,0.0,0.0,7061,6949,,6250,0
2026-09-18T00:00:31Z,5911,38.6,2400,2400,2400,2400,0x0,25,25,19,0.0,0.0,7061,6949,,6251,0
2026-09-18T00:00:32Z,5912,39.1,2400,2400,2400,2400,0x0,25,25,19,0.0,0.0,7061,6949,,6252,0
2026-09-18T00:00:33Z,5913,39.1,2400,2400,2400,2400,0x0,25,25,19,0.0,0.0,7061,6949,,6253,0
2026-09-18T00:00:34Z,5914,39.7,2400,2400,2400,2400,0x0,25,25,19,0.0,0.0,7061,6949,,6254,0
2026-09-18T00:00:35Z,5915,39.1,2400,2400,2400,2400,0x0,25,25,19,0.0,0.0,7061,6949,,6255,0
2026-09-18T00:00:36Z,5916,39.7,2400,2400,2400,2400,0x0,25,25,19,0.0,0.0,7061,6949,,6256,0
2026-09-18T00:00:37Z,5917,40.8,2400,2400,2400,2400,0x0,25,25,19,0.0,0.0,7061,6949,,6257,0
2026-09-18T00:00:38Z,5918,38.6,2400,2400,2400,2400,0x0,25,25,19,0.0,0.0,7061,6949,,6258,0
2026-09-18T00:00:39Z,5919,39.1,2400,2400,2400,2400,0x0,25,25,19,0.0,0.0,7061,6949,,6259,0
2026-09-18T00:00:40Z,5920,39.1,2400,2400,2400,2400,0x0,25,25,19,0.0,0.0,7061,6949,,6260,0
2026-09-18T00:00:41Z,5921,39.1,2400,2400,2400,2400,0x0,25,25,19,0.0,0.0,7061,6949,,6261,0
2026-09-18T00:00:42Z,5922,39.1,2400,2400,2400,2400,0x0,25,25,19,0.0,0.0,7061,6949,,6262,0
2026-09-18T00:00:43Z,5923,39.1,2400,2400,2400,2400,0x0,25,25,19,0.0,0.0,7061,6949,,6263,0
2026-09-18T00:00:45Z,5924,39.7,2400,2400,2400,2400,0x0,25,25,19,0.0,0.0,7061,6949,,6264,0
2026-09-18T00:00:46Z,5926,38.0,2400,2400,2400,2400,0x0,25,25,19,0.0,0.0,7061,6949,,6265,0
2026-09-18T00:00:47Z,5927,38.6,2400,2400,2400,2400,0x0,25,25,19,0.0,0.0,7061,6949,,6267,0
2026-09-18T00:00:48Z,5928,39.7,2400,2400,2400,2400,0x0,25,25,19,0.0,0.0,7061,6949,,6268,0
2026-09-18T00:00:49Z,5929,38.6,2400,2400,2400,2400,0x0,25,25,19,0.0,0.0,7061,6949,,6269,0
2026-09-18T00:00:50Z,5930,39.1,2400,2400,2400,2400,0x0,25,25,19,0.0,0.0,7061,6949,,6270,0
2026-09-18T00:00:51Z,5931,39.7,2400,2400,2400,2400,0x0,25,25,19,0.0,0.0,7061,6949,,6271,0
2026-09-18T00:00:52Z,5932,38.6,2400,2400,2400,2400,0x0,25,25,19,0.0,0.0,7061,6949,,6272,0
2026-09-18T00:00:53Z,5933,38.0,2400,2400,2400,2400,0x0,25,25,19,0.0,0.0,7061,6949,,6273,0
2026-09-18T00:00:54Z,5934,39.7,2400,2400,2400,2400,0x0,25,25,19,0.0,0.0,7061,6949,,6274,0
2026-09-18T00:00:55Z,5935,38.0,2400,2400,2400,2400,0x0,25,25,19,0.0,0.0,7061,6949,,6275,0
2026-09-18T00:00:56Z,5936,38.6,2400,2400,2400,2400,0x0,25,25,19,0.0,0.0,7061,6949,,6276,0
2026-09-18T00:00:57Z,5937,38.0,2400,2400,2400,2400,0x0,25,25,19,0.0,0.0,7061,6949,,6277,0
2026-09-18T00:00:58Z,5938,38.0,2400,2400,2400,2400,0x0,25,25,19,0.0,0.0,7061,6949,,6278,0
2026-09-18T00:00:59Z,5939,39.7,2400,2400,2400,2400,0x0,25,25,19,0.0,0.0,7061,6949,,6279,0
2026-09-18T00:01:00Z,5940,39.1,2400,2400,2400,2400,0x0,25,25,19,0.0,0.0,7061,6949,,6280,0
2026-09-18T00:01:02Z,5941,38.0,2400,2400,2400,2400,0x0,25,25,19,0.0,0.0,7061,6949,,6281,0
2026-09-18T00:01:03Z,5943,39.1,2400,2400,2400,2400,0x0,25,25,19,0.0,0.0,7061,6949,,6282,0
2026-09-18T00:01:04Z,5944,39.7,2400,2400,2400,2400,0x0,25,25,19,0.0,0.0,7061,6949,,6284,0
2026-09-18T00:01:05Z,5945,39.1,2400,2400,2400,2400,0x0,25,25,19,0.0,0.0,7061,6949,,6285,0
2026-09-18T00:01:06Z,5946,38.0,2400,2400,2400,2400,0x0,25,25,19,0.0,0.0,7061,6949,,6286,0
2026-09-18T00:01:07Z,5947,39.7,2400,2400,2400,2400,0x0,25,25,19,0.0,0.0,7061,6949,,6287,0
2026-09-18T00:01:08Z,5948,39.7,2400,2400,2400,2400,0x0,25,25,19,0.0,0.0,7061,6949,,6288,0
2026-09-18T00:01:09Z,5949,38.0,2400,2400,2400,2400,0x0,25,25,19,0.0,0.0,7061,6949,,6289,0
2026-09-18T00:01:10Z,5950,39.1,2400,2400,2400,2400,0x0,25,25,19,0.0,0.0,7061,6949,,6290,0
2026-09-18T00:01:11Z,5951,39.1,2400,2400,2400,2400,0x0,25,25,19,0.0,0.0,7061,6949,,6291,0
2026-09-18T00:01:12Z,5952,39.7,2400,2400,2400,2400,0x0,25,25,19,0.0,0.0,7061,6949,,6292,0
2026-09-18T00:01:13Z,5953,39.7,2400,2400,2400,2400,0x0,25,25,19,0.0,0.0,7061,6949,,6293,0
2026-09-18T00:01:14Z,5954,39.1,2400,2400,2400,2400,0x0,25,25,19,0.0,0.0,7061,6949,,6294,0
2026-09-18T00:01:15Z,5955,39.1,2400,2400,2400,2400,0x0,25,25,19,0.0,0.0,7061,6949,,6295,0
2026-09-18T00:01:16Z,5956,38.6,2400,2400,2400,2400,0x0,25,25,19,0.0,0.0,7061,6949,,6296,0
2026-09-18T00:01:17Z,5957,39.7,2400,2400,2400,2400,0x0,25,25,19,0.0,0.0,7061,6949,,6297,0
2026-09-18T00:01:18Z,5958,38.0,2400,2400,2400,2400,0x0,25,25,19,0.0,0.0,7061,6949,,6298,0
2026-09-18T00:01:20Z,5959,39.7,2400,2400,2400,2400,0x0,25,25,19,0.0,0.0,7061,6949,,6299,0
2026-09-18T00:01:21Z,5961,39.1,2400,2400,2400,2400,0x0,25,25,19,0.0,0.0,7061,6949,,6301,0
2026-09-18T00:01:22Z,5962,39.1,2400,2400,2400,2400,0x0,25,25,19,0.0,0.0,7061,6949,,6302,0
2026-09-18T00:01:23Z,5963,39.1,2400,2400,2400,2400,0x0,25,25,19,0.0,0.0,7061,6949,,6303,0
2026-09-18T00:01:24Z,5964,39.1,2400,2400,2400,2400,0x0,25,25,19,0.0,0.0,7061,6949,,6304,0
2026-09-18T00:01:25Z,5965,39.7,2400,2400,2400,2400,0x0,25,25,19,0.0,0.0,7061,6949,,6305,0
2026-09-18T00:01:26Z,5966,38.0,2400,2400,2400,2400,0x0,25,25,19,0.0,0.0,7061,6949,,6306,0
2026-09-18T00:01:27Z,5967,39.1,2400,2400,2400,2400,0x0,25,25,19,0.0,0.0,7061,6949,,6307,0
2026-09-18T00:01:28Z,5968,39.7,2400,2400,2400,2400,0x0,25,25,19,0.0,0.0,7061,6949,,6308,0
2026-09-18T00:01:29Z,5969,39.1,2400,2400,2400,2400,0x0,25,25,19,0.0,0.0,7061,6949,,6309,0
2026-09-18T00:01:30Z,5970,38.0,2400,2400,2400,2400,0x0,25,25,19,0.0,0.0,7061,6949,,6310,0
2026-09-18T00:01:31Z,5971,39.7,2400,2400,2400,2400,0x0,25,25,19,0.0,0.0,7061,6949,,6311,0
2026-09-18T00:01:32Z,5972,39.7,2400,2400,2400,2400,0x0,25,25,19,0.0,0.0,7061,6949,,6312,0
2026-09-18T00:01:33Z,5973,39.1,2400,2400,2400,2400,0x0,25,25,19,0.0,0.0,7061,6949,,6313,0
2026-09-18T00:01:34Z,5974,38.0,2400,2400,2400,2400,0x0,25,25,19,0.0,0.0,7061,6949,,6314,0
2026-09-18T00:01:35Z,5975,39.7,2400,2400,2400,2400,0x0,25,25,19,0.0,0.0,7061,6949,,6315,0
2026-09-18T00:01:37Z,5976,39.7,2400,2400,2400,2400,0x0,25,25,19,0.0,0.0,7061,6949,,6316,0
2026-09-18T00:01:38Z,5978,40.2,2400,2400,2400,2400,0x0,25,25,19,0.0,0.0,7061,6949,,6318,0
2026-09-18T00:01:39Z,5979,39.7,2400,2400,2400,2400,0x0,25,25,19,0.0,0.0,7061,6949,,6319,0
2026-09-18T00:01:40Z,5980,38.6,2400,2400,2400,2400,0x0,25,25,19,0.0,0.0,7061,6949,,6320,0
2026-09-18T00:01:41Z,5981,39.1,2400,2400,2400,2400,0x0,25,25,19,0.0,0.0,7061,6949,,6321,0
2026-09-18T00:01:42Z,5982,39.1,2400,2400,2400,2400,0x0,25,25,19,0.0,0.0,7061,6949,,6322,0
2026-09-18T00:01:43Z,5983,40.2,2400,2400,2400,2400,0x0,25,25,19,0.0,0.0,7061,6949,,6323,0
2026-09-18T00:01:44Z,5984,39.7,2400,2400,2400,2400,0x0,25,25,19,0.0,0.0,7061,6949,,6324,0
2026-09-18T00:01:45Z,5985,39.1,2400,2400,2400,2400,0x0,25,25,19,0.0,0.0,7061,6949,,6325,0
2026-09-18T00:01:46Z,5986,39.7,2400,2400,2400,2400,0x0,25,25,19,0.0,0.0,7061,6949,,6326,0
2026-09-18T00:01:47Z,5987,38.0,2400,2400,2400,2400,0x0,25,25,19,0.0,0.0,7061,6949,,6327,0
2026-09-18T00:01:48Z,5988,39.7,2400,2400,2400,2400,0x0,25,25,19,0.0,0.0,7061,6949,,6328,0
2026-09-18T00:01:49Z,5989,39.1,2400,2400,2400,2400,0x0,25,25,19,0.0,0.0,7061,6949,,6329,0
2026-09-18T00:01:50Z,5990,38.0,2400,2400,2400,2400,0x0,25,25,19,0.0,0.0,7061,6949,,6330,0
2026-09-18T00:01:51Z,5991,39.1,2400,2400,2400,2400,0x0,25,25,19,0.0,0.0,7061,6949,,6331,0
2026-09-18T00:01:52Z,5992,39.1,2400,2400,2400,2400,0x0,25,25,19,0.0,0.0,7061,6949,,6332,0
2026-09-18T00:01:54Z,5993,39.7,2400,2400,2400,2400,0x0,25,25,19,0.0,0.0,7061,6949,,6333,0
2026-09-18T00:01:55Z,5995,40.2,2400,2400,2400,2400,0x0,25,25,19,0.0,0.0,7061,6949,,6335,0
2026-09-18T00:01:56Z,5996,39.7,2400,2400,2400,2400,0x0,25,25,19,0.0,0.0,7061,6949,,6336,0
2026-09-18T00:01:57Z,5997,39.7,2400,2400,2400,2400,0x0,25,25,19,0.0,0.0,7061,6949,,6337,0
2026-09-18T00:01:58Z,5998,39.1,2400,2400,2400,2400,0x0,25,25,19,0.0,0.0,7061,6949,,6338,0
2026-09-18T00:01:59Z,5999,40.8,2400,2400,2400,2400,0x0,25,25,19,0.0,0.0,7061,6949,,6339,0
2026-09-18T00:02:00Z,6000,38.6,2400,2400,2400,2400,0x0,25,25,19,0.0,0.0,7061,6949,,6340,0
2026-09-18T00:02:01Z,6001,39.7,2400,2400,2400,2400,0x0,25,25,19,0.0,0.0,7061,6949,,6341,0
2026-09-18T00:02:02Z,6002,39.1,2400,2400,2400,2400,0x0,25,25,19,0.0,0.0,7061,6949,,6342,0
2026-09-18T00:02:03Z,6003,39.7,2400,2400,2400,2400,0x0,25,25,19,0.0,0.0,7061,6949,,6343,0
2026-09-18T00:02:04Z,6004,39.1,2400,2400,2400,2400,0x0,25,25,19,0.0,0.0,7061,6949,,6344,0
2026-09-18T00:02:05Z,6005,39.7,2400,2400,2400,2400,0x0,25,25,19,0.0,0.0,7061,6949,,6345,0
2026-09-18T00:02:06Z,6006,39.1,2400,2400,2400,2400,0x0,25,25,19,0.0,0.0,7061,6949,,6346,0
2026-09-18T00:02:07Z,6007,39.1,2400,2400,2400,2400,0x0,25,25,19,0.0,0.0,7061,6949,,6347,0
2026-09-18T00:02:08Z,6008,40.2,2400,2400,2400,2400,0x0,25,25,19,0.0,0.0,7061,6949,,6348,0
2026-09-18T00:02:09Z,6009,38.0,2400,2400,2400,2400,0x0,25,25,19,0.0,0.0,7061,6949,,6349,0
2026-09-18T00:02:10Z,6010,38.0,2400,2400,2400,2400,0x0,25,25,19,0.0,0.0,7061,6949,,6350,0
2026-09-18T00:02:12Z,6011,39.1,2400,2400,2400,2400,0x0,25,25,19,0.0,0.0,7061,6949,,6351,0
2026-09-18T00:02:13Z,6013,39.7,2400,2400,2400,2400,0x0,25,25,19,0.0,0.0,7061,6949,,6353,0
2026-09-18T00:02:14Z,6014,39.1,2400,2400,2400,2400,0x0,25,25,19,0.0,0.0,7061,6949,,6354,0
2026-09-18T00:02:15Z,6015,38.0,2400,2400,2400,2400,0x0,25,25,19,0.0,0.0,7061,6949,,6355,0
2026-09-18T00:02:16Z,6016,39.1,2400,2400,2400,2400,0x0,25,25,19,0.0,0.0,7061,6949,,6356,0
2026-09-18T00:02:17Z,6017,39.7,2400,2400,2400,2400,0x0,25,25,19,0.0,0.0,7061,6949,,6357,0
2026-09-18T00:02:18Z,6018,38.6,2400,2400,2400,2400,0x0,25,25,19,0.0,0.0,7061,6949,,6358,0
2026-09-18T00:02:19Z,6019,39.1,2400,2400,2400,2400,0x0,25,25,19,0.0,0.0,7061,6949,,6359,0
2026-09-18T00:02:20Z,6020,38.0,2400,2400,2400,2400,0x0,25,25,19,0.0,0.0,7061,6949,,6360,0
2026-09-18T00:02:21Z,6021,39.7,2400,2400,2400,2400,0x0,25,25,19,0.0,0.0,7061,6949,,6361,0
2026-09-18T00:02:22Z,6022,39.1,2400,2400,2400,2400,0x0,25,25,19,0.0,0.0,7061,6949,,6362,0
2026-09-18T00:02:23Z,6023,39.7,2400,2400,2400,2400,0x0,25,25,19,0.0,0.0,7061,6949,,6363,0
2026-09-18T00:02:24Z,6024,40.8,2400,2400,2400,2400,0x0,25,25,19,0.0,0.0,7061,6949,,6364,0
2026-09-18T00:02:25Z,6025,39.7,2400,2400,2400,2400,0x0,25,25,19,0.0,0.0,7061,6949,,6365,0
2026-09-18T00:02:26Z,6026,39.7,2400,2400,2400,2400,0x0,25,25,19,0.0,0.0,7061,6949,,6366,0
2026-09-18T00:02:28Z,6027,39.1,2400,2400,2400,2400,0x0,25,25,19,0.0,0.0,7061,6949,,6367,0
2026-09-18T00:02:29Z,6029,39.1,2400,2400,2400,2400,0x0,25,25,19,0.0,0.0,7061,6949,,6368,0
2026-09-18T00:02:30Z,6030,39.7,2400,2400,2400,2400,0x0,25,25,19,0.0,0.0,7061,6949,,6370,0
2026-09-18T00:02:31Z,6031,39.7,2400,2400,2400,2400,0x0,25,25,19,0.0,0.0,7061,6949,,6371,0
2026-09-18T00:02:32Z,6032,37.5,2400,2400,2400,2400,0x0,25,25,19,0.0,0.0,7061,6949,,6372,0
2026-09-18T00:02:33Z,6033,38.6,2400,2400,2400,2400,0x0,25,25,19,0.0,0.0,7061,6949,,6373,0
2026-09-18T00:02:34Z,6034,39.7,2400,2400,2400,2400,0x0,25,25,19,0.0,0.0,7061,6949,,6374,0
2026-09-18T00:02:35Z,6035,39.1,2400,2400,2400,2400,0x0,25,25,19,0.0,0.0,7061,6949,,6375,0
2026-09-18T00:02:36Z,6036,39.1,2400,2400,2400,2400,0x0,25,25,19,0.0,0.0,7061,6949,,6376,0
2026-09-18T00:02:37Z,6037,38.0,2400,2400,2400,2400,0x0,25,25,19,0.0,0.0,7061,6949,,6377,0
2026-09-18T00:02:38Z,6038,38.6,2400,2400,2400,2400,0x0,25,25,19,0.0,0.0,7061,6949,,6378,0
2026-09-18T00:02:39Z,6039,39.1,2400,2400,2400,2400,0x0,25,25,19,0.0,0.0,7061,6949,,6379,0
2026-09-18T00:02:40Z,6040,38.6,2400,2400,2400,2400,0x0,25,25,19,0.0,0.0,7061,6949,,6380,0
2026-09-18T00:02:41Z,6041,39.7,2400,2400,2400,2400,0x0,25,25,19,0.0,0.0,7061,6949,,6381,0
2026-09-18T00:02:42Z,6042,39.7,2400,2400,2400,2400,0x0,25,25,19,0.0,0.0,7061,6949,,6382,0
2026-09-18T00:02:43Z,6043,39.7,2400,2400,2400,2400,0x0,25,25,19,0.0,0.0,7061,6949,,6383,0
2026-09-18T00:02:44Z,6044,39.1,2400,2400,2400,2400,0x0,25,25,19,0.0,0.0,7061,6949,,6384,0
2026-09-18T00:02:46Z,6045,39.7,2400,2400,2400,2400,0x0,25,25,19,0.0,0.0,7061,6949,,6385,0
2026-09-18T00:02:47Z,6047,39.7,2400,2400,2400,2400,0x0,25,25,19,0.0,0.0,7061,6949,,6386,0
2026-09-18T00:02:48Z,6048,39.1,2400,2400,2400,2400,0x0,25,25,19,0.0,0.0,7061,6949,,6388,0
2026-09-18T00:02:49Z,6049,38.6,2400,2400,2400,2400,0x0,25,25,19,0.0,0.0,7061,6949,,6389,0
2026-09-18T00:02:50Z,6050,39.1,2400,2400,2400,2400,0x0,25,25,19,0.0,0.0,7061,6949,,6390,0
2026-09-18T00:02:51Z,6051,39.1,2400,2400,2400,2400,0x0,25,25,19,0.0,0.0,7061,6949,,6391,0
2026-09-18T00:02:52Z,6052,39.7,2400,2400,2400,2400,0x0,25,25,19,0.0,0.0,7061,6949,,6392,0
2026-09-18T00:02:53Z,6053,38.0,2400,2400,2400,2400,0x0,25,25,19,0.0,0.0,7061,6949,,6393,0
2026-09-18T00:02:54Z,6054,39.1,2400,2400,2400,2400,0x0,25,25,19,0.0,0.0,7061,6949,,6394,0
2026-09-18T00:02:55Z,6055,38.0,2400,2400,2400,2400,0x0,25,25,19,0.0,0.0,7061,6949,,6395,0
2026-09-18T00:02:56Z,6056,39.7,2400,2400,2400,2400,0x0,25,25,19,0.0,0.0,7061,6949,,6396,0
2026-09-18T00:02:57Z,6057,39.1,2400,2400,2400,2400,0x0,25,25,19,0.0,0.0,7061,6949,,6397,0
2026-09-18T00:02:58Z,6058,39.7,2400,2400,2400,2400,0x0,25,25,19,0.0,0.0,7061,6949,,6398,0
2026-09-18T00:02:59Z,6059,38.0,2400,2400,2400,2400,0x0,25,25,19,0.0,0.0,7061,6949,,6399,0
2026-09-18T00:03:00Z,6060,39.7,2400,2400,2400,2400,0x0,25,25,19,0.0,0.0,7061,6949,,6400,0
2026-09-18T00:03:01Z,6061,39.1,2400,2400,2400,2400,0x0,25,25,19,0.0,0.0,7061,6949,,6401,0
2026-09-18T00:03:03Z,6062,39.1,2400,2400,2400,2400,0x0,25,25,19,0.0,0.0,7061,6949,,6402,0
2026-09-18T00:03:04Z,6064,39.1,2400,2400,2400,2400,0x0,25,25,19,0.0,0.0,7061,6949,,6403,0
2026-09-18T00:03:05Z,6065,37.5,2400,2400,2400,2400,0x0,25,25,19,0.0,0.0,7061,6949,,6405,0
2026-09-18T00:03:06Z,6066,39.1,2400,2400,2400,2400,0x0,25,25,19,0.0,0.0,7061,6949,,6406,0
2026-09-18T00:03:07Z,6067,39.1,2400,2400,2400,2400,0x0,25,25,19,0.0,0.0,7061,6949,,6407,0
2026-09-18T00:03:08Z,6068,38.6,2400,2400,2400,2400,0x0,25,25,19,0.0,0.0,7061,6949,,6408,0
2026-09-18T00:03:09Z,6069,39.7,2400,2400,2400,2400,0x0,25,25,19,0.0,0.0,7061,6949,,6409,0
2026-09-18T00:03:10Z,6070,38.0,2400,2400,2400,2400,0x0,25,25,19,0.0,0.0,7061,6949,,6410,0
2026-09-18T00:03:11Z,6071,39.7,2400,2400,2400,2400,0x0,25,25,19,0.0,0.0,7061,6949,,6411,0
2026-09-18T00:03:12Z,6072,39.7,2400,2400,2400,2400,0x0,25,25,19,0.0,0.0,7061,6949,,6412,0
2026-09-18T00:03:13Z,6073,39.1,2400,2400,2400,2400,0x0,25,25,19,0.0,0.0,7061,6949,,6413,0
2026-09-18T00:03:14Z,6074,38.6,2400,2400,2400,2400,0x0,25,25,19,0.0,0.0,7061,6949,,6414,0
2026-09-18T00:03:15Z,6075,39.1,2400,2400,2400,2400,0x0,25,25,19,0.0,0.0,7061,6949,,6415,0
2026-09-18T00:03:16Z,6076,39.1,2400,2400,2400,2400,0x0,25,25,19,0.0,0.0,7061,6949,,6416,0
2026-09-18T00:03:17Z,6077,39.7,2400,2400,2400,2400,0x0,25,25,19,0.0,0.0,7061,6949,,6417,0
2026-09-18T00:03:18Z,6078,39.7,2400,2400,2400,2400,0x0,25,25,19,0.0,0.0,7061,6949,,6418,0
2026-09-18T00:03:19Z,6079,38.0,2400,2400,2400,2400,0x0,25,25,19,0.0,0.0,7061,6949,,6419,0
2026-09-18T00:03:21Z,6080,38.6,2400,2400,2400,2400,0x0,25,25,19,0.0,0.0,7061,6949,,6420,0
2026-09-18T00:03:22Z,6082,38.0,2400,2400,2400,2400,0x0,25,25,19,0.0,0.0,7061,6949,,6421,0
2026-09-18T00:03:23Z,6083,39.1,2400,2400,2400,2400,0x0,25,25,19,0.0,0.0,7061,6949,,6423,0
2026-09-18T00:03:24Z,6084,39.1,2400,2400,2400,2400,0x0,25,25,19,0.0,0.0,7061,6949,,6424,0
2026-09-18T00:03:25Z,6085,38.0,2400,2400,2400,2400,0x0,25,25,19,0.0,0.0,7061,6949,,6425,0
2026-09-18T00:03:26Z,6086,38.0,2400,2400,2400,2400,0x0,25,25,19,0.0,0.0,7061,6949,,6426,0
2026-09-18T00:03:27Z,6087,39.1,2400,2400,2400,2400,0x0,25,25,19,0.0,0.0,7061,6949,,6427,0
2026-09-18T00:03:28Z,6088,38.6,2400,2400,2400,2400,0x0,25,25,19,0.0,0.0,7061,6949,,6428,0
2026-09-18T00:03:29Z,6089,39.7,2400,2400,2400,2400,0x0,25,25,19,0.0,0.0,7061,6949,,6429,0
2026-09-18T00:03:30Z,6090,39.1,2400,2400,2400,2400,0x0,25,25,19,0.0,0.0,7061,6949,,6430,0
2026-09-18T00:03:31Z,6091,38.6,2400,2400,2400,2400,0x0,25,25,19,0.0,0.0,7061,6949,,6431,0
2026-09-18T00:03:32Z,6092,39.1,2400,2400,2400,2400,0x0,25,25,19,0.0,0.0,7061,6949,,6432,0
2026-09-18T00:03:33Z,6093,38.0,2400,2400,2400,2400,0x0,25,25,19,0.0,0.0,7061,6949,,6433,0
2026-09-18T00:03:34Z,6094,39.7,2400,2400,2400,2400,0x0,25,25,19,0.0,0.0,7061,6949,,6434,0
2026-09-18T00:03:35Z,6095,39.1,2400,2400,2400,2400,0x0,25,25,19,0.0,0.0,7061,6949,,6435,0
2026-09-18T00:03:36Z,6096,40.8,2400,2400,2400,2400,0x0,25,25,19,0.0,0.0,7061,6949,,6436,0
2026-09-18T00:03:38Z,6097,39.7,2400,2400,2400,2400,0x0,25,25,19,0.0,0.0,7061,6949,,6437,0
2026-09-18T00:03:39Z,6099,39.1,2400,2400,2400,2400,0x0,25,25,19,0.0,0.0,7061,6949,,6439,0
2026-09-18T00:03:40Z,6100,37.5,2400,2400,2400,2400,0x0,25,25,19,0.0,0.0,7061,6949,,6440,0
2026-09-18T00:03:41Z,6101,39.7,2400,2400,2400,2400,0x0,25,25,19,0.0,0.0,7061,6949,,6441,0
2026-09-18T00:03:42Z,6102,38.6,2400,2400,2400,2400,0x0,25,25,19,0.0,0.0,7061,6949,,6442,0
2026-09-18T00:03:43Z,6103,38.0,2400,2400,2400,2400,0x0,25,25,19,0.0,0.0,7061,6949,,6443,0
2026-09-18T00:03:44Z,6104,39.7,2400,2400,2400,2400,0x0,25,25,19,0.0,0.0,7061,6949,,6444,0
2026-09-18T00:03:45Z,6105,38.6,2400,2400,2400,2400,0x0,25,25,19,0.0,0.0,7061,6949,,6445,0
2026-09-18T00:03:46Z,6106,38.0,2400,2400,2400,2400,0x0,25,25,19,0.0,0.0,7061,6949,,6446,0
2026-09-18T00:03:47Z,6107,39.1,2400,2400,2400,2400,0x0,25,25,19,0.0,0.0,7061,6949,,6447,0
2026-09-18T00:03:48Z,6108,39.1,2400,2400,2400,2400,0x0,25,25,19,0.0,0.0,7061,6949,,6448,0
2026-09-18T00:03:49Z,6109,39.7,2400,2400,2400,2400,0x0,25,25,19,0.0,0.0,7061,6949,,6449,0
2026-09-18T00:03:50Z,6110,39.1,2400,2400,2400,2400,0x0,25,25,19,0.0,0.0,7061,6949,,6450,0
2026-09-18T00:03:51Z,6111,39.7,2400,2400,2400,2400,0x0,25,25,19,0.0,0.0,7061,6949,,6451,0
2026-09-18T00:03:52Z,6112,39.7,2400,2400,2400,2400,0x0,25,25,19,0.0,0.0,7061,6949,,6452,0
2026-09-18T00:03:53Z,6113,39.1,2400,2400,2400,2400,0x0,25,25,19,0.0,0.0,7061,6949,,6453,0
2026-09-18T00:03:54Z,6114,39.1,2400,2400,2400,2400,0x0,25,25,19,0.0,0.0,7061,6949,,6454,0
2026-09-18T00:03:56Z,6115,38.0,2400,2400,2400,2400,0x0,25,25,19,0.0,0.0,7061,6949,,6455,0
2026-09-18T00:03:57Z,6117,39.1,2400,2400,2400,2400,0x0,25,25,19,0.0,0.0,7061,6949,,6457,0
2026-09-18T00:03:58Z,6118,39.7,2400,2400,2400,2400,0x0,25,25,19,0.0,0.0,7061,6949,,6458,0
2026-09-18T00:03:59Z,6119,38.0,2400,2400,2400,2400,0x0,25,25,19,0.0,0.0,7061,6949,,6459,0
2026-09-18T00:04:00Z,6120,39.1,2400,2400,2400,2400,0x0,25,25,19,0.0,0.0,7061,6949,,6460,0
2026-09-18T00:04:01Z,6121,38.0,2400,2400,2400,2400,0x0,25,25,19,0.0,0.0,7061,6949,,6461,0
2026-09-18T00:04:02Z,6122,39.1,2400,2400,2400,2400,0x0,25,25,19,0.0,0.0,7061,6949,,6462,0
2026-09-18T00:04:03Z,6123,38.0,2400,2400,2400,2400,0x0,25,25,19,0.0,0.0,7061,6949,,6463,0
2026-09-18T00:04:04Z,6124,39.7,2400,2400,2400,2400,0x0,25,25,19,0.0,0.0,7061,6949,,6464,0
2026-09-18T00:04:05Z,6125,39.1,2400,2400,2400,2400,0x0,25,25,19,0.0,0.0,7061,6949,,6465,0
2026-09-18T00:04:06Z,6126,39.1,2400,2400,2400,2400,0x0,25,25,19,0.0,0.0,7061,6949,,6466,0
2026-09-18T00:04:07Z,6127,39.1,2400,2400,2400,2400,0x0,25,25,19,0.0,0.0,7061,6949,,6467,0
2026-09-18T00:04:08Z,6128,39.1,2400,2400,2400,2400,0x0,25,25,19,0.0,0.0,7061,6949,,6468,0
2026-09-18T00:04:09Z,6129,39.7,2400,2400,2400,2400,0x0,25,25,19,0.0,0.0,7061,6949,,6469,0
2026-09-18T00:04:10Z,6130,38.0,2400,2400,2400,2400,0x0,25,25,19,0.0,0.0,7061,6949,,6470,0
2026-09-18T00:04:11Z,6131,38.0,2400,2400,2400,2400,0x0,25,25,19,0.0,0.0,7061,6949,,6471,0
2026-09-18T00:04:13Z,6132,38.6,2400,2400,2400,2400,0x0,25,25,19,0.0,0.0,7061,6949,,6472,0
2026-09-18T00:04:14Z,6134,39.7,2400,2400,2400,2400,0x0,25,25,19,0.0,0.0,7061,6949,,6474,0
2026-09-18T00:04:15Z,6135,39.1,2400,2400,2400,2400,0x0,25,25,19,0.0,0.0,7061,6949,,6475,0
2026-09-18T00:04:16Z,6136,38.6,2400,2400,2400,2400,0x0,25,25,19,0.0,0.0,7061,6949,,6476,0
2026-09-18T00:04:17Z,6137,39.7,2400,2400,2400,2400,0x0,25,25,19,0.0,0.0,7061,6949,,6477,0
2026-09-18T00:04:18Z,6138,39.1,2400,2400,2400,2400,0x0,25,25,19,0.0,0.0,7061,6949,,6478,0
2026-09-18T00:04:19Z,6139,39.1,2400,2400,2400,2400,0x0,25,25,19,0.0,0.0,7061,6949,,6479,0
2026-09-18T00:04:20Z,6140,39.1,2400,2400,2400,2400,0x0,25,25,19,0.0,0.0,7061,6949,,6480,0
2026-09-18T00:04:21Z,6141,38.0,2400,2400,2400,2400,0x0,25,25,19,0.0,0.0,7061,6949,,6481,0
2026-09-18T00:04:22Z,6142,39.7,2400,2400,2400,2400,0x0,25,25,19,0.0,0.0,7061,6949,,6482,0
2026-09-18T00:04:23Z,6143,39.1,2400,2400,2400,2400,0x0,25,25,19,0.0,0.0,7061,6949,,6483,0
2026-09-18T00:04:24Z,6144,39.1,2400,2400,2400,2400,0x0,25,25,19,0.0,0.0,7061,6949,,6484,0
2026-09-18T00:04:25Z,6145,39.7,2400,2400,2400,2400,0x0,25,25,19,0.0,0.0,7061,6949,,6485,0
2026-09-18T00:04:26Z,6146,38.0,2400,2400,2400,2400,0x0,25,25,19,0.0,0.0,7061,6949,,6486,0
2026-09-18T00:04:27Z,6147,39.7,2400,2400,2400,2400,0x0,25,25,19,0.0,0.0,7061,6949,,6487,0
2026-09-18T00:04:28Z,6148,38.0,2400,2400,2400,2400,0x0,25,25,19,0.0,0.0,7061,6949,,6488,0
2026-09-18T00:04:29Z,6149,39.1,2400,2400,2400,2400,0x0,25,25,19,0.0,0.0,7061,6949,,6489,0
2026-09-18T00:04:31Z,6151,39.1,2400,2400,2400,2400,0x0,25,25,19,0.0,0.0,7061,6949,,6491,0
2026-09-18T00:04:32Z,6152,39.1,2400,2400,2400,2400,0x0,25,25,19,0.0,0.0,7061,6949,,6492,0
2026-09-18T00:04:33Z,6153,39.1,2400,2400,2400,2400,0x0,25,25,19,0.0,0.0,7061,6949,,6493,0
2026-09-18T00:04:34Z,6154,38.6,2400,2400,2400,2400,0x0,25,25,19,0.0,0.0,7061,6949,,6494,0
2026-09-18T00:04:35Z,6155,38.0,2400,2400,2400,2400,0x0,25,25,19,0.0,0.0,7061,6949,,6495,0
2026-09-18T00:04:36Z,6156,38.6,2400,2400,2400,2400,0x0,25,25,19,0.0,0.0,7061,6949,,6496,0
2026-09-18T00:04:37Z,6157,39.1,2400,2400,2400,2400,0x0,25,25,19,0.0,0.0,7061,6949,,6497,0
2026-09-18T00:04:38Z,6158,39.1,2400,2400,2400,2400,0x0,25,25,19,0.0,0.0,7061,6949,,6498,0
2026-09-18T00:04:39Z,6159,39.1,2400,2400,2400,2400,0x0,25,25,19,0.0,0.0,7061,6949,,6499,0
2026-09-18T00:04:40Z,6160,39.1,2400,2400,2400,2400,0x0,25,25,19,0.0,0.0,7061,6949,,6500,0
2026-09-18T00:04:41Z,6161,38.0,2400,2400,2400,2400,0x0,25,25,19,0.0,0.0,7061,6949,,6501,0
2026-09-18T00:04:42Z,6162,39.1,2400,2400,2400,2400,0x0,25,25,19,0.0,0.0,7061,6949,,6502,0
2026-09-18T00:04:43Z,6163,39.1,2400,2400,2400,2400,0x0,25,25,19,0.0,0.0,7061,6949,,6503,0
2026-09-18T00:04:44Z,6164,39.1,2400,2400,2400,2400,0x0,25,25,19,0.0,0.0,7061,6949,,6504,0
2026-09-18T00:04:45Z,6165,39.1,2400,2400,2400,2400,0x0,25,25,19,0.0,0.0,7061,6949,,6505,0
2026-09-18T00:04:47Z,6166,38.6,2400,2400,2400,2400,0x0,25,25,19,0.0,0.0,7061,6949,,6506,0
2026-09-18T00:04:48Z,6168,39.1,2400,2400,2400,2400,0x0,25,25,19,0.0,0.0,7061,6949,,6507,0
2026-09-18T00:04:49Z,6169,38.0,2400,2400,2400,2400,0x0,25,25,19,0.0,0.0,7061,6949,,6509,0
2026-09-18T00:04:50Z,6170,39.1,2400,2400,2400,2400,0x0,25,25,19,0.0,0.0,7061,6949,,6510,0
2026-09-18T00:04:51Z,6171,39.1,2400,2400,2400,2400,0x0,25,25,19,0.0,0.0,7061,6949,,6511,0
2026-09-18T00:04:52Z,6172,39.1,2400,2400,2400,2400,0x0,25,25,19,0.0,0.0,7061,6949,,6512,0
2026-09-18T00:04:53Z,6173,39.7,2400,2400,2400,2400,0x0,25,25,19,0.0,0.0,7061,6949,,6513,0
2026-09-18T00:04:54Z,6174,38.6,2400,2400,2400,2400,0x0,25,25,19,0.0,0.0,7061,6949,,6514,0
2026-09-18T00:04:55Z,6175,39.1,2400,2400,2400,2400,0x0,25,25,19,0.0,0.0,7061,6949,,6515,0
2026-09-18T00:04:56Z,6176,39.1,2400,2400,2400,2400,0x0,25,25,19,0.0,0.0,7061,6949,,6516,0
2026-09-18T00:04:57Z,6177,40.2,2400,2400,2400,2400,0x0,25,25,19,0.0,0.0,7061,6949,,6517,0
2026-09-18T00:04:58Z,6178,39.1,2400,2400,2400,2400,0x0,25,25,19,0.0,0.0,7061,6949,,6518,0
2026-09-18T00:04:59Z,6179,39.7,2400,2400,2400,2400,0x0,25,25,19,0.0,0.0,7061,6949,,6519,0
2026-09-18T00:05:00Z,6180,39.1,2400,2400,2400,2400,0x0,25,25,19,0.0,0.0,7061,6949,,6520,0
2026-09-18T00:05:01Z,6181,39.1,2400,2400,2400,2400,0x0,25,25,19,0.0,0.0,7061,6949,,6521,0
2026-09-18T00:05:02Z,6182,39.1,2400,2400,2400,2400,0x0,25,25,19,0.0,0.0,7061,6949,,6522,0
2026-09-18T00:05:04Z,6183,39.1,2400,2400,2400,2400,0x0,25,25,19,0.0,0.0,7061,6949,,6523,0
2026-09-18T00:05:05Z,6185,37.5,2400,2400,2400,2400,0x0,25,25,19,0.0,0.0,7061,6949,,6524,0
2026-09-18T00:05:06Z,6186,38.6,2400,2400,2400,2400,0x0,25,25,19,0.0,0.0,7061,6949,,6526,0
2026-09-18T00:05:07Z,6187,38.6,2400,2400,2400,2400,0x0,25,25,19,0.0,0.0,7061,6949,,6527,0
2026-09-18T00:05:08Z,6188,38.6,2400,2400,2400,2400,0x0,25,25,19,0.0,0.0,7061,6949,,6528,0
2026-09-18T00:05:09Z,6189,39.7,2400,2400,2400,2400,0x0,25,25,19,0.0,0.0,7061,6949,,6529,0
2026-09-18T00:05:10Z,6190,39.1,2400,2400,2400,2400,0x0,25,25,19,0.0,0.0,7061,6949,,6530,0
2026-09-18T00:05:11Z,6191,39.1,2400,2400,2400,2400,0x0,25,25,19,0.0,0.0,7061,6949,,6531,0
2026-09-18T00:05:12Z,6192,39.1,2400,2400,2400,2400,0x0,25,25,19,0.0,0.0,7061,6949,,6532,0
2026-09-18T00:05:13Z,6193,38.6,2400,2400,2400,2400,0x0,25,25,19,0.0,0.0,7061,6949,,6533,0
2026-09-18T00:05:14Z,6194,39.1,2400,2400,2400,2400,0x0,25,25,19,0.0,0.0,7061,6949,,6534,0
2026-09-18T00:05:15Z,6195,39.7,2400,2400,2400,2400,0x0,25,25,19,0.0,0.0,7061,6949,,6535,0
2026-09-18T00:05:16Z,6196,38.0,2400,2400,2400,2400,0x0,25,25,19,0.0,0.0,7061,6949,,6536,0
2026-09-18T00:05:17Z,6197,40.8,2400,2400,2400,2400,0x0,25,25,19,0.0,0.0,7061,6949,,6537,0
2026-09-18T00:05:18Z,6198,38.0,2400,2400,2400,2400,0x0,25,25,19,0.0,0.0,7061,6949,,6538,0
2026-09-18T00:05:20Z,6199,39.1,2400,2400,2400,2400,0x0,25,25,19,0.0,0.0,7061,6949,,6539,0
2026-09-18T00:05:21Z,6201,39.1,2400,2400,2400,2400,0x0,25,25,19,0.0,0.0,7061,6949,,6540,0
2026-09-18T00:05:22Z,6202,39.1,2400,2400,2400,2400,0x0,25,25,19,0.0,0.0,7061,6949,,6542,0
2026-09-18T00:05:23Z,6203,38.6,2400,2400,2400,2400,0x0,25,25,19,0.0,0.0,7061,6949,,6543,0
2026-09-18T00:05:24Z,6204,38.0,2400,2400,2400,2400,0x0,25,25,19,0.0,0.0,7061,6949,,6544,0
2026-09-18T00:05:25Z,6205,39.1,2400,2400,2400,2400,0x0,25,25,19,0.0,0.0,7061,6949,,6545,0
2026-09-18T00:05:26Z,6206,37.5,2400,2400,2400,2400,0x0,25,25,19,0.0,0.0,7061,6949,,6546,0
2026-09-18T00:05:27Z,6207,40.2,2400,2400,2400,2400,0x0,25,25,19,0.0,0.0,7061,6949,,6547,0
2026-09-18T00:05:28Z,6208,39.1,2400,2400,2400,2400,0x0,25,25,19,0.0,0.0,7061,6949,,6548,0
2026-09-18T00:05:29Z,6209,39.7,2400,2400,2400,2400,0x0,25,25,19,0.0,0.0,7061,6949,,6549,0
2026-09-18T00:05:30Z,6210,39.1,2400,2400,2400,2400,0x0,25,25,19,0.0,0.0,7061,6949,,6550,0
2026-09-18T00:05:31Z,6211,39.1,2400,2400,2400,2400,0x0,25,25,19,0.0,0.0,7061,6949,,6551,0
2026-09-18T00:05:32Z,6212,38.0,2400,2400,2400,2400,0x0,25,25,19,0.0,0.0,7061,6949,,6552,0
2026-09-18T00:05:33Z,6213,38.0,2400,2400,2400,2400,0x0,25,25,19,0.0,0.0,7061,6949,,6553,0
2026-09-18T00:05:34Z,6214,38.0,2400,2400,2400,2400,0x0,25,25,19,0.0,0.0,7061,6949,,6554,0
2026-09-18T00:05:35Z,6215,37.5,2400,2400,2400,2400,0x0,25,25,19,0.0,0.0,7061,6949,,6555,0
2026-09-18T00:05:37Z,6216,39.7,2400,2400,2400,2400,0x0,25,25,19,0.0,0.0,7061,6949,,6556,0
2026-09-18T00:05:38Z,6218,38.6,2400,2400,2400,2400,0x0,25,25,19,0.0,0.0,7061,6949,,6557,0
2026-09-18T00:05:39Z,6219,38.0,2400,2400,2400,2400,0x0,25,25,19,0.0,0.0,7061,6949,,6559,0
2026-09-18T00:05:40Z,6220,40.2,2400,2400,2400,2400,0x0,25,25,19,0.0,0.0,7061,6949,,6560,0
2026-09-18T00:05:41Z,6221,38.6,2400,2400,2400,2400,0x0,25,25,19,0.0,0.0,7061,6949,,6561,0
2026-09-18T00:05:42Z,6222,39.1,2400,2400,2400,2400,0x0,25,25,19,0.0,0.0,7061,6949,,6562,0
2026-09-18T00:05:43Z,6223,39.1,2400,2400,2400,2400,0x0,25,25,19,0.0,0.0,7061,6949,,6563,0
2026-09-18T00:05:44Z,6224,38.0,2400,2400,2400,2400,0x0,25,25,19,0.0,0.0,7061,6949,,6564,0
2026-09-18T00:05:45Z,6225,39.1,2400,2400,2400,2400,0x0,25,25,19,0.0,0.0,7061,6949,,6565,0
2026-09-18T00:05:46Z,6226,38.0,2400,2400,2400,2400,0x0,25,25,19,0.0,0.0,7061,6949,,6566,0
2026-09-18T00:05:47Z,6227,39.1,2400,2400,2400,2400,0x0,25,25,19,0.0,0.0,7061,6949,,6567,0
2026-09-18T00:05:48Z,6228,38.6,2400,2400,2400,2400,0x0,25,25,19,0.0,0.0,7061,6949,,6568,0
2026-09-18T00:05:49Z,6229,38.6,2400,2400,2400,2400,0x0,25,25,19,0.0,0.0,7061,6949,,6569,0
2026-09-18T00:05:50Z,6230,38.0,2400,2400,2400,2400,0x0,25,25,19,0.0,0.0,7061,6949,,6570,0
2026-09-18T00:05:51Z,6231,38.0,2400,2400,2400,2400,0x0,25,25,19,0.0,0.0,7061,6949,,6571,0
2026-09-18T00:05:52Z,6232,39.1,2400,2400,2400,2400,0x0,25,25,19,0.0,0.0,7061,6949,,6572,0
2026-09-18T00:05:53Z,6233,38.6,2400,2400,2400,2400,0x0,25,25,19,0.0,0.0,7061,6949,,6573,0
2026-09-18T00:05:55Z,6234,39.1,2400,2400,2400,2400,0x0,25,25,19,0.0,0.0,7061,6949,,6574,0
2026-09-18T00:05:56Z,6236,39.7,2400,2400,2400,2400,0x0,25,25,19,0.0,0.0,7061,6949,,6575,0
2026-09-18T00:05:57Z,6237,38.0,2400,2400,2400,2400,0x0,25,25,19,0.0,0.0,7061,6949,,6577,0
2026-09-18T00:05:58Z,6238,39.1,2400,2400,2400,2400,0x0,25,25,19,0.0,0.0,7061,6949,,6578,0
2026-09-18T00:05:59Z,6239,38.0,2400,2400,2400,2400,0x0,25,25,19,0.0,0.0,7061,6949,,6579,0
2026-09-18T00:06:00Z,6240,38.0,2400,2400,2400,2400,0x0,25,25,19,0.0,0.0,7061,6949,,6580,0
2026-09-18T00:06:01Z,6241,39.1,2400,2400,2400,2400,0x0,25,25,19,0.0,0.0,7061,6949,,6581,0
2026-09-18T00:06:02Z,6242,39.7,2400,2400,2400,2400,0x0,25,25,19,0.0,0.0,7061,6949,,6582,0
2026-09-18T00:06:03Z,6243,38.6,2400,2400,2400,2400,0x0,25,25,19,0.0,0.0,7061,6949,,6583,0
2026-09-18T00:06:04Z,6244,39.1,2400,2400,2400,2400,0x0,25,25,19,0.0,0.0,7061,6949,,6584,0
2026-09-18T00:06:05Z,6245,38.0,2400,2400,2400,2400,0x0,25,25,19,0.0,0.0,7061,6949,,6585,0
2026-09-18T00:06:06Z,6246,39.7,2400,2400,2400,2400,0x0,25,25,19,0.0,0.0,7061,6949,,6586,0
2026-09-18T00:06:07Z,6247,38.6,2400,2400,2400,2400,0x0,25,25,19,0.0,0.0,7061,6949,,6587,0
2026-09-18T00:06:08Z,6248,39.1,2400,2400,2400,2400,0x0,25,25,19,0.0,0.0,7061,6949,,6588,0
2026-09-18T00:06:09Z,6249,39.7,2400,2400,2400,2400,0x0,25,25,19,0.0,0.0,7061,6949,,6589,0
2026-09-18T00:06:10Z,6250,38.6,2400,2400,2400,2400,0x0,25,25,19,0.0,0.0,7061,6949,,6590,0
2026-09-18T00:06:12Z,6251,37.5,2400,2400,2400,2400,0x0,25,25,19,0.0,0.0,7061,6949,,6591,0
2026-09-18T00:06:13Z,6253,38.0,2400,2400,2400,2400,0x0,25,25,19,0.0,0.0,7061,6949,,6592,0
2026-09-18T00:06:14Z,6254,38.6,2400,2400,2400,2400,0x0,25,25,19,0.0,0.0,7061,6949,,6594,0
2026-09-18T00:06:15Z,6255,38.0,2400,2400,2400,2400,0x0,25,25,19,0.0,0.0,7061,6949,,6595,0
2026-09-18T00:06:16Z,6256,38.6,2400,2400,2400,2400,0x0,25,25,19,0.0,0.0,7061,6949,,6596,0
2026-09-18T00:06:17Z,6257,39.1,2400,2400,2400,2400,0x0,25,25,19,0.0,0.0,7061,6949,,6597,0
2026-09-18T00:06:18Z,6258,39.1,2400,2400,2400,2400,0x0,25,25,19,0.0,0.0,7061,6949,,6598,0
2026-09-18T00:06:19Z,6259,37.5,2400,2400,2400,2400,0x0,25,25,19,0.0,0.0,7061,6949,,6599,0
2026-09-18T00:06:20Z,6260,38.6,2400,2400,2400,2400,0x0,25,25,19,0.0,0.0,7061,6949,,6600,0
2026-09-18T00:06:21Z,6261,39.1,2400,2400,2400,2400,0x0,25,25,19,0.0,0.0,7061,6949,,6601,0
2026-09-18T00:06:22Z,6262,38.6,2400,2400,2400,2400,0x0,25,25,19,0.0,0.0,7061,6949,,6602,0
2026-09-18T00:06:23Z,6263,38.6,2400,2400,2400,2400,0x0,25,25,19,0.0,0.0,7061,6949,,6603,0
2026-09-18T00:06:24Z,6264,39.1,2400,2400,2400,2400,0x0,25,25,19,0.0,0.0,7061,6949,,6604,0
2026-09-18T00:06:25Z,6265,39.1,2400,2400,2400,2400,0x0,25,25,19,0.0,0.0,7061,6949,,6605,0
2026-09-18T00:06:26Z,6266,39.1,2400,2400,2400,2400,0x0,25,25,19,0.0,0.0,7061,6949,,6606,0
2026-09-18T00:06:27Z,6267,39.1,2400,2400,2400,2400,0x0,25,25,19,0.0,0.0,7061,6949,,6607,0
2026-09-18T00:06:28Z,6268,39.1,2400,2400,2400,2400,0x0,25,25,19,0.0,0.0,7061,6949,,6608,0
2026-09-18T00:06:30Z,6269,39.1,2400,2400,2400,2400,0x0,25,25,19,0.0,0.0,7061,6949,,6609,0
2026-09-18T00:06:31Z,6271,39.1,2400,2400,2400,2400,0x0,25,25,19,0.0,0.0,7061,6949,,6611,0
2026-09-18T00:06:32Z,6272,38.0,2400,2400,2400,2400,0x0,25,25,19,0.0,0.0,7061,6949,,6612,0
2026-09-18T00:06:33Z,6273,38.6,2400,2400,2400,2400,0x0,25,25,19,0.0,0.0,7061,6949,,6613,0
2026-09-18T00:06:34Z,6274,39.1,2400,2400,2400,2400,0x0,25,25,19,0.0,0.0,7061,6949,,6614,0
2026-09-18T00:06:35Z,6275,39.1,2400,2400,2400,2400,0x0,25,25,19,0.0,0.0,7061,6949,,6615,0
2026-09-18T00:06:36Z,6276,39.1,2400,2400,2400,2400,0x0,25,25,19,0.0,0.0,7061,6949,,6616,0
2026-09-18T00:06:37Z,6277,37.5,2400,2400,2400,2400,0x0,25,25,19,0.0,0.0,7061,6949,,6617,0
2026-09-18T00:06:38Z,6278,38.6,2400,2400,2400,2400,0x0,25,25,19,0.0,0.0,7061,6949,,6618,0
2026-09-18T00:06:39Z,6279,38.6,2400,2400,2400,2400,0x0,25,25,19,0.0,0.0,7061,6949,,6619,0
2026-09-18T00:06:40Z,6280,38.0,2400,2400,2400,2400,0x0,25,25,19,0.0,0.0,7061,6949,,6620,0
2026-09-18T00:06:41Z,6281,38.0,2400,2400,2400,2400,0x0,25,25,19,0.0,0.0,7061,6949,,6621,0
2026-09-18T00:06:42Z,6282,37.5,2400,2400,2400,2400,0x0,25,25,19,0.0,0.0,7061,6949,,6622,0
2026-09-18T00:06:43Z,6283,39.1,2400,2400,2400,2400,0x0,25,25,19,0.0,0.0,7061,6949,,6623,0
2026-09-18T00:06:44Z,6284,37.5,2400,2400,2400,2400,0x0,25,25,19,0.0,0.0,7061,6949,,6624,0
2026-09-18T00:06:46Z,6285,38.6,2400,2400,2400,2400,0x0,25,25,19,0.0,0.0,7061,6949,,6625,0
2026-09-18T00:06:47Z,6287,39.7,2400,2400,2400,2400,0x0,25,25,19,0.0,0.0,7061,6949,,6627,0
2026-09-18T00:06:48Z,6288,38.6,2400,2400,2400,2400,0x0,25,25,19,0.0,0.0,7061,6949,,6628,0
2026-09-18T00:06:49Z,6289,39.1,2400,2400,2400,2400,0x0,25,25,19,0.0,0.0,7061,6949,,6629,0
2026-09-18T00:06:50Z,6290,39.7,2400,2400,2400,2400,0x0,25,25,19,0.0,0.0,7061,6949,,6630,0
2026-09-18T00:06:51Z,6291,38.6,2400,2400,2400,2400,0x0,25,25,19,0.0,0.0,7061,6949,,6631,0
2026-09-18T00:06:52Z,6292,39.1,2400,2400,2400,2400,0x0,25,25,19,0.0,0.0,7061,6949,,6632,0
2026-09-18T00:06:53Z,6293,38.6,2400,2400,2400,2400,0x0,25,25,19,0.0,0.0,7061,6949,,6633,0
2026-09-18T00:06:54Z,6294,38.0,2400,2400,2400,2400,0x0,25,25,19,0.0,0.0,7061,6949,,6634,0
2026-09-18T00:06:55Z,6295,38.6,2400,2400,2400,2400,0x0,25,25,19,0.0,0.0,7061,6949,,6635,0
2026-09-18T00:06:56Z,6296,38.6,2400,2400,2400,2400,0x0,25,25,19,0.0,0.0,7061,6949,,6636,0
2026-09-18T00:06:57Z,6297,39.1,2400,2400,2400,2400,0x0,25,25,19,0.0,0.0,7061,6949,,6637,0
2026-09-18T00:06:58Z,6298,38.0,2400,2400,2400,2400,0x0,25,25,19,0.0,0.0,7061,6949,,6638,0
2026-09-18T00:06:59Z,6299,39.1,2400,2400,2400,2400,0x0,25,25,19,0.0,0.0,7061,6949,,6639,0
2026-09-18T00:07:00Z,6300,39.1,2400,2400,2400,2400,0x0,25,25,19,0.0,0.0,7061,6949,,6640,0
2026-09-18T00:07:01Z,6301,39.1,2400,2400,2400,2400,0x0,25,25,19,0.0,0.0,7061,6949,,6641,0
2026-09-18T00:07:02Z,6302,39.1,2400,2400,2400,2400,0x0,25,25,19,0.0,0.0,7061,6949,,6642,0
2026-09-18T00:07:04Z,6303,38.0,2400,2400,2400,2400,0x0,25,25,19,0.0,0.0,7061,6949,,6643,0
2026-09-18T00:07:05Z,6305,38.6,2400,2400,2400,2400,0x0,25,25,19,0.0,0.0,7061,6949,,6645,0
2026-09-18T00:07:06Z,6306,38.6,2400,2400,2400,2400,0x0,25,25,19,0.0,0.0,7061,6949,,6646,0
2026-09-18T00:07:07Z,6307,38.6,2400,2400,2400,2400,0x0,25,25,19,0.0,0.0,7061,6949,,6647,0
2026-09-18T00:07:08Z,6308,39.7,2400,2400,2400,2400,0x0,25,25,19,0.0,0.0,7061,6949,,6648,0
2026-09-18T00:07:09Z,6309,38.0,2400,2400,2400,2400,0x0,25,25,19,0.0,0.0,7061,6949,,6649,0
2026-09-18T00:07:10Z,6310,39.1,2400,2400,2400,2400,0x0,25,25,19,0.0,0.0,7061,6949,,6650,0
2026-09-18T00:07:11Z,6311,39.1,2400,2400,2400,2400,0x0,25,25,19,0.0,0.0,7061,6949,,6651,0
2026-09-18T00:07:12Z,6312,39.1,2400,2400,2400,2400,0x0,25,25,19,0.0,0.0,7061,6949,,6652,0
2026-09-18T00:07:13Z,6313,38.0,2400,2400,2400,2400,0x0,25,25,19,0.0,0.0,7061,6949,,6653,0
2026-09-18T00:07:14Z,6314,39.1,2400,2400,2400,2400,0x0,25,25,19,0.0,0.0,7061,6949,,6654,0
2026-09-18T00:07:15Z,6315,39.1,2400,2400,2400,2400,0x0,25,25,19,0.0,0.0,7061,6949,,6655,0
2026-09-18T00:07:16Z,6316,39.1,2400,2400,2400,2400,0x0,25,25,19,0.0,0.0,7061,6949,,6656,0
2026-09-18T00:07:17Z,6317,38.0,2400,2400,2400,2400,0x0,25,25,19,0.0,0.0,7061,6949,,6657,0
2026-09-18T00:07:18Z,6318,39.1,2400,2400,2400,2400,0x0,25,25,19,0.0,0.0,7061,6949,,6658,0
2026-09-18T00:07:20Z,6319,39.7,2400,2400,2400,2400,0x0,25,25,19,0.0,0.0,7061,6949,,6660,0
2026-09-18T00:07:21Z,6321,39.1,2400,2400,2400,2400,0x0,25,25,19,0.0,0.0,7061,6949,,6661,0
2026-09-18T00:07:22Z,6322,38.0,2400,2400,2400,2400,0x0,25,25,19,0.0,0.0,7061,6949,,6662,0
2026-09-18T00:07:23Z,6323,38.6,2400,2400,2400,2400,0x0,25,25,19,0.0,0.0,7061,6949,,6663,0
2026-09-18T00:07:24Z,6324,39.1,2400,2400,2400,2400,0x0,25,25,19,0.0,0.0,7061,6949,,6664,0
2026-09-18T00:07:25Z,6325,39.1,2400,2400,2400,2400,0x0,25,25,19,0.0,0.0,7061,6949,,6665,0
2026-09-18T00:07:26Z,6326,38.6,2400,2400,2400,2400,0x0,25,25,19,0.0,0.0,7061,6949,,6666,0
2026-09-18T00:07:27Z,6327,38.0,2400,2400,2400,2400,0x0,25,25,19,0.0,0.0,7061,6949,,6667,0
2026-09-18T00:07:28Z,6328,38.6,2400,2400,2400,2400,0x0,25,25,19,0.0,0.0,7061,6949,,6668,0
2026-09-18T00:07:29Z,6329,39.1,2400,2400,2400,2400,0x0,25,25,19,0.0,0.0,7061,6949,,6669,0
2026-09-18T00:07:30Z,6330,39.1,2400,2400,2400,2400,0x0,25,25,19,0.0,0.0,7061,6949,,6670,0
2026-09-18T00:07:31Z,6331,38.6,2400,2400,2400,2400,0x0,25,25,19,0.0,0.0,7061,6949,,6671,0
2026-09-18T00:07:32Z,6332,38.6,2400,2400,2400,2400,0x0,25,25,19,0.0,0.0,7061,6949,,6672,0
2026-09-18T00:07:33Z,6333,39.1,2400,2400,2400,2400,0x0,25,25,19,0.0,0.0,7061,6949,,6673,0
2026-09-18T00:07:34Z,6334,39.7,2400,2400,2400,2400,0x0,25,25,19,0.0,0.0,7061,6949,,6674,0
2026-09-18T00:07:35Z,6335,39.1,2400,2400,2400,2400,0x0,25,25,19,0.0,0.0,7061,6949,,6675,0
2026-09-18T00:07:37Z,6336,38.6,2400,2400,2400,2400,0x0,25,25,19,0.0,0.0,7061,6949,,6676,0
2026-09-18T00:07:38Z,6338,38.6,2400,2400,2400,2400,0x0,25,25,19,0.0,0.0,7061,6949,,6678,0
2026-09-18T00:07:39Z,6339,38.0,2400,2400,2400,2400,0x0,25,25,19,0.0,0.0,7061,6949,,6679,0
2026-09-18T00:07:40Z,6340,39.1,2400,2400,2400,2400,0x0,25,25,19,0.0,0.0,7061,6949,,6680,0
2026-09-18T00:07:41Z,6341,38.6,2400,2400,2400,2400,0x0,25,25,19,0.0,0.0,7061,6949,,6681,0
2026-09-18T00:07:42Z,6342,38.6,2400,2400,2400,2400,0x0,25,25,19,0.0,0.0,7061,6949,,6682,0
2026-09-18T00:07:43Z,6343,39.7,2400,2400,2400,2400,0x0,25,25,19,0.0,0.0,7061,6949,,6683,0
2026-09-18T00:07:44Z,6344,39.1,2400,2400,2400,2400,0x0,25,25,19,0.0,0.0,7061,6949,,6684,0
2026-09-18T00:07:45Z,6345,38.6,2400,2400,2400,2400,0x0,25,25,19,0.0,0.0,7061,6949,,6685,0
2026-09-18T00:07:46Z,6346,38.0,2400,2400,2400,2400,0x0,25,25,19,0.0,0.0,7061,6949,,6686,0
2026-09-18T00:07:47Z,6347,39.1,2400,2400,2400,2400,0x0,25,25,19,0.0,0.0,7061,6949,,6687,0
2026-09-18T00:07:48Z,6348,37.5,2400,2400,2400,2400,0x0,25,25,19,0.0,0.0,7061,6949,,6688,0
2026-09-18T00:07:49Z,6349,39.1,2400,2400,2400,2400,0x0,25,25,19,0.0,0.0,7061,6949,,6689,0
2026-09-18T00:07:50Z,6350,38.6,2400,2400,2400,2400,0x0,25,25,19,0.0,0.0,7061,6949,,6690,0
2026-09-18T00:07:51Z,6351,39.1,2400,2400,2400,2400,0x0,25,25,19,0.0,0.0,7061,6949,,6691,0
2026-09-18T00:07:52Z,6352,39.1,2400,2400,2400,2400,0x0,25,25,19,0.0,0.0,7061,6949,,6692,0
2026-09-18T00:07:54Z,6354,38.6,2400,2400,2400,2400,0x0,25,25,19,0.0,0.0,7061,6949,,6693,0
2026-09-18T00:07:55Z,6355,37.5,2400,2400,2400,2400,0x0,25,25,19,0.0,0.0,7061,6949,,6695,0
2026-09-18T00:07:56Z,6356,40.2,2400,2400,2400,2400,0x0,25,25,19,0.0,0.0,7061,6949,,6696,0
2026-09-18T00:07:57Z,6357,39.1,2400,2400,2400,2400,0x0,25,25,19,0.0,0.0,7061,6949,,6697,0
2026-09-18T00:07:58Z,6358,39.1,2400,2400,2400,2400,0x0,25,25,19,0.0,0.0,7061,6949,,6698,0
2026-09-18T00:07:59Z,6359,39.1,2400,2400,2400,2400,0x0,25,25,19,0.0,0.0,7061,6949,,6699,0
2026-09-18T00:08:00Z,6360,39.1,2400,2400,2400,2400,0x0,25,25,19,0.0,0.0,7061,6949,,6700,0
2026-09-18T00:08:01Z,6361,38.6,2400,2400,2400,2400,0x0,25,25,19,0.0,0.0,7061,6949,,6701,0
2026-09-18T00:08:02Z,6362,38.6,2400,2400,2400,2400,0x0,25,25,19,0.0,0.0,7061,6949,,6702,0
2026-09-18T00:08:03Z,6363,39.1,2400,2400,2400,2400,0x0,25,25,19,0.0,0.0,7061,6949,,6703,0
2026-09-18T00:08:04Z,6364,39.1,2400,2400,2400,2400,0x0,25,25,19,0.0,0.0,7061,6949,,6704,0
2026-09-18T00:08:05Z,6365,39.1,2400,2400,2400,2400,0x0,25,25,19,0.0,0.0,7061,6949,,6705,0
2026-09-18T00:08:06Z,6366,38.6,2400,2400,2400,2400,0x0,25,25,19,0.0,0.0,7061,6949,,6706,0
2026-09-18T00:08:07Z,6367,39.1,2400,2400,2400,2400,0x0,25,25,19,0.0,0.0,7061,6949,,6707,0
2026-09-18T00:08:08Z,6368,38.0,2400,2400,2400,2400,0x0,25,25,19,0.0,0.0,7061,6949,,6708,0
2026-09-18T00:08:09Z,6369,38.0,2400,2400,2400,2400,0x0,25,25,19,0.0,0.0,7061,6949,,6709,0
2026-09-18T00:08:11Z,6370,37.5,2400,2400,2400,2400,0x0,25,25,19,0.0,0.0,7061,6949,,6710,0
2026-09-18T00:08:12Z,6372,37.5,2400,2400,2400,2400,0x0,25,25,19,0.0,0.0,7061,6949,,6711,0
2026-09-18T00:08:13Z,6373,39.1,2400,2400,2400,2400,0x0,25,25,19,0.0,0.0,7061,6949,,6713,0
2026-09-18T00:08:14Z,6374,38.6,2400,2400,2400,2400,0x0,25,25,19,0.0,0.0,7061,6949,,6714,0
2026-09-18T00:08:15Z,6375,39.1,2400,2400,2400,2400,0x0,25,25,19,0.0,0.0,7061,6949,,6715,0
2026-09-18T00:08:16Z,6376,38.6,2400,2400,2400,2400,0x0,25,25,19,0.0,0.0,7061,6949,,6716,0
2026-09-18T00:08:17Z,6377,39.1,2400,2400,2400,2400,0x0,25,25,19,0.0,0.0,7061,6949,,6717,0
2026-09-18T00:08:18Z,6378,38.0,2400,2400,2400,2400,0x0,25,25,19,0.0,0.0,7061,6949,,6718,0
2026-09-18T00:08:19Z,6379,39.1,2400,2400,2400,2400,0x0,25,25,19,0.0,0.0,7061,6949,,6719,0
2026-09-18T00:08:20Z,6380,39.7,2400,2400,2400,2400,0x0,25,25,19,0.0,0.0,7061,6949,,6720,0
2026-09-18T00:08:21Z,6381,38.6,2400,2400,2400,2400,0x0,25,25,19,0.0,0.0,7061,6949,,6721,0
2026-09-18T00:08:22Z,6382,38.6,2400,2400,2400,2400,0x0,25,25,19,0.0,0.0,7061,6949,,6722,0
2026-09-18T00:08:23Z,6383,39.7,2400,2400,2400,2400,0x0,25,25,19,0.0,0.0,7061,6949,,6723,0
2026-09-18T00:08:24Z,6384,38.0,2400,2400,2400,2400,0x0,25,25,19,0.0,0.0,7061,6949,,6724,0
2026-09-18T00:08:25Z,6385,39.1,2400,2400,2400,2400,0x0,25,25,19,0.0,0.0,7061,6949,,6725,0
2026-09-18T00:08:26Z,6386,38.6,2400,2400,2400,2400,0x0,25,25,19,0.0,0.0,7061,6949,,6726,0
2026-09-18T00:08:28Z,6387,39.1,2400,2400,2400,2400,0x0,25,25,19,0.0,0.0,7061,6949,,6727,0
2026-09-18T00:08:29Z,6389,38.6,2400,2400,2400,2400,0x0,25,25,19,0.0,0.0,7061,6949,,6728,0
2026-09-18T00:08:30Z,6390,38.0,2400,2400,2400,2400,0x0,25,25,19,0.0,0.0,7061,6949,,6730,0
2026-09-18T00:08:31Z,6391,38.0,2400,2400,2400,2400,0x0,25,25,19,0.0,0.0,7061,6949,,6731,0
2026-09-18T00:08:32Z,6392,37.5,2400,2400,2400,2400,0x0,25,25,19,0.0,0.0,7061,6949,,6732,0
2026-09-18T00:08:33Z,6393,38.0,2400,2400,2400,2400,0x0,25,25,19,0.0,0.0,7061,6949,,6733,0
2026-09-18T00:08:34Z,6394,39.1,2400,2400,2400,2400,0x0,25,25,19,0.0,0.0,7061,6949,,6734,0
2026-09-18T00:08:35Z,6395,39.1,2400,2400,2400,2400,0x0,25,25,19,0.0,0.0,7061,6949,,6735,0
2026-09-18T00:08:36Z,6396,38.0,2400,2400,2400,2400,0x0,25,25,19,0.0,0.0,7061,6949,,6736,0
2026-09-18T00:08:37Z,6397,38.6,2400,2400,2400,2400,0x0,25,25,19,0.0,0.0,7061,6949,,6737,0
2026-09-18T00:08:38Z,6398,38.6,2400,2400,2400,2400,0x0,25,25,19,0.0,0.0,7061,6949,,6738,0
2026-09-18T00:08:39Z,6399,38.0,2400,2400,2400,2400,0x0,25,25,19,0.0,0.0,7061,6949,,6739,0
2026-09-18T00:08:40Z,6400,39.7,2400,2400,2400,2400,0x0,25,25,19,0.0,0.0,7061,6949,,6740,0
2026-09-18T00:08:41Z,6401,38.6,2400,2400,2400,2400,0x0,25,25,19,0.0,0.0,7061,6949,,6741,0
2026-09-18T00:08:42Z,6402,38.0,2400,2400,2400,2400,0x0,25,25,19,0.0,0.0,7061,6949,,6742,0
2026-09-18T00:08:43Z,6403,39.1,2400,2400,2400,2400,0x0,25,25,19,0.0,0.0,7061,6949,,6743,0
2026-09-18T00:08:44Z,6404,37.0,2400,2400,2400,2400,0x0,25,25,19,0.0,0.0,7061,6949,,6744,0
2026-09-18T00:08:46Z,6405,39.1,2400,2400,2400,2400,0x0,25,25,19,0.0,0.0,7061,6949,,6745,0
2026-09-18T00:08:47Z,6407,38.0,2400,2400,2400,2400,0x0,25,25,19,0.0,0.0,7061,6949,,6747,0
2026-09-18T00:08:48Z,6408,38.0,2400,2400,2400,2400,0x0,25,25,19,0.0,0.0,7061,6949,,6748,0
2026-09-18T00:08:49Z,6409,38.6,2400,2400,2400,2400,0x0,25,25,19,0.0,0.0,7061,6949,,6749,0
2026-09-18T00:08:50Z,6410,39.1,2400,2400,2400,2400,0x0,25,25,19,0.0,0.0,7061,6949,,6750,0
2026-09-18T00:08:51Z,6411,38.6,2400,2400,2400,2400,0x0,25,25,19,0.0,0.0,7061,6949,,6751,0
2026-09-18T00:08:52Z,6412,39.1,2400,2400,2400,2400,0x0,25,25,19,0.0,0.0,7061,6949,,6752,0
2026-09-18T00:08:53Z,6413,38.0,2400,2400,2400,2400,0x0,25,25,19,0.0,0.0,7061,6949,,6753,0
2026-09-18T00:08:54Z,6414,38.6,2400,2400,2400,2400,0x0,25,25,19,0.0,0.0,7061,6949,,6754,0
2026-09-18T00:08:55Z,6415,39.1,2400,2400,2400,2400,0x0,25,25,19,0.0,0.0,7061,6949,,6755,0
2026-09-18T00:08:56Z,6416,39.1,2400,2400,2400,2400,0x0,25,25,19,0.0,0.0,7061,6949,,6756,0
2026-09-18T00:08:57Z,6417,38.0,2400,2400,2400,2400,0x0,25,25,19,0.0,0.0,7061,6949,,6757,0
2026-09-18T00:08:58Z,6418,38.6,2400,2400,2400,2400,0x0,25,25,19,0.0,0.0,7061,6949,,6758,0
2026-09-18T00:08:59Z,6419,38.6,2400,2400,2400,2400,0x0,25,25,19,0.0,0.0,7061,6949,,6759,0
2026-09-18T00:09:00Z,6420,38.0,2400,2400,2400,2400,0x0,25,25,19,0.0,0.0,7061,6949,,6760,0
2026-09-18T00:09:01Z,6421,37.5,2400,2400,2400,2400,0x0,25,25,19,0.0,0.0,7061,6949,,6761,0
2026-09-18T00:09:03Z,6422,38.6,2400,2400,2400,2400,0x0,25,25,19,0.0,0.0,7061,6949,,6762,0
2026-09-18T00:09:04Z,6424,37.5,2400,2400,2400,2400,0x0,25,25,19,0.0,0.0,7061,6949,,6763,0
2026-09-18T00:09:05Z,6425,37.0,2400,2400,2400,2400,0x0,25,25,19,0.0,0.0,7061,6949,,6765,0
2026-09-18T00:09:06Z,6426,37.5,2400,2400,2400,2400,0x0,25,25,19,0.0,0.0,7061,6949,,6766,0
2026-09-18T00:09:07Z,6427,38.6,2400,2400,2400,2400,0x0,25,25,19,0.0,0.0,7061,6949,,6767,0
2026-09-18T00:09:08Z,6428,39.1,2400,2400,2400,2400,0x0,25,25,19,0.0,0.0,7061,6949,,6768,0
2026-09-18T00:09:09Z,6429,38.0,2400,2400,2400,2400,0x0,25,25,19,0.0,0.0,7061,6949,,6769,0
2026-09-18T00:09:10Z,6430,38.6,2400,2400,2400,2400,0x0,25,25,19,0.0,0.0,7061,6949,,6770,0
2026-09-18T00:09:11Z,6431,38.6,2400,2400,2400,2400,0x0,25,25,19,0.0,0.0,7061,6949,,6771,0
2026-09-18T00:09:12Z,6432,38.6,2400,2400,2400,2400,0x0,25,25,19,0.0,0.0,7061,6949,,6772,0
2026-09-18T00:09:13Z,6433,38.6,2400,2400,2400,2400,0x0,25,25,19,0.0,0.0,7061,6949,,6773,0
2026-09-18T00:09:14Z,6434,38.6,2400,2400,2400,2400,0x0,25,25,19,0.0,0.0,7061,6949,,6774,0
2026-09-18T00:09:15Z,6435,38.6,2400,2400,2400,2400,0x0,25,25,19,0.0,0.0,7061,6949,,6775,0
2026-09-18T00:09:16Z,6436,37.5,2400,2400,2400,2400,0x0,25,25,19,0.0,0.0,7061,6949,,6776,0
2026-09-18T00:09:17Z,6437,38.6,2400,2400,2400,2400,0x0,25,25,19,0.0,0.0,7061,6949,,6777,0
2026-09-18T00:09:18Z,6438,38.6,2400,2400,2400,2400,0x0,25,25,19,0.0,0.0,7061,6949,,6778,0
2026-09-18T00:09:20Z,6439,38.6,2400,2400,2400,2400,0x0,25,25,19,0.0,0.0,7061,6949,,6779,0
2026-09-18T00:09:21Z,6441,38.0,2400,2400,2400,2400,0x0,25,25,19,0.0,0.0,7061,6949,,6781,0
2026-09-18T00:09:22Z,6442,39.1,2400,2400,2400,2400,0x0,25,25,19,0.0,0.0,7061,6949,,6782,0
2026-09-18T00:09:23Z,6443,40.2,2400,2400,2400,2400,0x0,25,25,19,0.0,0.0,7061,6949,,6783,0
2026-09-18T00:09:24Z,6444,38.0,2400,2400,2400,2400,0x0,25,25,19,0.0,0.0,7061,6949,,6784,0
2026-09-18T00:09:25Z,6445,39.1,2400,2400,2400,2400,0x0,25,25,19,0.0,0.0,7061,6949,,6785,0
2026-09-18T00:09:26Z,6446,38.0,2400,2400,2400,2400,0x0,25,25,19,0.0,0.0,7061,6949,,6786,0
2026-09-18T00:09:27Z,6447,38.6,2400,2400,2400,2400,0x0,25,25,19,0.0,0.0,7061,6949,,6787,0
2026-09-18T00:09:28Z,6448,39.1,2400,2400,2400,2400,0x0,25,25,19,0.0,0.0,7061,6949,,6788,0
2026-09-18T00:09:29Z,6449,39.1,2400,2400,2400,2400,0x0,25,25,19,0.0,0.0,7061,6949,,6789,0
2026-09-18T00:09:30Z,6450,39.1,2400,2400,2400,2400,0x0,25,25,19,0.0,0.0,7061,6949,,6790,0
2026-09-18T00:09:31Z,6451,38.6,2400,2400,2400,2400,0x0,25,25,19,0.0,0.0,7061,6949,,6791,0
2026-09-18T00:09:32Z,6452,39.1,2400,2400,2400,2400,0x0,25,25,19,0.0,0.0,7061,6949,,6792,0
2026-09-18T00:09:33Z,6453,38.6,2400,2400,2400,2400,0x0,25,25,19,0.0,0.0,7061,6949,,6793,0
2026-09-18T00:09:34Z,6454,37.5,2400,2400,2400,2400,0x0,25,25,19,0.0,0.0,7061,6949,,6794,0
2026-09-18T00:09:35Z,6455,38.6,2400,2400,2400,2400,0x0,25,25,19,0.0,0.0,7061,6949,,6795,0
2026-09-18T00:09:36Z,6456,38.6,2400,2400,2400,2400,0x0,25,25,19,0.0,0.0,7061,6949,,6796,0
2026-09-18T00:09:38Z,6457,39.1,2400,2400,2400,2400,0x0,25,25,19,0.0,0.0,7061,6949,,6797,0
2026-09-18T00:09:39Z,6459,38.0,2400,2400,2400,2400,0x0,25,25,19,0.0,0.0,7061,6949,,6799,0
2026-09-18T00:09:40Z,6460,38.0,2400,2400,2400,2400,0x0,25,25,19,0.0,0.0,7061,6949,,6800,0
2026-09-18T00:09:41Z,6461,38.6,2400,2400,2400,2400,0x0,25,25,19,0.0,0.0,7061,6949,,6801,0
2026-09-18T00:09:42Z,6462,39.1,2400,2400,2400,2400,0x0,25,25,19,0.0,0.0,7061,6949,,6802,0
2026-09-18T00:09:43Z,6463,39.1,2400,2400,2400,2400,0x0,25,25,19,0.0,0.0,7061,6949,,6803,0
2026-09-18T00:09:44Z,6464,38.6,2400,2400,2400,2400,0x0,25,25,19,0.0,0.0,7061,6949,,6804,0
2026-09-18T00:09:45Z,6465,37.5,2400,2400,2400,2400,0x0,25,25,19,0.0,0.0,7061,6949,,6805,0
2026-09-18T00:09:46Z,6466,38.0,2400,2400,2400,2400,0x0,25,25,19,0.0,0.0,7061,6949,,6806,0
2026-09-18T00:09:47Z,6467,38.6,2400,2400,2400,2400,0x0,25,25,19,0.0,0.0,7061,6949,,6807,0
2026-09-18T00:09:48Z,6468,38.0,2400,2400,2400,2400,0x0,25,25,19,0.0,0.0,7061,6949,,6808,0
2026-09-18T00:09:49Z,6469,38.6,2400,2400,2400,2400,0x0,25,25,19,0.0,0.0,7061,6949,,6809,0
2026-09-18T00:09:50Z,6470,38.0,2400,2400,2400,2400,0x0,25,25,19,0.0,0.0,7061,6949,,6810,0
2026-09-18T00:09:51Z,6471,39.1,2400,2400,2400,2400,0x0,25,25,19,0.0,0.0,7061,6949,,6811,0
2026-09-18T00:09:52Z,6472,38.6,2400,2400,2400,2400,0x0,25,25,19,0.0,0.0,7061,6949,,6812,0
2026-09-18T00:09:54Z,6473,38.6,2400,2400,2400,2400,0x0,25,25,19,0.0,0.0,7061,6949,,6813,0
2026-09-18T00:09:55Z,6475,39.1,2400,2400,2400,2400,0x0,25,25,19,0.0,0.0,7061,6949,,6814,0
2026-09-18T00:09:56Z,6476,38.6,2400,2400,2400,2400,0x0,25,25,19,0.0,0.0,7061,6949,,6816,0
2026-09-18T00:09:57Z,6477,37.5,2400,2400,2400,2400,0x0,25,25,19,0.0,0.0,7061,6949,,6817,0
2026-09-18T00:09:58Z,6478,39.1,2400,2400,2400,2400,0x0,25,25,19,0.0,0.0,7061,6949,,6818,0
2026-09-18T00:09:59Z,6479,37.5,2400,2400,2400,2400,0x0,25,25,19,0.0,0.0,7061,6949,,6819,0
2026-09-18T00:10:00Z,6480,39.1,2400,2400,2400,2400,0x0,25,25,19,0.0,0.0,7061,6949,,6820,0
2026-09-18T00:10:01Z,6481,38.0,2400,2400,2400,2400,0x0,25,25,19,0.0,0.0,7061,6949,,6821,0
2026-09-18T00:10:02Z,6482,38.6,2400,2400,2400,2400,0x0,25,25,19,0.0,0.0,7061,6949,,6822,0
2026-09-18T00:10:03Z,6483,37.5,2400,2400,2400,2400,0x0,25,25,19,0.0,0.0,7061,6949,,6823,0
2026-09-18T00:10:04Z,6484,38.0,2400,2400,2400,2400,0x0,25,25,19,0.0,0.0,7061,6949,,6824,0
2026-09-18T00:10:05Z,6485,39.1,2400,2400,2400,2400,0x0,25,25,19,0.0,0.0,7061,6949,,6825,0
2026-09-18T00:10:06Z,6486,39.1,2400,2400,2400,2400,0x0,25,25,19,0.0,0.0,7061,6949,,6826,0
2026-09-18T00:10:07Z,6487,37.5,2400,2400,2400,2400,0x0,25,25,19,0.0,0.0,7061,6949,,6827,0
2026-09-18T00:10:08Z,6488,38.6,2400,2400,2400,2400,0x0,25,25,19,0.0,0.0,7061,6949,,6828,0
2026-09-18T00:10:09Z,6489,39.1,2400,2400,2400,2400,0x0,25,25,19,0.0,0.0,7061,6949,,6829,0
2026-09-18T00:10:10Z,6490,38.6,2400,2400,2400,2400,0x0,25,25,19,0.0,0.0,7061,6949,,6830,0
2026-09-18T00:10:12Z,6491,38.6,2400,2400,2400,2400,0x0,25,25,19,0.0,0.0,7061,6949,,6831,0
2026-09-18T00:10:13Z,6493,38.6,2400,2400,2400,2400,0x0,25,25,19,0.0,0.0,7061,6949,,6832,0
2026-09-18T00:10:14Z,6494,37.5,2400,2400,2400,2400,0x0,25,25,19,0.0,0.0,7061,6949,,6834,0
2026-09-18T00:10:15Z,6495,38.6,2400,2400,2400,2400,0x0,25,25,19,0.0,0.0,7061,6949,,6835,0
2026-09-18T00:10:16Z,6496,37.5,2400,2400,2400,2400,0x0,25,25,19,0.0,0.0,7061,6949,,6836,0
2026-09-18T00:10:17Z,6497,38.0,2400,2400,2400,2400,0x0,25,25,19,0.0,0.0,7061,6949,,6837,0
2026-09-18T00:10:18Z,6498,38.0,2400,2400,2400,2400,0x0,25,25,19,0.0,0.0,7061,6949,,6838,0
2026-09-18T00:10:19Z,6499,38.6,2400,2400,2400,2400,0x0,25,25,19,0.0,0.0,7061,6949,,6839,0
2026-09-18T00:10:20Z,6500,39.1,2400,2400,2400,2400,0x0,25,25,19,0.0,0.0,7061,6949,,6840,0
2026-09-18T00:10:21Z,6501,38.6,2400,2400,2400,2400,0x0,24,25,19,0.0,0.0,7061,6949,,6841,0
2026-09-18T00:10:22Z,6502,38.6,2400,2400,2400,2400,0x0,24,25,19,0.0,0.0,7061,6949,,6842,0
2026-09-18T00:10:23Z,6503,39.1,2400,2400,2400,2400,0x0,24,25,19,0.0,0.0,7061,6949,,6843,0
2026-09-18T00:10:24Z,6504,38.6,2400,2400,2400,2400,0x0,24,25,19,0.0,0.0,7061,6949,,6844,0
2026-09-18T00:10:25Z,6505,39.1,2400,2400,2400,2400,0x0,24,25,19,0.0,0.0,7061,6949,,6845,0
2026-09-18T00:10:26Z,6506,38.0,2400,2400,2400,2400,0x0,24,25,19,0.0,0.0,7061,6949,,6846,0
2026-09-18T00:10:27Z,6507,37.5,2400,2400,2400,2400,0x0,24,25,19,0.0,0.0,7061,6949,,6847,0
2026-09-18T00:10:29Z,6508,39.1,2400,2400,2400,2400,0x0,24,25,19,0.0,0.0,7061,6949,,6848,0
2026-09-18T00:10:30Z,6510,38.0,2400,2400,2400,2400,0x0,24,25,19,0.0,0.0,7061,6949,,6849,0
2026-09-18T00:10:31Z,6511,38.6,2400,2400,2400,2400,0x0,24,25,19,0.0,0.0,7061,6949,,6851,0
2026-09-18T00:10:32Z,6512,37.5,2400,2400,2400,2400,0x0,24,25,19,0.0,0.0,7061,6949,,6852,0
2026-09-18T00:10:33Z,6513,38.6,2400,2400,2400,2400,0x0,24,25,19,0.0,0.0,7061,6949,,6853,0
2026-09-18T00:10:34Z,6514,38.6,2400,2400,2400,2400,0x0,24,25,19,0.0,0.0,7061,6949,,6854,0
2026-09-18T00:10:35Z,6515,38.0,2400,2400,2400,2400,0x0,24,25,19,0.0,0.0,7061,6949,,6855,0
2026-09-18T00:10:36Z,6516,39.1,2400,2400,2400,2400,0x0,24,25,19,0.0,0.0,7061,6949,,6856,0
2026-09-18T00:10:37Z,6517,39.1,2400,2400,2400,2400,0x0,24,25,19,0.0,0.0,7061,6949,,6857,0
2026-09-18T00:10:38Z,6518,38.0,2400,2400,2400,2400,0x0,24,25,19,0.0,0.0,7061,6949,,6858,0
2026-09-18T00:10:39Z,6519,38.6,2400,2400,2400,2400,0x0,24,25,19,0.0,0.0,7061,6949,,6859,0
2026-09-18T00:10:40Z,6520,38.0,2400,2400,2400,2400,0x0,24,25,19,0.0,0.0,7061,6949,,6860,0
2026-09-18T00:10:41Z,6521,38.6,2400,2400,2400,2400,0x0,24,25,19,0.0,0.0,7061,6949,,6861,0
2026-09-18T00:10:42Z,6522,38.6,2400,2400,2400,2400,0x0,24,25,19,0.0,0.0,7061,6949,,6862,0
2026-09-18T00:10:43Z,6523,37.5,2400,2400,2400,2400,0x0,24,25,19,0.0,0.0,7061,6949,,6863,0
2026-09-18T00:10:44Z,6524,39.1,2400,2400,2400,2400,0x0,24,25,19,0.0,0.0,7061,6949,,6864,0
2026-09-18T00:10:45Z,6525,39.7,2400,2400,2400,2400,0x0,24,25,19,0.0,0.0,7061,6949,,6865,0
2026-09-18T00:10:47Z,6526,38.6,2400,2400,2400,2400,0x0,24,25,19,0.0,0.0,7061,6949,,6866,0
2026-09-18T00:10:48Z,6528,38.6,2400,2400,2400,2400,0x0,24,25,19,0.0,0.0,7061,6949,,6867,0
2026-09-18T00:10:49Z,6529,37.5,2400,2400,2400,2400,0x0,24,25,19,0.0,0.0,7061,6949,,6869,0
2026-09-18T00:10:50Z,6530,38.6,2400,2400,2400,2400,0x0,24,25,19,0.0,0.0,7061,6949,,6870,0
2026-09-18T00:10:51Z,6531,37.0,2400,2400,2400,2400,0x0,24,25,19,0.0,0.0,7061,6949,,6871,0
2026-09-18T00:10:52Z,6532,38.6,2400,2400,2400,2400,0x0,24,25,19,0.0,0.0,7061,6949,,6872,0
2026-09-18T00:10:53Z,6533,39.1,2400,2400,2400,2400,0x0,24,25,19,0.0,0.0,7061,6949,,6873,0
2026-09-18T00:10:54Z,6534,38.0,2400,2400,2400,2400,0x0,24,25,19,0.0,0.0,7061,6949,,6874,0
2026-09-18T00:10:55Z,6535,39.1,2400,2400,2400,2400,0x0,24,25,19,0.0,0.0,7061,6949,,6875,0
2026-09-18T00:10:56Z,6536,38.6,2400,2400,2400,2400,0x0,24,25,19,0.0,0.0,7061,6949,,6876,0
2026-09-18T00:10:57Z,6537,38.0,2400,2400,2400,2400,0x0,24,25,19,0.0,0.0,7061,6949,,6877,0
2026-09-18T00:10:58Z,6538,39.1,2400,2400,2400,2400,0x0,24,25,19,0.0,0.0,7061,6949,,6878,0
2026-09-18T00:10:59Z,6539,37.5,2400,2400,2400,2400,0x0,24,25,19,0.0,0.0,7061,6949,,6879,0
2026-09-18T00:11:00Z,6540,38.0,2400,2400,2400,2400,0x0,24,25,19,0.0,0.0,7061,6949,,6880,0
2026-09-18T00:11:01Z,6541,38.6,2400,2400,2400,2400,0x0,24,25,19,0.0,0.0,7061,6949,,6881,0
2026-09-18T00:11:02Z,6542,38.6,2400,2400,2400,2400,0x0,24,25,19,0.0,0.0,7061,6949,,6882,0
2026-09-18T00:11:04Z,6543,38.6,2400,2400,2400,2400,0x0,24,25,19,0.0,0.0,7061,6949,,6883,0
2026-09-18T00:11:05Z,6545,38.6,2400,2400,2400,2400,0x0,24,25,19,0.0,0.0,7061,6949,,6885,0
2026-09-18T00:11:06Z,6546,38.6,2400,2400,2400,2400,0x0,24,25,19,0.0,0.0,7061,6949,,6886,0
2026-09-18T00:11:07Z,6547,39.1,2400,2400,2400,2400,0x0,24,25,19,0.0,0.0,7061,6949,,6887,0
2026-09-18T00:11:08Z,6548,38.6,2400,2400,2400,2400,0x0,24,25,19,0.0,0.0,7061,6949,,6888,0
2026-09-18T00:11:09Z,6549,39.1,2400,2400,2400,2400,0x0,24,25,19,0.0,0.0,7061,6949,,6889,0
2026-09-18T00:11:10Z,6550,38.0,2400,2400,2400,2400,0x0,24,25,19,0.0,0.0,7061,6949,,6890,0
2026-09-18T00:11:11Z,6551,37.0,2400,2400,2400,2400,0x0,24,25,19,0.0,0.0,7061,6949,,6891,0
2026-09-18T00:11:12Z,6552,39.1,2400,2400,2400,2400,0x0,24,25,19,0.0,0.0,7061,6949,,6892,0
2026-09-18T00:11:13Z,6553,38.6,2400,2400,2400,2400,0x0,24,25,19,0.0,0.0,7061,6949,,6893,0
2026-09-18T00:11:14Z,6554,38.0,2400,2400,2400,2400,0x0,24,25,19,0.0,0.0,7061,6949,,6894,0
2026-09-18T00:11:15Z,6555,37.5,2400,2400,2400,2400,0x0,24,25,19,0.0,0.0,7061,6949,,6895,0
2026-09-18T00:11:16Z,6556,39.1,2400,2400,2400,2400,0x0,24,25,19,0.0,0.0,7061,6949,,6896,0
2026-09-18T00:11:17Z,6557,38.6,2400,2400,2400,2400,0x0,24,25,19,0.0,0.0,7061,6949,,6897,0
2026-09-18T00:11:18Z,6558,38.0,2400,2400,2400,2400,0x0,24,25,19,0.0,0.0,7061,6949,,6898,0
2026-09-18T00:11:20Z,6559,38.0,2400,2400,2400,2400,0x0,24,25,19,0.0,0.0,7061,6949,,6899,0
2026-09-18T00:11:21Z,6561,38.6,2400,2400,2400,2400,0x0,24,25,19,0.0,0.0,7061,6949,,6900,0
2026-09-18T00:11:22Z,6562,39.1,2400,2400,2400,2400,0x0,24,25,19,0.0,0.0,7061,6949,,6902,0
2026-09-18T00:11:23Z,6563,39.1,2400,2400,2400,2400,0x0,24,25,19,0.0,0.0,7061,6949,,6903,0
2026-09-18T00:11:24Z,6564,38.6,2400,2400,2400,2400,0x0,24,25,19,0.0,0.0,7061,6949,,6904,0
2026-09-18T00:11:25Z,6565,37.5,2400,2400,2400,2400,0x0,24,25,19,0.0,0.0,7061,6949,,6905,0
2026-09-18T00:11:26Z,6566,38.6,2400,2400,2400,2400,0x0,24,25,19,0.0,0.0,7061,6949,,6906,0
2026-09-18T00:11:27Z,6567,39.1,2400,2400,2400,2400,0x0,24,25,19,0.0,0.0,7061,6949,,6907,0
2026-09-18T00:11:28Z,6568,39.1,2400,2400,2400,2400,0x0,24,25,19,0.0,0.0,7061,6949,,6908,0
2026-09-18T00:11:29Z,6569,38.6,2400,2400,2400,2400,0x0,24,25,19,0.0,0.0,7061,6949,,6909,0
2026-09-18T00:11:30Z,6570,37.5,2400,2400,2400,2400,0x0,24,25,19,0.0,0.0,7061,6949,,6910,0
2026-09-18T00:11:31Z,6571,39.7,2400,2400,2400,2400,0x0,24,25,19,0.0,0.0,7061,6949,,6911,0
2026-09-18T00:11:32Z,6572,38.6,2400,2400,2400,2400,0x0,24,25,19,0.0,0.0,7061,6949,,6912,0
2026-09-18T00:11:33Z,6573,37.5,2400,2400,2400,2400,0x0,24,25,19,0.0,0.0,7061,6949,,6913,0
2026-09-18T00:11:34Z,6574,37.5,2400,2400,2400,2400,0x0,24,25,19,0.0,0.0,7061,6949,,6914,0
2026-09-18T00:11:35Z,6575,38.6,2400,2400,2400,2400,0x0,24,25,19,0.0,0.0,7061,6949,,6915,0
2026-09-18T00:11:37Z,6576,37.0,2400,2400,2400,2400,0x0,24,25,19,0.0,0.0,7061,6949,,6916,0
2026-09-18T00:11:38Z,6578,37.5,2400,2400,2400,2400,0x0,24,25,19,0.0,0.0,7061,6949,,6918,0
2026-09-18T00:11:39Z,6579,38.0,2400,2400,2400,2400,0x0,24,25,19,0.0,0.0,7061,6949,,6919,0
2026-09-18T00:11:40Z,6580,38.6,2400,2400,2400,2400,0x0,24,25,19,0.0,0.0,7061,6949,,6920,0
2026-09-18T00:11:41Z,6581,38.6,2400,2400,2400,2400,0x0,24,25,19,0.0,0.0,7061,6949,,6921,0
2026-09-18T00:11:42Z,6582,37.5,2400,2400,2400,2400,0x0,24,25,19,0.0,0.0,7061,6949,,6922,0
2026-09-18T00:11:43Z,6583,37.5,2400,2400,2400,2400,0x0,24,25,19,0.0,0.0,7061,6949,,6923,0
2026-09-18T00:11:44Z,6584,39.1,2400,2400,2400,2400,0x0,24,25,19,0.0,0.0,7061,6949,,6924,0
2026-09-18T00:11:45Z,6585,38.0,2400,2400,2400,2400,0x0,24,25,19,0.0,0.0,7061,6949,,6925,0
2026-09-18T00:11:46Z,6586,39.1,2400,2400,2400,2400,0x0,24,25,19,0.0,0.0,7061,6949,,6926,0
2026-09-18T00:11:47Z,6587,37.0,2400,2400,2400,2400,0x0,24,25,19,0.0,0.0,7061,6949,,6927,0
2026-09-18T00:11:48Z,6588,39.1,2400,2400,2400,2400,0x0,24,25,19,0.0,0.0,7061,6949,,6928,0
2026-09-18T00:11:49Z,6589,40.2,2400,2400,2400,2400,0x0,24,25,19,0.0,0.0,7061,6949,,6929,0
2026-09-18T00:11:50Z,6590,38.6,2400,2400,2400,2400,0x0,24,25,19,0.0,0.0,7061,6949,,6930,0
2026-09-18T00:11:51Z,6591,38.6,2400,2400,2400,2400,0x0,24,25,19,0.0,0.0,7061,6949,,6931,0
2026-09-18T00:11:52Z,6592,38.6,2400,2400,2400,2400,0x0,24,25,19,0.0,0.0,7061,6949,,6932,0
2026-09-18T00:11:53Z,6593,40.2,2400,2400,2400,2400,0x0,24,25,19,0.0,0.0,7061,6949,,6933,0
2026-09-18T00:11:55Z,6594,38.0,2400,2400,2400,2400,0x0,24,25,19,0.0,0.0,7061,6949,,6934,0
2026-09-18T00:11:56Z,6596,38.6,2400,2400,2400,2400,0x0,24,25,19,0.0,0.0,7061,6949,,6936,0
2026-09-18T00:11:57Z,6597,37.5,2400,2400,2400,2400,0x0,24,25,19,0.0,0.0,7061,6949,,6937,0
2026-09-18T00:11:58Z,6598,38.0,2400,2400,2400,2400,0x0,24,25,19,0.0,0.0,7061,6949,,6938,0
2026-09-18T00:11:59Z,6599,39.1,2400,2400,2400,2400,0x0,24,25,19,0.0,0.0,7061,6949,,6939,0
2026-09-18T00:12:00Z,6600,39.1,2400,2400,2400,2400,0x0,24,25,19,0.0,0.0,7061,6949,,6940,0
2026-09-18T00:12:01Z,6601,39.1,2400,2400,2400,2400,0x0,24,25,19,0.0,0.0,7061,6949,,6941,0
2026-09-18T00:12:02Z,6602,39.1,2400,2400,2400,2400,0x0,24,25,19,0.0,0.0,7061,6949,,6942,0
2026-09-18T00:12:03Z,6603,37.0,2400,2400,2400,2400,0x0,24,25,19,0.0,0.0,7061,6949,,6943,0
2026-09-18T00:12:04Z,6604,39.1,2400,2400,2400,2400,0x0,24,25,19,0.0,0.0,7061,6949,,6944,0
2026-09-18T00:12:05Z,6605,38.0,2400,2400,2400,2400,0x0,24,25,19,0.0,0.0,7061,6949,,6945,0
2026-09-18T00:12:06Z,6606,38.6,2400,2400,2400,2400,0x0,24,25,19,0.0,0.0,7061,6949,,6946,0
2026-09-18T00:12:07Z,6607,37.5,2400,2400,2400,2400,0x0,24,25,19,0.0,0.0,7061,6949,,6947,0
2026-09-18T00:12:08Z,6608,37.0,2400,2400,2400,2400,0x0,24,25,19,0.0,0.0,7061,6949,,6948,0
2026-09-18T00:12:09Z,6609,39.1,2400,2400,2400,2400,0x0,24,25,19,0.0,0.0,7061,6949,,6949,0
2026-09-18T00:12:10Z,6610,38.6,2400,2400,2400,2400,0x0,24,25,19,0.0,0.0,7061,6949,,6950,0
2026-09-18T00:12:12Z,6612,38.0,2400,2400,2400,2400,0x0,24,25,19,0.0,0.0,7061,6949,,6951,0
2026-09-18T00:12:13Z,6613,38.6,2400,2400,2400,2400,0x0,24,25,19,0.0,0.0,7061,6949,,6953,0
2026-09-18T00:12:14Z,6614,38.0,2400,2400,2400,2400,0x0,24,25,19,0.0,0.0,7061,6949,,6954,0
2026-09-18T00:12:15Z,6615,37.5,2400,2400,2400,2400,0x0,24,25,19,0.0,0.0,7061,6949,,6955,0
2026-09-18T00:12:16Z,6616,37.5,2400,2400,2400,2400,0x0,24,25,19,0.0,0.0,7061,6949,,6956,0
2026-09-18T00:12:17Z,6617,38.6,2400,2400,2400,2400,0x0,24,25,19,0.0,0.0,7061,6949,,6957,0
2026-09-18T00:12:18Z,6618,38.6,2400,2400,2400,2400,0x0,24,25,19,0.0,0.0,7061,6949,,6958,0
2026-09-18T00:12:19Z,6619,38.0,2400,2400,2400,2400,0x0,24,25,19,0.0,0.0,7061,6949,,6959,0
2026-09-18T00:12:20Z,6620,37.5,2400,2400,2400,2400,0x0,24,25,19,0.0,0.0,7061,6949,,6960,0
2026-09-18T00:12:21Z,6621,39.1,2400,2400,2400,2400,0x0,24,25,19,0.0,0.0,7061,6949,,6961,0
2026-09-18T00:12:22Z,6622,38.6,2400,2400,2400,2400,0x0,24,25,19,0.0,0.0,7061,6949,,6962,0
2026-09-18T00:12:23Z,6623,39.1,2400,2400,2400,2400,0x0,24,25,19,0.0,0.0,7061,6949,,6963,0
2026-09-18T00:12:24Z,6624,38.6,2400,2400,2400,2400,0x0,24,25,19,0.0,0.0,7061,6949,,6964,0
2026-09-18T00:12:25Z,6625,37.0,2400,2400,2400,2400,0x0,24,25,19,0.0,0.0,7061,6949,,6965,0
2026-09-18T00:12:26Z,6626,39.1,2400,2400,2400,2400,0x0,24,25,19,0.0,0.0,7061,6949,,6966,0
2026-09-18T00:12:27Z,6627,38.0,2400,2400,2400,2400,0x0,24,25,19,0.0,0.0,7061,6949,,6967,0
2026-09-18T00:12:29Z,6628,38.6,2400,2400,2400,2400,0x0,24,25,19,0.0,0.0,7061,6949,,6968,0
2026-09-18T00:12:30Z,6630,38.6,2400,2400,2400,2400,0x0,24,25,19,0.0,0.0,7061,6949,,6970,0
2026-09-18T00:12:31Z,6631,38.6,2400,2400,2400,2400,0x0,24,25,19,0.0,0.0,7061,6949,,6971,0
2026-09-18T00:12:32Z,6632,38.6,2400,2400,2400,2400,0x0,24,25,19,0.0,0.0,7061,6949,,6972,0
2026-09-18T00:12:33Z,6633,38.6,2400,2400,2400,2400,0x0,24,25,19,0.0,0.0,7061,6949,,6973,0
2026-09-18T00:12:34Z,6634,38.6,2400,2400,2400,2400,0x0,24,25,19,0.0,0.0,7061,6949,,6974,0
2026-09-18T00:12:35Z,6635,38.0,2400,2400,2400,2400,0x0,24,25,19,0.0,0.0,7061,6949,,6975,0
2026-09-18T00:12:36Z,6636,39.1,2400,2400,2400,2400,0x0,24,25,19,0.0,0.0,7061,6949,,6976,0
2026-09-18T00:12:37Z,6637,37.5,2400,2400,2400,2400,0x0,24,25,19,0.0,0.0,7061,6949,,6977,0
2026-09-18T00:12:38Z,6638,37.5,2400,2400,2400,2400,0x0,24,25,19,0.0,0.0,7061,6949,,6978,0
2026-09-18T00:12:39Z,6639,38.6,2400,2400,2400,2400,0x0,24,25,19,0.0,0.0,7061,6949,,6979,0
2026-09-18T00:12:40Z,6640,39.1,2400,2400,2400,2400,0x0,24,25,19,0.0,0.0,7061,6949,,6980,0
2026-09-18T00:12:41Z,6641,39.1,2400,2400,2400,2400,0x0,24,25,19,0.0,0.0,7061,6949,,6981,0
2026-09-18T00:12:42Z,6642,38.0,2400,2400,2400,2400,0x0,24,25,19,0.0,0.0,7061,6949,,6982,0
2026-09-18T00:12:43Z,6643,39.7,2400,2400,2400,2400,0x0,24,25,19,0.0,0.0,7061,6949,,6983,0
2026-09-18T00:12:44Z,6644,40.2,2400,2400,2400,2400,0x0,24,25,19,0.0,0.0,7061,6949,,6984,0
2026-09-18T00:12:46Z,6645,38.6,2400,2400,2400,2400,0x0,24,25,19,0.0,0.0,7061,6949,,6985,0
2026-09-18T00:12:47Z,6647,37.0,2400,2400,2400,2400,0x0,24,25,19,0.0,0.0,7061,6949,,6986,0
2026-09-18T00:12:48Z,6648,38.0,2400,2400,2400,2400,0x0,24,25,19,0.0,0.0,7061,6949,,6988,0
2026-09-18T00:12:49Z,6649,39.1,2400,2400,2400,2400,0x0,24,25,19,0.0,0.0,7061,6949,,6989,0
2026-09-18T00:12:50Z,6650,39.1,2400,2400,2400,2400,0x0,24,25,19,0.0,0.0,7061,6949,,6990,0
2026-09-18T00:12:51Z,6651,37.5,2400,2400,2400,2400,0x0,24,25,19,0.0,0.0,7061,6949,,6991,0
2026-09-18T00:12:52Z,6652,38.6,2400,2400,2400,2400,0x0,24,25,19,0.0,0.0,7061,6949,,6992,0
2026-09-18T00:12:53Z,6653,38.0,2400,2400,2400,2400,0x0,24,25,19,0.0,0.0,7061,6949,,6993,0
2026-09-18T00:12:54Z,6654,38.0,2400,2400,2400,2400,0x0,24,25,19,0.0,0.0,7061,6949,,6994,0
2026-09-18T00:12:55Z,6655,39.1,2400,2400,2400,2400,0x0,24,25,19,0.0,0.0,7061,6949,,6995,0
2026-09-18T00:12:56Z,6656,38.0,2400,2400,2400,2400,0x0,24,25,19,0.0,0.0,7061,6949,,6996,0
2026-09-18T00:12:57Z,6657,38.6,2400,2400,2400,2400,0x0,24,25,19,0.0,0.0,7061,6949,,6997,0
2026-09-18T00:12:58Z,6658,38.0,2400,2400,2400,2400,0x0,24,25,19,0.0,0.0,7061,6949,,6998,0
2026-09-18T00:12:59Z,6659,38.6,2400,2400,2400,2400,0x0,24,25,19,0.0,0.0,7061,6949,,6999,0
2026-09-18T00:13:00Z,6660,38.6,2400,2400,2400,2400,0x0,24,25,19,0.0,0.0,7061,6949,,7000,0
2026-09-18T00:13:01Z,6661,39.1,2400,2400,2400,2400,0x0,24,25,19,0.0,0.0,7061,6949,,7001,0
2026-09-18T00:13:03Z,6662,37.5,2400,2400,2400,2400,0x0,24,25,19,0.0,0.0,7061,6949,,7002,0
2026-09-18T00:13:04Z,6664,38.6,2400,2400,2400,2400,0x0,24,25,19,0.0,0.0,7061,6949,,7003,0
2026-09-18T00:13:05Z,6665,38.0,2400,2400,2400,2400,0x0,24,25,19,0.0,0.0,7061,6949,,7005,0
2026-09-18T00:13:06Z,6666,38.6,2400,2400,2400,2400,0x0,24,25,19,0.0,0.0,7061,6949,,7006,0
2026-09-18T00:13:07Z,6667,37.5,2400,2400,2400,2400,0x0,24,25,19,0.0,0.0,7061,6949,,7007,0
2026-09-18T00:13:08Z,6668,38.0,2400,2400,2400,2400,0x0,24,25,19,0.0,0.0,7061,6949,,7008,0
2026-09-18T00:13:09Z,6669,38.0,2400,2400,2400,2400,0x0,24,25,19,0.0,0.0,7061,6949,,7009,0
2026-09-18T00:13:10Z,6670,38.6,2400,2400,2400,2400,0x0,24,25,19,0.0,0.0,7061,6949,,7010,0
2026-09-18T00:13:11Z,6671,38.6,2400,2400,2400,2400,0x0,24,25,19,0.0,0.0,7061,6949,,7011,0
2026-09-18T00:13:12Z,6672,39.1,2400,2400,2400,2400,0x0,24,25,19,0.0,0.0,7061,6949,,7012,0
2026-09-18T00:13:13Z,6673,39.1,2400,2400,2400,2400,0x0,24,25,19,0.0,0.0,7061,6949,,7013,0
2026-09-18T00:13:14Z,6674,39.1,2400,2400,2400,2400,0x0,24,25,19,0.0,0.0,7061,6949,,7014,0
2026-09-18T00:13:15Z,6675,38.6,2400,2400,2400,2400,0x0,24,25,19,0.0,0.0,7061,6949,,7015,0
2026-09-18T00:13:16Z,6676,37.5,2400,2400,2400,2400,0x0,24,25,19,0.0,0.0,7061,6949,,7016,0
2026-09-18T00:13:17Z,6677,39.1,2400,2400,2400,2400,0x0,24,25,19,0.0,0.0,7061,6949,,7017,0
2026-09-18T00:13:18Z,6678,38.6,2400,2400,2400,2400,0x0,24,25,19,0.0,0.0,7061,6949,,7018,0
2026-09-18T00:13:19Z,6679,39.1,2400,2400,2400,2400,0x0,24,25,19,0.0,0.0,7061,6949,,7019,0
2026-09-18T00:13:21Z,6680,37.5,2400,2400,2400,2400,0x0,24,25,19,0.0,0.0,7061,6949,,7020,0
2026-09-18T00:13:22Z,6682,38.6,2400,2400,2400,2400,0x0,24,25,19,0.0,0.0,7061,6949,,7022,0
2026-09-18T00:13:23Z,6683,37.5,2400,2400,2400,2400,0x0,24,25,19,0.0,0.0,7061,6949,,7023,0
2026-09-18T00:13:24Z,6684,39.1,2400,2400,2400,2400,0x0,24,25,19,0.0,0.0,7061,6949,,7024,0
2026-09-18T00:13:25Z,6685,38.6,2400,2400,2400,2400,0x0,24,25,19,0.0,0.0,7061,6949,,7025,0
2026-09-18T00:13:26Z,6686,38.6,2400,2400,2400,2400,0x0,24,25,19,0.0,0.0,7061,6949,,7026,0
2026-09-18T00:13:27Z,6687,38.6,2400,2400,2400,2400,0x0,24,25,19,0.0,0.0,7061,6949,,7027,0
2026-09-18T00:13:28Z,6688,37.5,2400,2400,2400,2400,0x0,24,25,19,0.0,0.0,7061,6949,,7028,0
2026-09-18T00:13:29Z,6689,38.6,2400,2400,2400,2400,0x0,24,25,19,0.0,0.0,7061,6949,,7029,0
2026-09-18T00:13:30Z,6690,38.6,2400,2400,2400,2400,0x0,24,25,19,0.0,0.0,7061,6949,,7030,0
2026-09-18T00:13:31Z,6691,37.5,2400,2400,2400,2400,0x0,24,25,19,0.0,0.0,7061,6949,,7031,0
2026-09-18T00:13:32Z,6692,38.6,2400,2400,2400,2400,0x0,24,25,19,0.0,0.0,7061,6949,,7032,0
2026-09-18T00:13:33Z,6693,38.6,2400,2400,2400,2400,0x0,24,25,19,0.0,0.0,7061,6949,,7033,0
2026-09-18T00:13:34Z,6694,38.6,2400,2400,2400,2400,0x0,24,25,19,0.0,0.0,7061,6949,,7034,0
2026-09-18T00:13:35Z,6695,38.6,2400,2400,2400,2400,0x0,24,25,19,0.0,0.0,7061,6949,,7035,0
2026-09-18T00:13:36Z,6696,38.6,2400,2400,2400,2400,0x0,24,25,19,0.0,0.0,7061,6949,,7036,0
2026-09-18T00:13:38Z,6697,39.1,2400,2400,2400,2400,0x0,24,25,19,0.0,0.0,7061,6949,,7037,0
2026-09-18T00:13:39Z,6699,37.5,2400,2400,2400,2400,0x0,24,25,19,0.0,0.0,7061,6949,,7039,0
2026-09-18T00:13:40Z,6700,38.6,2400,2400,2400,2400,0x0,24,25,19,0.0,0.0,7061,6949,,7040,0
2026-09-18T00:13:41Z,6701,38.6,2400,2400,2400,2400,0x0,24,25,19,0.0,0.0,7061,6949,,7041,0
2026-09-18T00:13:42Z,6702,38.6,2400,2400,2400,2400,0x0,24,25,19,0.0,0.0,7061,6949,,7042,0
2026-09-18T00:13:43Z,6703,38.6,2400,2400,2400,2400,0x0,24,25,19,0.0,0.0,7061,6949,,7043,0
2026-09-18T00:13:44Z,6704,38.0,2400,2400,2400,2400,0x0,24,25,19,0.0,0.0,7061,6949,,7044,0
2026-09-18T00:13:45Z,6705,38.6,2400,2400,2400,2400,0x0,24,25,19,0.0,0.0,7061,6949,,7045,0
2026-09-18T00:13:46Z,6706,39.1,2400,2400,2400,2400,0x0,24,25,19,0.0,0.0,7061,6949,,7046,0
2026-09-18T00:13:47Z,6707,38.6,2400,2400,2400,2400,0x0,24,25,19,0.0,0.0,7061,6949,,7047,0
2026-09-18T00:13:48Z,6708,37.5,2400,2400,2400,2400,0x0,24,25,19,0.0,0.0,7061,6949,,7048,0
2026-09-18T00:13:49Z,6709,37.5,2400,2400,2400,2400,0x0,24,25,19,0.0,0.0,7061,6949,,7049,0
2026-09-18T00:13:50Z,6710,38.6,2400,2400,2400,2400,0x0,24,25,19,0.0,0.0,7061,6949,,7050,0
2026-09-18T00:13:51Z,6711,38.6,2400,2400,2400,2400,0x0,24,25,19,0.0,0.0,7061,6949,,7051,0
2026-09-18T00:13:52Z,6712,37.5,2400,2400,2400,2400,0x0,24,25,19,0.0,0.0,7061,6949,,7052,0
2026-09-18T00:13:53Z,6713,38.0,2400,2400,2400,2400,0x0,24,25,19,0.0,0.0,7061,6949,,7053,0
2026-09-18T00:13:54Z,6714,38.6,2400,2400,2400,2400,0x0,24,25,19,0.0,0.0,7061,6949,,7054,0
2026-09-18T00:13:56Z,6715,37.5,2400,2400,2400,2400,0x0,24,25,19,0.0,0.0,7061,6949,,7055,0
2026-09-18T00:13:57Z,6717,39.7,2400,2400,2400,2400,0x0,24,25,19,0.0,0.0,7061,6949,,7057,0
2026-09-18T00:13:58Z,6718,38.6,2400,2400,2400,2400,0x0,24,25,19,0.0,0.0,7061,6949,,7058,0
2026-09-18T00:13:59Z,6719,39.1,2400,2400,2400,2400,0x0,24,25,19,0.0,0.0,7061,6949,,7059,0
2026-09-18T00:14:00Z,6720,39.7,2400,2400,2400,2400,0x0,24,25,19,0.0,0.0,7061,6949,,7060,0
2026-09-18T00:14:01Z,6721,38.6,2400,2400,2400,2400,0x0,24,25,19,0.0,0.0,7061,6949,,7061,0
2026-09-18T00:14:02Z,6722,38.6,2400,2400,2400,2400,0x0,24,25,19,0.0,0.0,7061,6949,,7062,0
2026-09-18T00:14:03Z,6723,38.6,2400,2400,2400,2400,0x0,24,25,19,0.0,0.0,7061,6949,,7063,0
2026-09-18T00:14:04Z,6724,38.6,2400,2400,2400,2400,0x0,24,25,19,0.0,0.0,7061,6949,,7064,0
2026-09-18T00:14:05Z,6725,37.5,2400,2400,2400,2400,0x0,24,25,19,0.0,0.0,7061,6949,,7065,0
2026-09-18T00:14:06Z,6726,37.5,2400,2400,2400,2400,0x0,24,25,19,0.0,0.0,7061,6949,,7066,0
2026-09-18T00:14:07Z,6727,38.0,2400,2400,2400,2400,0x0,24,25,19,0.0,0.0,7061,6949,,7067,0
2026-09-18T00:14:08Z,6728,38.6,2400,2400,2400,2400,0x0,24,25,19,0.0,0.0,7061,6949,,7068,0
2026-09-18T00:14:09Z,6729,38.6,2400,2400,2400,2400,0x0,24,25,19,0.0,0.0,7061,6949,,7069,0
2026-09-18T00:14:10Z,6730,39.1,2400,2400,2400,2400,0x0,24,25,19,0.0,0.0,7061,6949,,7070,0
2026-09-18T00:14:11Z,6731,37.5,2400,2400,2400,2400,0x0,24,25,19,0.0,0.0,7061,6949,,7071,0
2026-09-18T00:14:13Z,6733,38.6,2400,2400,2400,2400,0x0,24,25,19,0.0,0.0,7061,6949,,7072,0
2026-09-18T00:14:14Z,6734,38.6,2400,2400,2400,2400,0x0,24,25,19,0.0,0.0,7061,6949,,7074,0
2026-09-18T00:14:15Z,6735,38.6,2400,2400,2400,2400,0x0,24,25,19,0.0,0.0,7061,6949,,7075,0
2026-09-18T00:14:16Z,6736,38.6,2400,2400,2400,2400,0x0,24,25,19,0.0,0.0,7061,6949,,7076,0
2026-09-18T00:14:17Z,6737,38.6,2400,2400,2400,2400,0x0,24,25,19,0.0,0.0,7061,6949,,7077,0
2026-09-18T00:14:18Z,6738,37.0,2400,2400,2400,2400,0x0,24,25,19,0.0,0.0,7061,6949,,7078,0
2026-09-18T00:14:19Z,6739,38.6,2400,2400,2400,2400,0x0,24,25,19,0.0,0.0,7061,6949,,7079,0
2026-09-18T00:14:20Z,6740,38.0,2400,2400,2400,2400,0x0,24,25,19,0.0,0.0,7061,6949,,7080,0
2026-09-18T00:14:21Z,6741,39.7,2400,2400,2400,2400,0x0,24,25,19,0.0,0.0,7061,6949,,7081,0
2026-09-18T00:14:22Z,6742,38.6,2400,2400,2400,2400,0x0,24,25,19,0.0,0.0,7061,6949,,7082,0
2026-09-18T00:14:23Z,6743,39.1,2400,2400,2400,2400,0x0,24,25,19,0.0,0.0,7061,6949,,7083,0
2026-09-18T00:14:24Z,6744,39.1,2400,2400,2400,2400,0x0,24,25,19,0.0,0.0,7061,6949,,7084,0
2026-09-18T00:14:25Z,6745,38.6,2400,2400,2400,2400,0x0,24,25,19,0.0,0.0,7061,6949,,7085,0
2026-09-18T00:14:26Z,6746,38.0,2400,2400,2400,2400,0x0,24,25,19,0.0,0.0,7061,6949,,7086,0
2026-09-18T00:14:27Z,6747,38.6,2400,2400,2400,2400,0x0,24,25,19,0.0,0.0,7061,6949,,7087,0
2026-09-18T00:14:28Z,6748,39.1,2400,2400,2400,2400,0x0,24,25,19,0.0,0.0,7061,6949,,7088,0
2026-09-18T00:14:30Z,6749,38.6,2400,2400,2400,2400,0x0,24,25,19,0.0,0.0,7061,6949,,7089,0
2026-09-18T00:14:31Z,6751,38.6,2400,2400,2400,2400,0x0,24,25,19,0.0,0.0,7061,6949,,7090,0
2026-09-18T00:14:32Z,6752,39.1,2400,2400,2400,2400,0x0,24,25,19,0.0,0.0,7061,6949,,7092,0
2026-09-18T00:14:33Z,6753,38.6,2400,2400,2400,2400,0x0,24,25,19,0.0,0.0,7061,6949,,7093,0
2026-09-18T00:14:34Z,6754,39.7,2400,2400,2400,2400,0x0,24,25,19,0.0,0.0,7061,6949,,7094,0
2026-09-18T00:14:35Z,6755,39.1,2400,2400,2400,2400,0x0,24,25,19,0.0,0.0,7061,6949,,7095,0
2026-09-18T00:14:36Z,6756,38.6,2400,2400,2400,2400,0x0,24,24,19,0.0,0.0,7061,6949,,7096,0
2026-09-18T00:14:37Z,6757,37.5,2400,2400,2400,2400,0x0,24,24,19,0.0,0.0,7061,6949,,7097,0
2026-09-18T00:14:38Z,6758,39.7,2400,2400,2400,2400,0x0,24,24,19,0.0,0.0,7061,6949,,7098,0
2026-09-18T00:14:39Z,6759,38.6,2400,2400,2400,2400,0x0,24,24,19,0.0,0.0,7061,6949,,7099,0
2026-09-18T00:14:40Z,6760,37.0,2400,2400,2400,2400,0x0,24,24,19,0.0,0.0,7061,6949,,7100,0
2026-09-18T00:14:41Z,6761,39.7,2400,2400,2400,2400,0x0,24,24,19,0.0,0.0,7061,6949,,7101,0
2026-09-18T00:14:42Z,6762,37.5,2400,2400,2400,2400,0x0,24,24,19,0.0,0.0,7061,6949,,7102,0
2026-09-18T00:14:43Z,6763,39.1,2400,2400,2400,2400,0x0,24,24,19,0.0,0.0,7061,6949,,7103,0
2026-09-18T00:14:44Z,6764,37.0,2400,2400,2400,2400,0x0,24,24,19,0.0,0.0,7061,6949,,7104,0
2026-09-18T00:14:45Z,6765,37.5,2400,2400,2400,2400,0x0,24,24,19,0.0,0.0,7061,6949,,7105,0
2026-09-18T00:14:47Z,6766,38.6,2400,2400,2400,2400,0x0,24,24,19,0.0,0.0,7061,6949,,7106,0
2026-09-18T00:14:48Z,6768,38.6,2400,2400,2400,2400,0x0,24,24,19,0.0,0.0,7061,6949,,7107,0
2026-09-18T00:14:49Z,6769,39.7,2400,2400,2400,2400,0x0,24,24,19,0.0,0.0,7061,6949,,7109,0
2026-09-18T00:14:50Z,6770,37.5,2400,2400,2400,2400,0x0,24,24,19,0.0,0.0,7061,6949,,7110,0
2026-09-18T00:14:51Z,6771,39.1,2400,2400,2400,2400,0x0,24,24,19,0.0,0.0,7061,6949,,7111,0
2026-09-18T00:14:52Z,6772,39.1,2400,2400,2400,2400,0x0,24,24,19,0.0,0.0,7061,6949,,7112,0
2026-09-18T00:14:53Z,6773,39.1,2400,2400,2400,2400,0x0,24,24,19,0.0,0.0,7061,6949,,7113,0
2026-09-18T00:14:54Z,6774,38.6,2400,2400,2400,2400,0x0,24,24,19,0.0,0.0,7061,6949,,7114,0
2026-09-18T00:14:55Z,6775,39.7,2400,2400,2400,2400,0x0,24,24,19,0.0,0.0,7061,6949,,7115,0
2026-09-18T00:14:56Z,6776,39.7,2400,2400,2400,2400,0x0,24,24,19,0.0,0.0,7061,6949,,7116,0
2026-09-18T00:14:57Z,6777,37.0,2400,2400,2400,2400,0x0,24,24,19,0.0,0.0,7061,6949,,7117,0
2026-09-18T00:14:58Z,6778,38.6,2400,2400,2400,2400,0x0,24,24,19,0.0,0.0,7061,6949,,7118,0
2026-09-18T00:14:59Z,6779,37.5,2400,2400,2400,2400,0x0,24,24,19,0.0,0.0,7061,6949,,7119,0
2026-09-18T00:15:00Z,6780,38.6,2400,2400,2400,2400,0x0,24,24,19,0.0,0.0,7061,6949,,7120,0
2026-09-18T00:15:01Z,6781,38.0,2400,2400,2400,2400,0x0,24,24,19,0.0,0.0,7061,6949,,7121,0
2026-09-18T00:15:02Z,6782,38.6,2400,2400,2400,2400,0x0,24,24,19,0.0,0.0,7061,6949,,7122,0
2026-09-18T00:15:03Z,6783,38.0,2400,2400,2400,2400,0x0,24,24,19,0.0,0.0,7061,6949,,7123,0
2026-09-18T00:15:05Z,6784,38.0,2400,2400,2400,2400,0x0,24,24,19,0.0,0.0,7061,6949,,7124,0
2026-09-18T00:15:06Z,6786,38.0,2400,2400,2400,2400,0x0,24,24,19,0.0,0.0,7061,6949,,7125,0
2026-09-18T00:15:07Z,6787,38.6,2400,2400,2400,2400,0x0,24,24,19,0.0,0.0,7061,6949,,7127,0
2026-09-18T00:15:08Z,6788,39.1,2400,2400,2400,2400,0x0,24,25,19,0.0,0.0,7061,6949,,7128,0
2026-09-18T00:15:09Z,6789,38.6,2400,2400,2400,2400,0x0,24,25,19,0.0,0.0,7061,6949,,7129,0
2026-09-18T00:15:10Z,6790,39.1,2400,2400,2400,2400,0x0,24,25,19,0.0,0.0,7061,6949,,7130,0
2026-09-18T00:15:11Z,6791,39.1,2400,2400,2400,2400,0x0,24,25,19,0.0,0.0,7061,6949,,7131,0
2026-09-18T00:15:12Z,6792,38.6,2400,2400,2400,2400,0x0,24,25,19,0.0,0.0,7061,6949,,7132,0
2026-09-18T00:15:13Z,6793,38.6,2400,2400,2400,2400,0x0,24,25,19,0.0,0.0,7061,6949,,7133,0
2026-09-18T00:15:14Z,6794,38.6,2400,2400,2400,2400,0x0,24,25,19,0.0,0.0,7061,6949,,7134,0
2026-09-18T00:15:15Z,6795,38.0,2400,2400,2400,2400,0x0,24,25,19,0.0,0.0,7061,6949,,7135,0
2026-09-18T00:15:16Z,6796,37.5,2400,2400,2400,2400,0x0,24,25,19,0.0,0.0,7061,6949,,7136,0
2026-09-18T00:15:17Z,6797,38.6,2400,2400,2400,2400,0x0,24,25,19,0.0,0.0,7061,6949,,7137,0
2026-09-18T00:15:18Z,6798,38.0,2400,2400,2400,2400,0x0,24,25,19,0.0,0.0,7061,6949,,7138,0
2026-09-18T00:15:20Z,6799,38.6,2400,2400,2400,2400,0x0,24,25,19,0.0,0.0,7061,6949,,7139,0
2026-09-18T00:15:21Z,6801,37.5,2400,2400,2400,2400,0x0,24,25,19,0.0,0.0,7061,6949,,7140,0
2026-09-18T00:15:22Z,6802,38.6,2400,2400,2400,2400,0x0,24,25,19,0.0,0.0,7061,6949,,7142,0
2026-09-18T00:15:23Z,6803,37.5,2400,2400,2400,2400,0x0,24,25,19,0.0,0.0,7061,6949,,7143,0
2026-09-18T00:15:24Z,6804,38.6,2400,2400,2400,2400,0x0,24,25,19,0.0,0.0,7061,6949,,7144,0
2026-09-18T00:15:25Z,6805,37.5,2400,2400,2400,2400,0x0,24,25,19,0.0,0.0,7061,6949,,7145,0
2026-09-18T00:15:26Z,6806,37.5,2400,2400,2400,2400,0x0,24,25,19,0.0,0.0,7061,6949,,7146,0
2026-09-18T00:15:27Z,6807,38.0,2400,2400,2400,2400,0x0,24,25,19,0.0,0.0,7061,6949,,7147,0
2026-09-18T00:15:28Z,6808,39.1,2400,2400,2400,2400,0x0,24,25,19,0.0,0.0,7061,6949,,7148,0
2026-09-18T00:15:29Z,6809,38.0,2400,2400,2400,2400,0x0,24,25,19,0.0,0.0,7061,6949,,7149,0
2026-09-18T00:15:30Z,6810,38.6,2400,2400,2400,2400,0x0,24,25,19,0.0,0.0,7061,6949,,7150,0
2026-09-18T00:15:31Z,6811,38.0,2400,2400,2400,2400,0x0,24,25,19,0.0,0.0,7061,6949,,7151,0
2026-09-18T00:15:32Z,6812,38.6,2400,2400,2400,2400,0x0,24,25,19,0.0,0.0,7061,6949,,7152,0
2026-09-18T00:15:33Z,6813,38.6,2400,2400,2400,2400,0x0,24,25,19,0.0,0.0,7061,6949,,7153,0
2026-09-18T00:15:34Z,6814,37.5,2400,2400,2400,2400,0x0,24,25,19,0.0,0.0,7061,6949,,7154,0
2026-09-18T00:15:35Z,6815,38.6,2400,2400,2400,2400,0x0,24,25,19,0.0,0.0,7061,6949,,7155,0
2026-09-18T00:15:36Z,6816,38.6,2400,2400,2400,2400,0x0,24,25,19,0.0,0.0,7061,6949,,7156,0
2026-09-18T00:15:38Z,6817,37.5,2400,2400,2400,2400,0x0,24,25,19,0.0,0.0,7061,6949,,7157,0
2026-09-18T00:15:39Z,6819,38.6,2400,2400,2400,2400,0x0,24,25,19,0.0,0.0,7061,6949,,7158,0
2026-09-18T00:15:40Z,6820,38.0,2400,2400,2400,2400,0x0,24,25,19,0.0,0.0,7061,6949,,7160,0
2026-09-18T00:15:41Z,6821,38.6,2400,2400,2400,2400,0x0,24,25,19,0.0,0.0,7061,6949,,7161,0
2026-09-18T00:15:42Z,6822,39.7,2400,2400,2400,2400,0x0,24,25,19,0.0,0.0,7061,6949,,7162,0
2026-09-18T00:15:43Z,6823,37.5,2400,2400,2400,2400,0x0,24,25,19,0.0,0.0,7061,6949,,7163,0
2026-09-18T00:15:44Z,6824,37.5,2400,2400,2400,2400,0x0,24,25,19,0.0,0.0,7061,6949,,7164,0
2026-09-18T00:15:45Z,6825,38.0,2400,2400,2400,2400,0x0,24,25,19,0.0,0.0,7061,6949,,7165,0
2026-09-18T00:15:46Z,6826,39.1,2400,2400,2400,2400,0x0,24,25,19,0.0,0.0,7061,6949,,7166,0
2026-09-18T00:15:47Z,6827,38.6,2400,2400,2400,2400,0x0,24,25,19,0.0,0.0,7061,6949,,7167,0
2026-09-18T00:15:48Z,6828,38.6,2400,2400,2400,2400,0x0,24,25,19,0.0,0.0,7061,6949,,7168,0
2026-09-18T00:15:49Z,6829,37.0,2400,2400,2400,2400,0x0,24,25,19,0.0,0.0,7061,6949,,7169,0
2026-09-18T00:15:50Z,6830,38.0,2400,2400,2400,2400,0x0,24,25,19,0.0,0.0,7061,6949,,7170,0
2026-09-18T00:15:51Z,6831,38.6,2400,2400,2400,2400,0x0,24,25,19,0.0,0.0,7061,6949,,7171,0
2026-09-18T00:15:52Z,6832,38.6,2400,2400,2400,2400,0x0,24,25,19,0.0,0.0,7061,6949,,7172,0
2026-09-18T00:15:53Z,6833,37.5,2400,2400,2400,2400,0x0,24,25,19,0.0,0.0,7061,6949,,7173,0
2026-09-18T00:15:55Z,6834,38.6,2400,2400,2400,2400,0x0,24,25,19,0.0,0.0,7061,6949,,7174,0
2026-09-18T00:15:56Z,6836,38.0,2400,2400,2400,2400,0x0,24,25,19,0.0,0.0,7061,6949,,7175,0
2026-09-18T00:15:57Z,6837,38.0,2400,2400,2400,2400,0x0,24,25,19,0.0,0.0,7061,6949,,7177,0
2026-09-18T00:15:58Z,6838,38.0,2400,2400,2400,2400,0x0,24,25,19,0.0,0.0,7061,6949,,7178,0
2026-09-18T00:15:59Z,6839,38.6,2400,2400,2400,2400,0x0,24,25,19,0.0,0.0,7061,6949,,7179,0
2026-09-18T00:16:00Z,6840,39.7,2400,2400,2400,2400,0x0,24,25,19,0.0,0.0,7061,6949,,7180,0
2026-09-18T00:16:01Z,6841,38.6,2400,2400,2400,2400,0x0,24,25,19,0.0,0.0,7061,6949,,7181,0
2026-09-18T00:16:02Z,6842,38.6,2400,2400,2400,2400,0x0,24,25,19,0.0,0.0,7061,6949,,7182,0
2026-09-18T00:16:03Z,6843,38.6,2400,2400,2400,2400,0x0,24,25,19,0.0,0.0,7061,6949,,7183,0
2026-09-18T00:16:04Z,6844,38.6,2400,2400,2400,2400,0x0,24,25,19,0.0,0.0,7061,6949,,7184,0
2026-09-18T00:16:05Z,6845,39.1,2400,2400,2400,2400,0x0,24,25,19,0.0,0.0,7061,6949,,7185,0
2026-09-18T00:16:06Z,6846,38.6,2400,2400,2400,2400,0x0,24,25,19,0.0,0.0,7061,6949,,7186,0
2026-09-18T00:16:07Z,6847,38.6,2400,2400,2400,2400,0x0,24,25,19,0.0,0.0,7061,6949,,7187,0
2026-09-18T00:16:08Z,6848,39.1,2400,2400,2400,2400,0x0,24,25,19,0.0,0.0,7061,6949,,7188,0
2026-09-18T00:16:09Z,6849,38.0,2400,2400,2400,2400,0x0,24,25,19,0.0,0.0,7061,6949,,7189,0
2026-09-18T00:16:10Z,6850,38.6,2400,2400,2400,2400,0x0,24,25,19,0.0,0.0,7061,6949,,7190,0
2026-09-18T00:16:12Z,6851,38.6,2400,2400,2400,2400,0x0,24,25,19,0.0,0.0,7061,6949,,7191,0
2026-09-18T00:16:13Z,6853,38.6,2400,2400,2400,2400,0x0,24,25,19,0.0,0.0,7061,6949,,7193,0
2026-09-18T00:16:14Z,6854,37.0,2400,2400,2400,2400,0x0,24,25,19,0.0,0.0,7061,6949,,7194,0
2026-09-18T00:16:15Z,6855,38.6,2400,2400,2400,2400,0x0,24,25,19,0.0,0.0,7061,6949,,7195,0
2026-09-18T00:16:16Z,6856,38.0,2400,2400,2400,2400,0x0,24,25,19,0.0,0.0,7061,6949,,7196,0
2026-09-18T00:16:17Z,6857,39.1,2400,2400,2400,2400,0x0,24,25,19,0.0,0.0,7061,6949,,7197,0
2026-09-18T00:16:18Z,6858,38.6,2400,2400,2400,2400,0x0,24,25,19,0.0,0.0,7061,6949,,7198,0
2026-09-18T00:16:19Z,6859,38.6,2400,2400,2400,2400,0x0,24,25,19,0.0,0.0,7061,6949,,7199,0
2026-09-18T00:16:20Z,6860,39.1,2400,2400,2400,2400,0x0,24,25,19,0.0,0.0,7061,6949,,7200,0
2026-09-18T00:16:21Z,6861,37.5,2400,2400,2400,2400,0x0,24,25,19,0.0,0.0,7061,6949,,7201,0
2026-09-18T00:16:22Z,6862,38.0,2400,2400,2400,2400,0x0,24,25,19,0.0,0.0,7061,6949,,7202,0
2026-09-18T00:16:23Z,6863,37.0,2400,2400,2400,2400,0x0,24,25,19,0.0,0.0,7061,6949,,7203,0
2026-09-18T00:16:24Z,6864,38.0,2400,2400,2400,2400,0x0,24,25,19,0.0,0.0,7061,6949,,7204,0
2026-09-18T00:16:25Z,6865,38.0,2400,2400,2400,2400,0x0,24,25,19,0.0,0.0,7061,6949,,7205,0
2026-09-18T00:16:26Z,6866,39.1,2400,2400,2400,2400,0x0,24,25,19,0.0,0.0,7061,6949,,7206,0
2026-09-18T00:16:27Z,6867,38.6,2400,2400,2400,2400,0x0,24,25,19,0.0,0.0,7061,6949,,7207,0
2026-09-18T00:16:28Z,6868,38.6,2400,2400,2400,2400,0x0,24,25,19,0.0,0.0,7061,6949,,7208,0
2026-09-18T00:16:30Z,6869,38.6,2400,2400,2400,2400,0x0,24,25,19,0.0,0.0,7061,6949,,7209,0
2026-09-18T00:16:31Z,6871,38.0,2400,2400,2400,2400,0x0,24,25,19,0.0,0.0,7061,6949,,7211,0
2026-09-18T00:16:32Z,6872,38.6,2400,2400,2400,2400,0x0,24,25,19,0.0,0.0,7061,6949,,7212,0
2026-09-18T00:16:33Z,6873,38.6,2400,2400,2400,2400,0x0,24,25,19,0.0,0.0,7061,6949,,7213,0
2026-09-18T00:16:34Z,6874,38.0,2400,2400,2400,2400,0x0,24,25,19,0.0,0.0,7061,6949,,7214,0
2026-09-18T00:16:35Z,6875,37.5,2400,2400,2400,2400,0x0,24,25,19,0.0,0.0,7061,6949,,7215,0
2026-09-18T00:16:36Z,6876,39.1,2400,2400,2400,2400,0x0,24,25,19,0.0,0.0,7061,6949,,7216,0
2026-09-18T00:16:37Z,6877,38.0,2400,2400,2400,2400,0x0,24,25,19,0.0,0.0,7061,6949,,7217,0
2026-09-18T00:16:38Z,6878,37.0,2400,2400,2400,2400,0x0,24,25,19,0.0,0.0,7061,6949,,7218,0
2026-09-18T00:16:39Z,6879,38.0,2400,2400,2400,2400,0x0,24,25,19,0.0,0.0,7061,6949,,7219,0
2026-09-18T00:16:40Z,6880,37.5,2400,2400,2400,2400,0x0,24,25,19,0.0,0.0,7061,6949,,7220,0
2026-09-18T00:16:41Z,6881,38.6,2400,2400,2400,2400,0x0,24,25,19,0.0,0.0,7061,6949,,7221,0
2026-09-18T00:16:42Z,6882,38.0,2400,2400,2400,2400,0x0,24,25,19,0.0,0.0,7061,6949,,7222,0
2026-09-18T00:16:43Z,6883,39.1,2400,2400,2400,2400,0x0,24,24,19,0.0,0.0,7061,6949,,7223,0
2026-09-18T00:16:44Z,6884,38.0,2400,2400,2400,2400,0x0,24,24,19,0.0,0.0,7061,6949,,7224,0
2026-09-18T00:16:45Z,6885,38.0,2400,2400,2400,2400,0x0,24,24,19,0.0,0.0,7061,6949,,7225,0
2026-09-18T00:16:47Z,6887,39.1,2400,2400,2400,2400,0x0,24,24,19,0.0,0.0,7061,6949,,7226,0
2026-09-18T00:16:48Z,6888,38.6,2400,2400,2400,2400,0x0,24,24,19,0.0,0.0,7061,6949,,7228,0
2026-09-18T00:16:49Z,6889,38.6,2400,2400,2400,2400,0x0,24,24,19,0.0,0.0,7061,6949,,7229,0
2026-09-18T00:16:50Z,6890,39.1,2400,2400,2400,2400,0x0,24,24,19,0.0,0.0,7061,6949,,7230,0
2026-09-18T00:16:51Z,6891,37.0,2400,2400,2400,2400,0x0,24,24,19,0.0,0.0,7061,6949,,7231,0
2026-09-18T00:16:52Z,6892,37.0,2400,2400,2400,2400,0x0,24,24,19,0.0,0.0,7061,6949,,7232,0
2026-09-18T00:16:53Z,6893,38.6,2400,2400,2400,2400,0x0,24,24,19,0.0,0.0,7061,6949,,7233,0
2026-09-18T00:16:54Z,6894,37.5,2400,2400,2400,2400,0x0,24,24,19,0.0,0.0,7061,6949,,7234,0
2026-09-18T00:16:55Z,6895,38.0,2400,2400,2400,2400,0x0,24,24,19,0.0,0.0,7061,6949,,7235,0
2026-09-18T00:16:56Z,6896,37.5,2400,2400,2400,2400,0x0,24,24,19,0.0,0.0,7061,6949,,7236,0
2026-09-18T00:16:57Z,6897,38.6,2400,2400,2400,2400,0x0,24,24,19,0.0,0.0,7061,6949,,7237,0
2026-09-18T00:16:58Z,6898,38.0,2400,2400,2400,2400,0x0,24,24,19,0.0,0.0,7061,6949,,7238,0
2026-09-18T00:16:59Z,6899,37.5,2400,2400,2400,2400,0x0,24,24,19,0.0,0.0,7061,6949,,7239,0
2026-09-18T00:17:00Z,6900,38.6,2400,2400,2400,2400,0x0,24,24,19,0.0,0.0,7061,6949,,7240,0
2026-09-18T00:17:01Z,6901,39.1,2400,2400,2400,2400,0x0,24,24,19,0.0,0.0,7061,6949,,7241,0
2026-09-18T00:17:02Z,6902,37.0,2400,2400,2400,2400,0x0,24,24,19,0.0,0.0,7061,6949,,7242,0
2026-09-18T00:17:04Z,6903,38.6,2400,2400,2400,2400,0x0,24,24,19,0.0,0.0,7061,6949,,7243,0
2026-09-18T00:17:05Z,6905,38.0,2400,2400,2400,2400,0x0,24,24,19,0.0,0.0,7061,6949,,7244,0
2026-09-18T00:17:06Z,6906,39.7,2400,2400,2400,2400,0x0,24,24,19,0.0,0.0,7061,6949,,7246,0
2026-09-18T00:17:07Z,6907,37.5,2400,2400,2400,2400,0x0,24,24,19,0.0,0.0,7061,6949,,7247,0
2026-09-18T00:17:08Z,6908,39.1,2400,2400,2400,2400,0x0,24,24,19,0.0,0.0,7061,6949,,7248,0
2026-09-18T00:17:09Z,6909,38.0,2400,2400,2400,2400,0x0,24,24,19,0.0,0.0,7061,6949,,7249,0
2026-09-18T00:17:10Z,6910,38.0,2400,2400,2400,2400,0x0,24,24,19,0.0,0.0,7061,6949,,7250,0
2026-09-18T00:17:11Z,6911,37.5,2400,2400,2400,2400,0x0,24,24,19,0.0,0.0,7061,6949,,7251,0
2026-09-18T00:17:12Z,6912,38.0,2400,2400,2400,2400,0x0,24,24,19,0.0,0.0,7061,6949,,7252,0
2026-09-18T00:17:13Z,6913,37.5,2400,2400,2400,2400,0x0,24,24,19,0.0,0.0,7061,6949,,7253,0
2026-09-18T00:17:14Z,6914,39.1,2400,2400,2400,2400,0x0,24,24,19,0.0,0.0,7061,6949,,7254,0
2026-09-18T00:17:15Z,6915,38.6,2400,2400,2400,2400,0x0,24,25,19,0.0,0.0,7061,6949,,7255,0
2026-09-18T00:17:16Z,6916,38.6,2400,2400,2400,2400,0x0,24,25,19,0.0,0.0,7061,6949,,7256,0
2026-09-18T00:17:17Z,6917,39.1,2400,2400,2400,2400,0x0,24,25,19,0.0,0.0,7061,6949,,7257,0
2026-09-18T00:17:18Z,6918,38.6,2400,2400,2400,2400,0x0,24,25,19,0.0,0.0,7061,6949,,7258,0
2026-09-18T00:17:20Z,6920,38.0,2400,2400,2400,2400,0x0,24,25,19,0.0,0.0,7061,6949,,7259,0
2026-09-18T00:17:21Z,6921,37.5,2400,2400,2400,2400,0x0,24,25,19,0.0,0.0,7061,6949,,7261,0
2026-09-18T00:17:22Z,6922,39.1,2400,2400,2400,2400,0x0,24,25,19,0.0,0.0,7061,6949,,7262,0
2026-09-18T00:17:23Z,6923,40.2,2400,2400,2400,2400,0x0,24,25,19,0.0,0.0,7061,6949,,7263,0
2026-09-18T00:17:24Z,6924,37.5,2400,2400,2400,2400,0x0,24,25,19,0.0,0.0,7061,6949,,7264,0
2026-09-18T00:17:25Z,6925,38.0,2400,2400,2400,2400,0x0,24,25,19,0.0,0.0,7061,6949,,7265,0
2026-09-18T00:17:26Z,6926,39.7,2400,2400,2400,2400,0x0,24,25,19,0.0,0.0,7061,6949,,7266,0
2026-09-18T00:17:27Z,6927,38.0,2400,2400,2400,2400,0x0,24,25,19,0.0,0.0,7061,6949,,7267,0
2026-09-18T00:17:28Z,6928,38.0,2400,2400,2400,2400,0x0,24,25,19,0.0,0.0,7061,6949,,7268,0
2026-09-18T00:17:29Z,6929,37.0,2400,2400,2400,2400,0x0,24,25,19,0.0,0.0,7061,6949,,7269,0
2026-09-18T00:17:30Z,6930,39.1,2400,2400,2400,2400,0x0,24,25,19,0.0,0.0,7061,6949,,7270,0
2026-09-18T00:17:31Z,6931,38.0,2400,2400,2400,2400,0x0,24,25,19,0.0,0.0,7061,6949,,7271,0
2026-09-18T00:17:32Z,6932,38.0,2400,2400,2400,2400,0x0,24,25,19,0.0,0.0,7061,6949,,7272,0
2026-09-18T00:17:33Z,6933,38.6,2400,2400,2400,2400,0x0,24,25,19,0.0,0.0,7061,6949,,7273,0
2026-09-18T00:17:34Z,6934,39.1,2400,2400,2400,2400,0x0,24,25,19,0.0,0.0,7061,6949,,7274,0
2026-09-18T00:17:35Z,6935,38.0,2400,2400,2400,2400,0x0,24,25,19,0.0,0.0,7061,6949,,7275,0
2026-09-18T00:17:37Z,6936,38.0,2400,2400,2400,2400,0x0,24,25,19,0.0,0.0,7061,6949,,7276,0
2026-09-18T00:17:38Z,6938,37.0,2400,2400,2400,2400,0x0,24,25,19,0.0,0.0,7061,6949,,7277,0
2026-09-18T00:17:39Z,6939,38.6,2400,2400,2400,2400,0x0,24,25,19,0.0,0.0,7061,6949,,7279,0
2026-09-18T00:17:40Z,6940,37.5,2400,2400,2400,2400,0x0,24,25,19,0.0,0.0,7061,6949,,7280,0
2026-09-18T00:17:41Z,6941,38.6,2400,2400,2400,2400,0x0,24,25,19,0.0,0.0,7061,6949,,7281,0
2026-09-18T00:17:42Z,6942,38.6,2400,2400,2400,2400,0x0,24,25,19,0.0,0.0,7061,6949,,7282,0
2026-09-18T00:17:43Z,6943,37.0,2400,2400,2400,2400,0x0,24,25,19,0.0,0.0,7061,6949,,7283,0
2026-09-18T00:17:44Z,6944,37.5,2400,2400,2400,2400,0x0,24,25,19,0.0,0.0,7061,6949,,7284,0
2026-09-18T00:17:45Z,6945,38.0,2400,2400,2400,2400,0x0,24,25,19,0.0,0.0,7061,6949,,7285,0
2026-09-18T00:17:46Z,6946,37.5,2400,2400,2400,2400,0x0,24,25,19,0.0,0.0,7061,6949,,7286,0
2026-09-18T00:17:47Z,6947,38.6,2400,2400,2400,2400,0x0,24,25,19,0.0,0.0,7061,6949,,7287,0
2026-09-18T00:17:48Z,6948,38.6,2400,2400,2400,2400,0x0,24,25,19,0.0,0.0,7061,6949,,7288,0
2026-09-18T00:17:49Z,6949,38.6,2400,2400,2400,2400,0x0,24,25,19,0.0,0.0,7061,6949,,7289,0
2026-09-18T00:17:50Z,6950,39.1,2400,2400,2400,2400,0x0,24,25,19,0.0,0.0,7061,6949,,7290,0
2026-09-18T00:17:51Z,6951,38.0,2400,2400,2400,2400,0x0,24,25,19,0.0,0.0,7061,6949,,7291,0
2026-09-18T00:17:52Z,6952,39.1,2400,2400,2400,2400,0x0,24,25,19,0.0,0.0,7061,6949,,7292,0
2026-09-18T00:17:54Z,6953,38.6,2400,2400,2400,2400,0x0,24,25,19,0.0,0.0,7061,6949,,7293,0
2026-09-18T00:17:55Z,6955,39.1,2400,2400,2400,2400,0x0,24,25,19,0.0,0.0,7061,6949,,7294,0
2026-09-18T00:17:56Z,6956,38.0,2400,2400,2400,2400,0x0,24,25,19,0.0,0.0,7061,6949,,7296,0
2026-09-18T00:17:57Z,6957,38.6,2400,2400,2400,2400,0x0,24,25,19,0.0,0.0,7061,6949,,7297,0
2026-09-18T00:17:58Z,6958,38.0,2400,2400,2400,2400,0x0,24,25,19,0.0,0.0,7061,6949,,7298,0
2026-09-18T00:17:59Z,6959,38.0,2400,2400,2400,2400,0x0,24,25,19,0.0,0.0,7061,6949,,7299,0
2026-09-18T00:18:00Z,6960,38.6,2400,2400,2400,2400,0x0,24,25,19,0.0,0.0,7061,6949,,7300,0
2026-09-18T00:18:01Z,6961,38.6,2400,2400,2400,2400,0x0,24,25,19,0.0,0.0,7061,6949,,7301,0
2026-09-18T00:18:02Z,6962,37.5,2400,2400,2400,2400,0x0,24,25,19,0.0,0.0,7061,6949,,7302,0
2026-09-18T00:18:03Z,6963,38.6,2400,2400,2400,2400,0x0,24,25,19,0.0,0.0,7061,6949,,7303,0
2026-09-18T00:18:04Z,6964,38.0,2400,2400,2400,2400,0x0,24,25,19,0.0,0.0,7061,6949,,7304,0
2026-09-18T00:18:05Z,6965,39.1,2400,2400,2400,2400,0x0,24,25,19,0.0,0.0,7061,6949,,7305,0
2026-09-18T00:18:06Z,6966,38.0,2400,2400,2400,2400,0x0,24,25,19,0.0,0.0,7061,6949,,7306,0
2026-09-18T00:18:07Z,6967,38.0,2400,2400,2400,2400,0x0,24,25,19,0.0,0.0,7061,6949,,7307,0
2026-09-18T00:18:08Z,6968,38.6,2400,2400,2400,2400,0x0,24,25,19,0.0,0.0,7061,6949,,7308,0
2026-09-18T00:18:09Z,6969,38.0,2400,2400,2400,2400,0x0,24,25,19,0.0,0.0,7061,6949,,7309,0
2026-09-18T00:18:10Z,6970,38.6,2400,2400,2400,2400,0x0,24,25,19,0.0,0.0,7061,6949,,7310,0
2026-09-18T00:18:12Z,6971,37.5,2400,2400,2400,2400,0x0,24,25,19,0.0,0.0,7061,6949,,7311,0
2026-09-18T00:18:13Z,6973,37.0,2400,2400,2400,2400,0x0,24,25,19,0.0,0.0,7061,6949,,7312,0
2026-09-18T00:18:14Z,6974,37.5,2400,2400,2400,2400,0x0,24,25,19,0.0,0.0,7061,6949,,7314,0
2026-09-18T00:18:15Z,6975,38.6,2400,2400,2400,2400,0x0,24,25,19,0.0,0.0,7061,6949,,7315,0
2026-09-18T00:18:16Z,6976,38.6,2400,2400,2400,2400,0x0,24,25,19,0.0,0.0,7061,6949,,7316,0
2026-09-18T00:18:17Z,6977,37.5,2400,2400,2400,2400,0x0,24,25,19,0.0,0.0,7061,6949,,7317,0
2026-09-18T00:18:18Z,6978,38.6,2400,2400,2400,2400,0x0,24,25,19,0.0,0.0,7061,6949,,7318,0
2026-09-18T00:18:19Z,6979,38.0,2400,2400,2400,2400,0x0,24,25,19,0.0,0.0,7061,6949,,7319,0
2026-09-18T00:18:20Z,6980,38.6,2400,2400,2400,2400,0x0,24,25,19,0.0,0.0,7061,6949,,7320,0
2026-09-18T00:18:21Z,6981,39.7,2400,2400,2400,2400,0x0,24,25,19,0.0,0.0,7061,6949,,7321,0
2026-09-18T00:18:22Z,6982,37.5,2400,2400,2400,2400,0x0,24,25,19,0.0,0.0,7061,6949,,7322,0
2026-09-18T00:18:23Z,6983,39.7,2400,2400,2400,2400,0x0,24,25,19,0.0,0.0,7061,6949,,7323,0
2026-09-18T00:18:24Z,6984,38.6,2400,2400,2400,2400,0x0,24,25,19,0.0,0.0,7061,6949,,7324,0
2026-09-18T00:18:25Z,6985,38.6,2400,2400,2400,2400,0x0,24,25,19,0.0,0.0,7061,6949,,7325,0
2026-09-18T00:18:26Z,6986,38.0,2400,2400,2400,2400,0x0,24,25,19,0.0,0.0,7061,6949,,7326,0
2026-09-18T00:18:27Z,6987,37.0,2400,2400,2400,2400,0x0,24,25,19,0.0,0.0,7061,6949,,7327,0
2026-09-18T00:18:29Z,6988,39.1,2400,2400,2400,2400,0x0,24,25,19,0.0,0.0,7061,6949,,7328,0
2026-09-18T00:18:30Z,6990,38.6,2400,2400,2400,2400,0x0,24,25,19,0.0,0.0,7061,6949,,7329,0
2026-09-18T00:18:31Z,6991,37.5,2400,2400,2400,2400,0x0,24,25,19,0.0,0.0,7061,6949,,7331,0
2026-09-18T00:18:32Z,6992,38.6,2400,2400,2400,2400,0x0,24,25,19,0.0,0.0,7061,6949,,7332,0
2026-09-18T00:18:33Z,6993,38.0,2400,2400,2400,2400,0x0,24,25,19,0.0,0.0,7061,6949,,7333,0
2026-09-18T00:18:34Z,6994,38.6,2400,2400,2400,2400,0x0,24,25,19,0.0,0.0,7061,6949,,7334,0
2026-09-18T00:18:35Z,6995,38.6,2400,2400,2400,2400,0x0,24,25,19,0.0,0.0,7061,6949,,7335,0
2026-09-18T00:18:36Z,6996,38.0,2400,2400,2400,2400,0x0,24,25,19,0.0,0.0,7061,6949,,7336,0
2026-09-18T00:18:37Z,6997,37.5,2400,2400,2400,2400,0x0,24,25,19,0.0,0.0,7061,6949,,7337,0
2026-09-18T00:18:38Z,6998,38.6,2400,2400,2400,2400,0x0,24,25,19,0.0,0.0,7061,6949,,7338,0
2026-09-18T00:18:39Z,6999,39.1,2400,2400,2400,2400,0x0,24,25,19,0.0,0.0,7061,6949,,7339,0
2026-09-18T00:18:40Z,7000,38.6,2400,2400,2400,2400,0x0,24,25,19,0.0,0.0,7061,6949,,7340,0
2026-09-18T00:18:41Z,7001,39.7,2400,2400,2400,2400,0x0,24,25,19,0.0,0.0,7061,6949,,7341,0
2026-09-18T00:18:42Z,7002,38.6,2400,2400,2400,2400,0x0,24,25,19,0.0,0.0,7061,6949,,7342,0
2026-09-18T00:18:43Z,7003,39.1,2400,2400,2400,2400,0x0,24,25,19,0.0,0.0,7061,6949,,7343,0
2026-09-18T00:18:44Z,7004,38.6,2400,2400,2400,2400,0x0,24,25,19,0.0,0.0,7061,6949,,7344,0
2026-09-18T00:18:45Z,7005,38.6,2400,2400,2400,2400,0x0,24,25,19,0.0,0.0,7061,6949,,7345,0
2026-09-18T00:18:47Z,7006,39.1,2400,2400,2400,2400,0x0,24,25,19,0.0,0.0,7061,6949,,7346,0
2026-09-18T00:18:48Z,7008,38.6,2400,2400,2400,2400,0x0,24,25,19,0.0,0.0,7061,6949,,7347,0
2026-09-18T00:18:49Z,7009,38.6,2400,2400,2400,2400,0x0,24,25,19,0.0,0.0,7061,6949,,7349,0
2026-09-18T00:18:50Z,7010,38.0,2400,2400,2400,2400,0x0,24,25,19,0.0,0.0,7061,6949,,7350,0
2026-09-18T00:18:51Z,7011,37.5,2400,2400,2400,2400,0x0,24,25,19,0.0,0.0,7061,6949,,7351,0
2026-09-18T00:18:52Z,7012,38.6,2400,2400,2400,2400,0x0,24,25,19,0.0,0.0,7061,6949,,7352,0
2026-09-18T00:18:53Z,7013,38.6,2400,2400,2400,2400,0x0,24,25,19,0.0,0.0,7061,6949,,7353,0
2026-09-18T00:18:54Z,7014,38.6,2400,2400,2400,2400,0x0,24,25,19,0.0,0.0,7061,6949,,7354,0
2026-09-18T00:18:55Z,7015,39.1,2400,2400,2400,2400,0x0,24,25,19,0.0,0.0,7061,6949,,7355,0
2026-09-18T00:18:56Z,7016,38.6,2400,2400,2400,2400,0x0,24,25,19,0.0,0.0,7061,6949,,7356,0
2026-09-18T00:18:57Z,7017,39.1,2400,2400,2400,2400,0x0,24,25,19,0.0,0.0,7061,6949,,7357,0
2026-09-18T00:18:58Z,7018,38.0,2400,2400,2400,2400,0x0,24,25,19,0.0,0.0,7061,6949,,7358,0
2026-09-18T00:18:59Z,7019,38.6,2400,2400,2400,2400,0x0,24,25,19,0.0,0.0,7061,6949,,7359,0
2026-09-18T00:19:00Z,7020,40.2,2400,2400,2400,2400,0x0,24,25,19,0.0,0.0,7061,6949,,7360,0
2026-09-18T00:19:01Z,7021,39.1,2400,2400,2400,2400,0x0,24,25,19,0.0,0.0,7061,6949,,7361,0
2026-09-18T00:19:02Z,7022,37.5,2400,2400,2400,2400,0x0,24,25,19,0.0,0.0,7061,6949,,7362,0
2026-09-18T00:19:04Z,7023,37.0,2400,2400,2400,2400,0x0,24,25,19,0.0,0.0,7061,6949,,7363,0
2026-09-18T00:19:05Z,7025,38.6,2400,2400,2400,2400,0x0,24,25,19,0.0,0.0,7061,6949,,7365,0
2026-09-18T00:19:06Z,7026,38.6,2400,2400,2400,2400,0x0,24,25,19,0.0,0.0,7061,6949,,7366,0
2026-09-18T00:19:07Z,7027,38.6,2400,2400,2400,2400,0x0,24,25,19,0.0,0.0,7061,6949,,7367,0
2026-09-18T00:19:08Z,7028,38.0,2400,2400,2400,2400,0x0,24,25,19,0.0,0.0,7061,6949,,7368,0
2026-09-18T00:19:09Z,7029,38.0,2400,2400,2400,2400,0x0,24,25,19,0.0,0.0,7061,6949,,7369,0
2026-09-18T00:19:10Z,7030,38.6,2400,2400,2400,2400,0x0,24,25,19,0.0,0.0,7061,6949,,7370,0
2026-09-18T00:19:11Z,7031,38.0,2400,2400,2400,2400,0x0,24,25,19,0.0,0.0,7061,6949,,7371,0
2026-09-18T00:19:12Z,7032,38.6,2400,2400,2400,2400,0x0,24,25,19,0.0,0.0,7061,6949,,7372,0
2026-09-18T00:19:13Z,7033,38.6,2400,2400,2400,2400,0x0,24,25,19,0.0,0.0,7061,6949,,7373,0
2026-09-18T00:19:14Z,7034,38.6,2400,2400,2400,2400,0x0,24,25,19,0.0,0.0,7061,6949,,7374,0
2026-09-18T00:19:15Z,7035,38.6,2400,2400,2400,2400,0x0,24,25,19,0.0,0.0,7061,6949,,7375,0
2026-09-18T00:19:16Z,7036,38.6,2400,2400,2400,2400,0x0,24,25,19,0.0,0.0,7061,6949,,7376,0
2026-09-18T00:19:17Z,7037,38.0,2400,2400,2400,2400,0x0,24,25,19,0.0,0.0,7061,6949,,7377,0
2026-09-18T00:19:18Z,7038,38.6,2400,2400,2400,2400,0x0,24,25,19,0.0,0.0,7061,6949,,7378,0
2026-09-18T00:19:19Z,7039,37.0,2400,2400,2400,2400,0x0,24,25,19,0.0,0.0,7061,6949,,7379,0
2026-09-18T00:19:20Z,7040,38.6,2400,2400,2400,2400,0x0,24,25,19,0.0,0.0,7061,6949,,7380,0
2026-09-18T00:19:22Z,7042,38.0,2400,2400,2400,2400,0x0,24,25,19,0.0,0.0,7061,6949,,7381,0
2026-09-18T00:19:23Z,7043,38.6,2400,2400,2400,2400,0x0,24,24,19,0.0,0.0,7061,6949,,7383,0
2026-09-18T00:19:24Z,7044,38.0,2400,2400,2400,2400,0x0,24,24,19,0.0,0.0,7061,6949,,7384,0
2026-09-18T00:19:25Z,7045,38.6,2400,2400,2400,2400,0x0,24,24,19,0.0,0.0,7061,6949,,7385,0
2026-09-18T00:19:26Z,7046,37.0,2400,2400,2400,2400,0x0,24,24,19,0.0,0.0,7061,6949,,7386,0
2026-09-18T00:19:27Z,7047,37.5,2400,2400,2400,2400,0x0,24,24,19,0.0,0.0,7061,6949,,7387,0
2026-09-18T00:19:28Z,7048,37.5,2400,2400,2400,2400,0x0,24,24,19,0.0,0.0,7061,6949,,7388,0
2026-09-18T00:19:29Z,7049,38.0,2400,2400,2400,2400,0x0,24,24,19,0.0,0.0,7061,6949,,7389,0
2026-09-18T00:19:30Z,7050,38.6,2400,2400,2400,2400,0x0,24,24,19,0.0,0.0,7061,6949,,7390,0
2026-09-18T00:19:31Z,7051,38.6,2400,2400,2400,2400,0x0,24,24,19,0.0,0.0,7061,6949,,7391,0
2026-09-18T00:19:32Z,7052,37.5,2400,2400,2400,2400,0x0,24,24,19,0.0,0.0,7061,6949,,7392,0
2026-09-18T00:19:33Z,7053,38.6,2400,2400,2400,2400,0x0,24,24,19,0.0,0.0,7061,6949,,7393,0
2026-09-18T00:19:34Z,7054,38.6,2400,2400,2400,2400,0x0,24,24,19,0.0,0.0,7061,6949,,7394,0
2026-09-18T00:19:35Z,7055,38.0,2400,2400,2400,2400,0x0,24,24,19,0.0,0.0,7061,6949,,7395,0
2026-09-18T00:19:36Z,7056,37.0,2400,2400,2400,2400,0x0,24,24,19,0.0,0.0,7061,6949,,7396,0
2026-09-18T00:19:38Z,7057,37.5,2400,2400,2400,2400,0x0,24,24,19,0.0,0.0,7061,6949,,7397,0
2026-09-18T00:19:39Z,7059,37.5,2400,2400,2400,2400,0x0,24,24,19,0.0,0.0,7061,6949,,7398,0
2026-09-18T00:19:40Z,7060,38.6,2400,2400,2400,2400,0x0,24,24,19,0.0,0.0,7061,6949,,7400,0
2026-09-18T00:19:41Z,7061,37.0,2400,2400,2400,2400,0x0,24,24,19,0.0,0.0,7061,6949,,7401,0
2026-09-18T00:19:42Z,7062,38.6,2400,2400,2400,2400,0x0,24,24,19,0.0,0.0,7061,6949,,7402,0
2026-09-18T00:19:43Z,7063,38.6,2400,2400,2400,2400,0x0,24,24,19,0.0,0.0,7061,6949,,7403,0
2026-09-18T00:19:44Z,7064,38.0,2400,2400,2400,2400,0x0,24,24,19,0.0,0.0,7061,6949,,7404,0
2026-09-18T00:19:45Z,7065,37.0,2400,2400,2400,2400,0x0,24,24,19,0.0,0.0,7061,6949,,7405,0
2026-09-18T00:19:46Z,7066,39.7,2400,2400,2400,2400,0x0,24,24,19,0.0,0.0,7061,6949,,7406,0
2026-09-18T00:19:47Z,7067,39.1,2400,2400,2400,2400,0x0,24,24,19,0.0,0.0,7061,6949,,7407,0
2026-09-18T00:19:48Z,7068,38.0,2400,2400,2400,2400,0x0,24,24,19,0.0,0.0,7061,6949,,7408,0
2026-09-18T00:19:49Z,7069,38.6,2400,2400,2400,2400,0x0,24,24,19,0.0,0.0,7061,6949,,7409,0
2026-09-18T00:19:50Z,7070,38.6,2400,2400,2400,2400,0x0,24,24,19,0.0,0.0,7061,6949,,7410,0
2026-09-18T00:19:51Z,7071,38.6,2400,2400,2400,2400,0x0,24,24,19,0.0,0.0,7061,6949,,7411,0
2026-09-18T00:19:52Z,7072,39.1,2400,2400,2400,2400,0x0,24,24,19,0.0,0.0,7061,6949,,7412,0
2026-09-18T00:19:53Z,7073,38.6,2400,2400,2400,2400,0x0,24,24,19,0.0,0.0,7061,6949,,7413,0
2026-09-18T00:19:55Z,7074,38.0,2400,2400,2400,2400,0x0,24,24,19,0.0,0.0,7061,6949,,7414,0
2026-09-18T00:19:56Z,7076,39.1,2400,2400,2400,2400,0x0,24,24,19,0.0,0.0,7061,6949,,7415,0
2026-09-18T00:19:57Z,7077,38.0,2400,2400,2400,2400,0x0,24,24,19,0.0,0.0,7061,6949,,7417,0
2026-09-18T00:19:58Z,7078,38.0,2400,2400,2400,2400,0x0,24,24,19,0.0,0.0,7061,6949,,7418,0
2026-09-18T00:19:59Z,7079,39.7,2400,2400,2400,2400,0x0,24,24,19,0.0,0.0,7061,6949,,7419,0
2026-09-18T00:20:00Z,7080,38.0,2400,2400,2400,2400,0x0,24,24,19,0.0,0.0,7061,6949,,7420,0
2026-09-18T00:20:01Z,7081,38.6,2400,2400,2400,2400,0x0,24,24,19,0.0,0.0,7061,6949,,7421,0
2026-09-18T00:20:02Z,7082,39.1,2400,2400,2400,2400,0x0,24,24,19,0.0,0.0,7061,6949,,7422,0
2026-09-18T00:20:03Z,7083,37.5,2400,2400,2400,2400,0x0,24,24,19,0.0,0.0,7061,6949,,7423,0
2026-09-18T00:20:04Z,7084,39.7,2400,2400,2400,2400,0x0,24,24,19,0.0,0.0,7061,6949,,7424,0
2026-09-18T00:20:05Z,7085,38.0,2400,2400,2400,2400,0x0,24,24,19,0.0,0.0,7061,6949,,7425,0
2026-09-18T00:20:06Z,7086,38.0,2400,2400,2400,2400,0x0,24,24,19,0.0,0.0,7061,6949,,7426,0
2026-09-18T00:20:07Z,7087,38.6,2400,2400,2400,2400,0x0,24,24,19,0.0,0.0,7061,6949,,7427,0
2026-09-18T00:20:08Z,7088,38.0,2400,2400,2400,2400,0x0,24,24,19,0.0,0.0,7061,6949,,7428,0
2026-09-18T00:20:09Z,7089,37.5,2400,2400,2400,2400,0x0,24,24,19,0.0,0.0,7061,6949,,7429,0
2026-09-18T00:20:10Z,7090,37.0,2400,2400,2400,2400,0x0,24,24,19,0.0,0.0,7061,6949,,7430,0
2026-09-18T00:20:11Z,7091,39.1,2400,2400,2400,2400,0x0,24,24,19,0.0,0.0,7061,6949,,7431,0
2026-09-18T00:20:13Z,7092,39.1,2400,2400,2400,2400,0x0,24,24,19,0.0,0.0,7061,6949,,7432,0
2026-09-18T00:20:14Z,7094,38.6,2400,2400,2400,2400,0x0,24,24,19,0.0,0.0,7061,6949,,7433,0
2026-09-18T00:20:15Z,7095,38.0,2400,2400,2400,2400,0x0,24,24,19,0.0,0.0,7061,6949,,7435,0
2026-09-18T00:20:16Z,7096,38.6,2400,2400,2400,2400,0x0,24,24,19,0.0,0.0,7061,6949,,7436,0
2026-09-18T00:20:17Z,7097,38.6,2400,2400,2400,2400,0x0,24,24,19,0.0,0.0,7061,6949,,7437,0
2026-09-18T00:20:18Z,7098,38.0,2400,2400,2400,2400,0x0,24,24,19,0.0,0.0,7061,6949,,7438,0
2026-09-18T00:20:19Z,7099,37.5,2400,2400,2400,2400,0x0,24,24,19,0.0,0.0,7061,6949,,7439,0
2026-09-18T00:20:20Z,7100,38.6,2400,2400,2400,2400,0x0,24,24,19,0.0,0.0,7061,6949,,7440,0
2026-09-18T00:20:21Z,7101,37.5,2400,2400,2400,2400,0x0,24,24,19,0.0,0.0,7061,6949,,7441,0
2026-09-18T00:20:22Z,7102,38.0,2400,2400,2400,2400,0x0,24,24,19,0.0,0.0,7061,6949,,7442,0
2026-09-18T00:20:23Z,7103,38.6,2400,2400,2400,2400,0x0,24,24,19,0.0,0.0,7061,6949,,7443,0
2026-09-18T00:20:24Z,7104,38.6,2400,2400,2400,2400,0x0,24,24,19,0.0,0.0,7061,6949,,7444,0
2026-09-18T00:20:25Z,7105,38.6,2400,2400,2400,2400,0x0,24,24,19,0.0,0.0,7061,6949,,7445,0
2026-09-18T00:20:26Z,7106,38.6,2400,2400,2400,2400,0x0,24,24,19,0.0,0.0,7061,6949,,7446,0
2026-09-18T00:20:27Z,7107,38.0,2400,2400,2400,2400,0x0,24,24,19,0.0,0.0,7061,6949,,7447,0
2026-09-18T00:20:28Z,7108,38.6,2400,2400,2400,2400,0x0,24,24,19,0.0,0.0,7061,6949,,7448,0
2026-09-18T00:20:30Z,7109,37.5,2400,2400,2400,2400,0x0,24,24,19,0.0,0.0,7061,6949,,7449,0
2026-09-18T00:20:31Z,7111,38.0,2400,2400,2400,2400,0x0,24,24,19,0.0,0.0,7061,6949,,7450,0
2026-09-18T00:20:32Z,7112,38.6,2400,2400,2400,2400,0x0,24,24,19,0.0,0.0,7061,6949,,7452,0
2026-09-18T00:20:33Z,7113,38.0,2400,2400,2400,2400,0x0,24,24,19,0.0,0.0,7061,6949,,7453,0
2026-09-18T00:20:34Z,7114,38.6,2400,2400,2400,2400,0x0,24,24,19,0.0,0.0,7061,6949,,7454,0
2026-09-18T00:20:35Z,7115,37.5,2400,2400,2400,2400,0x0,24,24,19,0.0,0.0,7061,6949,,7455,0
2026-09-18T00:20:36Z,7116,39.1,2400,2400,2400,2400,0x0,24,24,19,0.0,0.0,7061,6949,,7456,0
2026-09-18T00:20:37Z,7117,39.1,2400,2400,2400,2400,0x0,24,24,19,0.0,0.0,7061,6949,,7457,0
2026-09-18T00:20:38Z,7118,38.6,2400,2400,2400,2400,0x0,24,24,19,0.0,0.0,7061,6949,,7458,0
2026-09-18T00:20:39Z,7119,38.6,2400,2400,2400,2400,0x0,24,24,19,0.0,0.0,7061,6949,,7459,0
2026-09-18T00:20:40Z,7120,37.5,2400,2400,2400,2400,0x0,24,24,19,0.0,0.0,7061,6949,,7460,0
2026-09-18T00:20:41Z,7121,38.6,2400,2400,2400,2400,0x0,24,24,19,0.0,0.0,7061,6949,,7461,0
2026-09-18T00:20:42Z,7122,38.6,2400,2400,2400,2400,0x0,24,24,19,0.0,0.0,7061,6949,,7462,0
2026-09-18T00:20:43Z,7123,38.6,2400,2400,2400,2400,0x0,24,24,19,0.0,0.0,7061,6949,,7463,0
2026-09-18T00:20:44Z,7124,37.5,2400,2400,2400,2400,0x0,24,24,19,0.0,0.0,7061,6949,,7464,0
2026-09-18T00:20:45Z,7125,38.6,2400,2400,2400,2400,0x0,24,24,19,0.0,0.0,7061,6949,,7465,0
2026-09-18T00:20:46Z,7126,38.6,2400,2400,2400,2400,0x0,24,24,19,0.0,0.0,7061,6949,,7466,0
2026-09-18T00:20:48Z,7127,39.1,2400,2400,2400,2400,0x0,24,24,19,0.0,0.0,7061,6949,,7467,0
2026-09-18T00:20:49Z,7129,38.6,2400,2400,2400,2400,0x0,24,24,19,0.0,0.0,7061,6949,,7469,0
2026-09-18T00:20:50Z,7130,38.6,2400,2400,2400,2400,0x0,24,24,19,0.0,0.0,7061,6949,,7470,0
2026-09-18T00:20:51Z,7131,38.0,2400,2400,2400,2400,0x0,24,24,19,0.0,0.0,7061,6949,,7471,0
2026-09-18T00:20:52Z,7132,39.1,2400,2400,2400,2400,0x0,24,24,19,0.0,0.0,7061,6949,,7472,0
2026-09-18T00:20:53Z,7133,39.1,2400,2400,2400,2400,0x0,24,24,19,0.0,0.0,7061,6949,,7473,0
2026-09-18T00:20:54Z,7134,39.1,2400,2400,2400,2400,0x0,24,24,19,0.0,0.0,7061,6949,,7474,0
2026-09-18T00:20:55Z,7135,38.0,2400,2400,2400,2400,0x0,24,24,19,0.0,0.0,7061,6949,,7475,0
2026-09-18T00:20:56Z,7136,37.5,2400,2400,2400,2400,0x0,24,24,19,0.0,0.0,7061,6949,,7476,0
2026-09-18T00:20:57Z,7137,38.6,2400,2400,2400,2400,0x0,24,24,19,0.0,0.0,7061,6949,,7477,0
2026-09-18T00:20:58Z,7138,38.6,2400,2400,2400,2400,0x0,24,25,19,0.0,0.0,7061,6949,,7478,0
2026-09-18T00:20:59Z,7139,37.5,2400,2400,2400,2400,0x0,24,25,19,0.0,0.0,7061,6949,,7479,0
2026-09-18T00:21:00Z,7140,37.0,2400,2400,2400,2400,0x0,24,25,19,0.0,0.0,7061,6949,,7480,0
2026-09-18T00:21:01Z,7141,37.5,2400,2400,2400,2400,0x0,24,25,19,0.0,0.0,7061,6949,,7481,0
2026-09-18T00:21:02Z,7142,38.6,2400,2400,2400,2400,0x0,24,25,19,0.0,0.0,7061,6949,,7482,0
2026-09-18T00:21:03Z,7143,37.0,2400,2400,2400,2400,0x0,24,25,19,0.0,0.0,7061,6949,,7483,0
2026-09-18T00:21:05Z,7144,38.6,2400,2400,2400,2400,0x0,24,25,19,0.0,0.0,7061,6949,,7484,0
2026-09-18T00:21:06Z,7146,38.0,2400,2400,2400,2400,0x0,24,25,19,0.0,0.0,7061,6949,,7486,0
2026-09-18T00:21:07Z,7147,38.6,2400,2400,2400,2400,0x0,24,25,19,0.0,0.0,7061,6949,,7487,0
2026-09-18T00:21:08Z,7148,38.0,2400,2400,2400,2400,0x0,24,25,19,0.0,0.0,7061,6949,,7488,0
2026-09-18T00:21:09Z,7149,37.0,2400,2400,2400,2400,0x0,24,25,19,0.0,0.0,7061,6949,,7489,0
2026-09-18T00:21:10Z,7150,38.6,2400,2400,2400,2400,0x0,24,25,19,0.0,0.0,7061,6949,,7490,0
2026-09-18T00:21:11Z,7151,37.5,2400,2400,2400,2400,0x0,24,25,19,0.0,0.0,7061,6949,,7491,0
2026-09-18T00:21:12Z,7152,38.6,2400,2400,2400,2400,0x0,24,25,19,0.0,0.0,7061,6949,,7492,0
2026-09-18T00:21:13Z,7153,39.1,2400,2400,2400,2400,0x0,24,25,19,0.0,0.0,7061,6949,,7493,0
2026-09-18T00:21:14Z,7154,37.5,2400,2400,2400,2400,0x0,24,25,19,0.0,0.0,7061,6949,,7494,0
2026-09-18T00:21:15Z,7155,37.0,2400,2400,2400,2400,0x0,24,25,19,0.0,0.0,7061,6949,,7495,0
2026-09-18T00:21:16Z,7156,38.6,2400,2400,2400,2400,0x0,24,25,19,0.0,0.0,7061,6949,,7496,0
2026-09-18T00:21:17Z,7157,38.6,2400,2400,2400,2400,0x0,24,25,19,0.0,0.0,7061,6949,,7497,0
2026-09-18T00:21:18Z,7158,38.6,2400,2400,2400,2400,0x0,24,25,19,0.0,0.0,7061,6949,,7498,0
2026-09-18T00:21:19Z,7159,38.0,2400,2400,2400,2400,0x0,24,25,19,0.0,0.0,7061,6949,,7499,0
2026-09-18T00:21:20Z,7160,38.6,2400,2400,2400,2400,0x0,24,25,19,0.0,0.0,7061,6949,,7500,0
2026-09-18T00:21:21Z,7161,38.6,2400,2400,2400,2400,0x0,24,25,19,0.0,0.0,7061,6949,,7501,0
2026-09-18T00:21:23Z,7163,38.0,2400,2400,2400,2400,0x0,24,25,19,0.0,0.0,7061,6949,,7502,0
2026-09-18T00:21:24Z,7164,38.0,2400,2400,2400,2400,0x0,24,25,19,0.0,0.0,7061,6949,,7504,0
2026-09-18T00:21:25Z,7165,37.5,2400,2400,2400,2400,0x0,24,25,19,0.0,0.0,7061,6949,,7505,0
2026-09-18T00:21:26Z,7166,38.6,2400,2400,2400,2400,0x0,24,25,19,0.0,0.0,7061,6949,,7506,0
2026-09-18T00:21:27Z,7167,38.6,2400,2400,2400,2400,0x0,24,25,19,0.0,0.0,7061,6949,,7507,0
2026-09-18T00:21:28Z,7168,38.0,2400,2400,2400,2400,0x0,24,25,19,0.0,0.0,7061,6949,,7508,0
2026-09-18T00:21:29Z,7169,38.6,2400,2400,2400,2400,0x0,24,25,19,0.0,0.0,7061,6949,,7509,0
2026-09-18T00:21:30Z,7170,37.0,2400,2400,2400,2400,0x0,24,25,19,0.0,0.0,7061,6949,,7510,0
2026-09-18T00:21:31Z,7171,39.1,2400,2400,2400,2400,0x0,24,25,19,0.0,0.0,7061,6949,,7511,0
2026-09-18T00:21:32Z,7172,38.6,2400,2400,2400,2400,0x0,24,25,19,0.0,0.0,7061,6949,,7512,0
2026-09-18T00:21:33Z,7173,38.6,2400,2400,2400,2400,0x0,24,25,19,0.0,0.0,7061,6949,,7513,0
2026-09-18T00:21:34Z,7174,38.6,2400,2400,2400,2400,0x0,24,25,19,0.0,0.0,7061,6949,,7514,0
2026-09-18T00:21:35Z,7175,39.1,2400,2400,2400,2400,0x0,24,25,19,0.0,0.0,7061,6949,,7515,0
2026-09-18T00:21:36Z,7176,38.0,2400,2400,2400,2400,0x0,24,25,19,0.0,0.0,7061,6949,,7516,0
2026-09-18T00:21:37Z,7177,38.0,2400,2400,2400,2400,0x0,24,25,19,0.0,0.0,7061,6949,,7517,0
2026-09-18T00:21:39Z,7178,37.5,2400,2400,2400,2400,0x0,24,25,19,0.0,0.0,7061,6949,,7518,0
2026-09-18T00:21:40Z,7180,37.5,2400,2400,2400,2400,0x0,24,25,19,0.0,0.0,7061,6949,,7519,0
2026-09-18T00:21:41Z,7181,38.6,2400,2400,2400,2400,0x0,24,25,19,0.0,0.0,7061,6949,,7521,0
2026-09-18T00:21:42Z,7182,38.6,2400,2400,2400,2400,0x0,24,25,19,0.0,0.0,7061,6949,,7522,0
2026-09-18T00:21:43Z,7183,38.6,2400,2400,2400,2400,0x0,24,25,19,0.0,0.0,7061,6949,,7523,0
2026-09-18T00:21:44Z,7184,38.0,2400,2400,2400,2400,0x0,24,25,19,0.0,0.0,7061,6949,,7524,0
2026-09-18T00:21:45Z,7185,38.6,2400,2400,2400,2400,0x0,24,25,19,0.0,0.0,7061,6949,,7525,0
2026-09-18T00:21:46Z,7186,38.6,2400,2400,2400,2400,0x0,24,25,19,0.0,0.0,7061,6949,,7526,0
2026-09-18T00:21:47Z,7187,37.5,2400,2400,2400,2400,0x0,24,25,19,0.0,0.0,7061,6949,,7527,0
2026-09-18T00:21:48Z,7188,38.6,2400,2400,2400,2400,0x0,24,25,19,0.0,0.0,7061,6949,,7528,0
2026-09-18T00:21:49Z,7189,39.1,2400,2400,2400,2400,0x0,24,25,19,0.0,0.0,7061,6949,,7529,0
2026-09-18T00:21:50Z,7190,38.6,2400,2400,2400,2400,0x0,24,25,19,0.0,0.0,7061,6949,,7530,0
2026-09-18T00:21:51Z,7191,38.6,2400,2400,2400,2400,0x0,24,25,19,0.0,0.0,7061,6949,,7531,0
2026-09-18T00:21:52Z,7192,38.6,2400,2400,2400,2400,0x0,24,25,19,0.0,0.0,7061,6949,,7532,0
2026-09-18T00:21:53Z,7193,38.6,2400,2400,2400,2400,0x0,24,25,19,0.0,0.0,7061,6949,,7533,0
2026-09-18T00:21:54Z,7194,39.1,2400,2400,2400,2400,0x0,24,25,19,0.0,0.0,7061,6949,,7534,0
2026-09-18T00:21:55Z,7195,37.5,2400,2400,2400,2400,0x0,24,25,19,0.0,0.0,7061,6949,,7535,0
2026-09-18T00:21:57Z,7196,38.6,2400,2400,2400,2400,0x0,24,25,19,0.0,0.0,7061,6949,,7536,0
2026-09-18T00:21:58Z,7198,38.0,2400,2400,2400,2400,0x0,24,25,19,0.0,0.0,7061,6949,,7537,0
2026-09-18T00:21:59Z,7199,38.6,2400,2400,2400,2400,0x0,24,25,19,0.0,0.0,7061,6949,,7539,0
